Date,Longitude,Latitude,Depth,Rms,Type,Magnitude,Location,EventID
"01/08/2026 17:24:36",27.99017,40.838,6.57,0.29,"ML",2,"Marmara Denizi - [14.47 km] Marmaraereğlisi (Tekirdağ)",724491
"01/08/2026 17:03:55",29.009,40.66617,6.71,0.38,"ML",1.8,"Marmara Denizi - [04.36 km] Çınarcık (Yalova)",724490
"01/08/2026 14:45:21",27.02317,40.02333,7.05,0.27,"ML",1.5,"Çan (Çanakkale)",724484
"01/08/2026 13:42:41",29.25317,40.78367,6.81,0.15,"ML",1.3,"Marmara Denizi - [05.30 km] Tuzla (İstanbul)",724485
"01/08/2026 05:33:28",27.671,40.19617,7.05,0.73,"ML",1.6,"Gönen (Balıkesir)",724444
"01/08/2026 04:07:27",28.96983,40.638,7.02,0.46,"ML",1.1,"Marmara Denizi - [02.12 km] Çınarcık (Yalova)",724437
"31/07/2026 06:49:06",29.57583,40.13617,8.6,0.86,"ML",1.8,"İnegöl (Bursa)",724371
"29/07/2026 19:50:22",29.20433,40.43567,7.07,0.57,"ML",2.6,"Gemlik (Bursa)",724245
"29/07/2026 19:47:01",27.86967,40.32267,7,0.48,"ML",1.4,"Bandırma (Balıkesir)",724246
"28/07/2026 06:39:48",27.42517,40.3375,7,0.23,"ML",1,"Marmara Denizi - Erdek Körfezi - [04.68 km] Biga (Çanakkale)",724134
"28/07/2026 05:40:05",27.87583,40.2005,6.93,0.79,"ML",1.2,"Bandırma (Balıkesir)",724131
"28/07/2026 03:21:01",27.20967,40.4035,12.92,0.37,"ML",1.1,"Biga (Çanakkale)",724118
"27/07/2026 20:02:01",28.346,40.65833,8.2,0.42,"ML",1.6,"Marmara Denizi - [29.45 km] Karacabey (Bursa)",724067
"27/07/2026 14:29:25",27.43067,40.63083,7.12,0.29,"ML",1.3,"Marmara Denizi - [09.37 km] Marmara (Balıkesir)",724056
"27/07/2026 09:11:00",28.27278,40.89222,10.22,0.23,"ML",1.3,"Marmara Denizi - [19.40 km] Silivri (İstanbul)",724036
"27/07/2026 05:21:15",27.47683,40.8095,7,0.64,"ML",1,"Marmara Denizi - [06.73 km] Süleymanpaşa (Tekirdağ)",724025
"26/07/2026 19:00:39",29.1505,40.46917,10.57,0.79,"ML",1.4,"Gemlik (Bursa)",723981
"26/07/2026 10:47:07",29.17867,40.50633,6.88,0.24,"ML",0.9,"Gemlik (Bursa)",723942
"25/07/2026 22:54:02",29.3015,40.4795,12.78,0.35,"ML",1.7,"Orhangazi (Bursa)",723902
"25/07/2026 08:14:04",27.09017,40.323,6.14,0.25,"ML",2.4,"Biga (Çanakkale)",723868
"24/07/2026 18:05:08",29.98267,40.71783,6.99,0.21,"ML",1.2,"Başiskele (Kocaeli)",723829
"24/07/2026 16:08:56",28.629,40.82333,11.87,0.75,"ML",1.5,"Marmara Denizi - [15.94 km] Beylikdüzü (İstanbul)",723815
"24/07/2026 13:33:35",26.25,40.42733,11.01,0.25,"ML",1.7,"Ege Denizi - Saros Körfezi - [13.72 km] Eceabat (Çanakkale)",723809
"22/07/2026 23:35:23",27.23517,40.08267,6.97,0.46,"ML",1.1,"Biga (Çanakkale)",723700
"22/07/2026 23:28:02",27.63917,40.099,6.97,0.25,"ML",2.4,"Gönen (Balıkesir)",723698
"22/07/2026 09:19:59",27.49833,40.603,14.98,0.35,"ML",1.6,"Marmara Denizi - [03.76 km] Marmara (Balıkesir)",723665
"22/07/2026 07:26:50",28.81867,40.42217,7.07,0.78,"ML",1.3,"Marmara Denizi - Gemlik Körfezi - [04.04 km] Mudanya (Bursa)",723657
"22/07/2026 01:38:00",27.46917,40.5495,11.78,0.39,"ML",1.4,"Marmara Denizi - [01.47 km] Marmara (Balıkesir)",723633
"21/07/2026 16:08:19",27.74067,40.837,7,0.54,"ML",1.3,"Marmara Denizi - [20.71 km] Süleymanpaşa (Tekirdağ)",723586
"20/07/2026 23:01:56",28.17333,40.10083,7.01,0.38,"ML",1.4,"Karacabey (Bursa)",723529
"20/07/2026 13:11:02",27.96183,40.81667,7,0.56,"ML",1.8,"Marmara Denizi - [16.58 km] Marmaraereğlisi (Tekirdağ)",723491
"20/07/2026 04:56:10",29.32667,40.51889,7.47,0.72,"ML",0.9,"Orhangazi (Bursa)",723459
"20/07/2026 03:38:47",28.81317,40.40433,7,0.67,"ML",1.1,"Marmara Denizi - Gemlik Körfezi - [02.21 km] Mudanya (Bursa)",723453
"20/07/2026 01:35:04",27.94317,40.82983,8.86,0.7,"ML",2.1,"Marmara Denizi - [15.17 km] Marmaraereğlisi (Tekirdağ)",723439
"19/07/2026 16:25:11",27.43167,40.57417,15.25,0.29,"ML",1.6,"Marmara Denizi - [05.50 km] Marmara (Balıkesir)",723404
"19/07/2026 04:10:06",27.4985,40.751,10.38,0.38,"ML",1.5,"Marmara Denizi - [11.86 km] Süleymanpaşa (Tekirdağ)",723348
"18/07/2026 19:55:47",27.47083,40.72883,14.52,0.39,"ML",1.8,"Marmara Denizi - [11.77 km] Şarköy (Tekirdağ)",723319
"17/07/2026 17:46:04",27.4385,40.20167,6.97,0.66,"ML",2.1,"Biga (Çanakkale)",723208
"17/07/2026 09:16:46",29.06417,40.462,6.68,0.61,"ML",1.7,"Marmara Denizi - Gemlik Körfezi - [01.98 km] Gemlik (Bursa)",723184
"17/07/2026 00:55:54",27.04917,40.34,7,0.79,"ML",1.1,"Biga (Çanakkale)",723133
"16/07/2026 09:11:51",28.215,40.82306,13.4,0.28,"ML",1.2,"Marmara Denizi - [26.84 km] Marmaraereğlisi (Tekirdağ)",723069
"16/07/2026 01:48:24",27.144,40.53017,10.15,0.53,"ML",0.9,"Marmara Denizi - [09.33 km] Şarköy (Tekirdağ)",723044
"16/07/2026 01:45:55",27.1205,40.5285,10.18,0.45,"ML",2.9,"Marmara Denizi - [09.31 km] Şarköy (Tekirdağ)",723038
"15/07/2026 06:02:35",28.04167,40.04733,17.78,0.21,"ML",1.5,"Manyas (Balıkesir)",722984
"15/07/2026 05:10:34",27.1305,40.53317,19.19,0.3,"ML",1.5,"Marmara Denizi - [08.83 km] Şarköy (Tekirdağ)",722982
"14/07/2026 03:38:23",28.13783,40.98183,8.05,0.21,"ML",1.6,"Marmara Denizi - [10.73 km] Silivri (İstanbul)",722894
"14/07/2026 03:12:56",26.31517,40.44067,5.19,0.24,"ML",1.4,"Ege Denizi - Saros Körfezi - [12.80 km] Eceabat (Çanakkale)",722889
"14/07/2026 02:20:11",26.09733,40.3935,8.63,0.32,"ML",2.1,"Ege Denizi - [21.22 km] Eceabat (Çanakkale)",722880
"13/07/2026 22:31:23",27.4235,40.1785,6.99,0.38,"ML",1.7,"Gönen (Balıkesir)",722854
"13/07/2026 20:11:31",27.525,40.952,8.1,0.31,"ML",2.8,"Marmara Denizi - [02.80 km] Süleymanpaşa (Tekirdağ)",722844
"13/07/2026 05:19:08",28.79306,40.62556,7.05,0.36,"ML",1.4,"Marmara Denizi - [08.55 km] Armutlu (Yalova)",722795
"11/07/2026 15:05:26",26.40972,40.47583,18.38,0.17,"ML",1.8,"Ege Denizi - Saros Körfezi - [10.42 km] Gelibolu (Çanakkale)",722691
"11/07/2026 09:48:25",29.18083,40.68361,11.17,0.19,"ML",1.2,"Marmara Denizi - [03.58 km] Çınarcık (Yalova)",722666
"10/07/2026 17:16:30",27.49306,40.50028,7,0.51,"ML",1.7,"Marmara Denizi, Avşa Adası, Marmara (Balıkesir)",722592
"10/07/2026 11:33:33",28.16444,40.91556,7.45,0.47,"ML",1.2,"Marmara Denizi - [17.77 km] Silivri (İstanbul)",722578
"10/07/2026 07:14:39",27.4425,40.76833,12.26,0.32,"ML",1.3,"Marmara Denizi - [07.32 km] Şarköy (Tekirdağ)",722567
"10/07/2026 03:59:05",28.16917,40.81694,6.98,0.58,"ML",3.2,"Marmara Denizi - [24.30 km] Marmaraereğlisi (Tekirdağ)",722560
"10/07/2026 03:16:15",28.06806,40.775,6.5,0.53,"ML",2.4,"Marmara Denizi - [23.14 km] Marmaraereğlisi (Tekirdağ)",722557
"10/07/2026 01:29:41",27.99833,40.70111,7.07,0.32,"ML",1.2,"Marmara Denizi - [23.14 km] Erdek (Balıkesir)",722551
"10/07/2026 01:12:37",27.91972,40.77722,7.01,0.6,"ML",1.4,"Marmara Denizi - [21.21 km] Marmaraereğlisi (Tekirdağ)",722552
"10/07/2026 01:07:45",27.98861,40.85611,6.61,0.54,"ML",1.4,"Marmara Denizi - [12.47 km] Marmaraereğlisi (Tekirdağ)",722553
"09/07/2026 11:24:32",26.17222,40.39611,7,0.19,"ML",1.6,"Ege Denizi - [16.01 km] Eceabat (Çanakkale)",722500
"09/07/2026 04:50:07",27.65833,40.52556,7.07,0.34,"ML",1.1,"Marmara Denizi - [03.86 km] Erdek (Balıkesir)",722483
"08/07/2026 23:24:05",27.97083,40.84722,8.99,0.31,"ML",1.5,"Marmara Denizi - [13.23 km] Marmaraereğlisi (Tekirdağ)",722455
"08/07/2026 17:20:21",27.86472,40.84722,17.22,0.36,"ML",2.5,"Marmara Denizi - [14.70 km] Marmaraereğlisi (Tekirdağ)",722442
"08/07/2026 09:33:15",29.19,40.53389,7.01,0.67,"ML",0.8,"Gemlik (Bursa)",722423
"08/07/2026 04:34:14",27.77361,40.37861,6.98,0.36,"ML",1.5,"Marmara Denizi - Erdek Körfezi - [02.79 km] Erdek (Balıkesir)",722396
"07/07/2026 03:08:55",27.475,40.645,7.01,0.38,"ML",1.5,"Marmara Denizi - [06.37 km] Marmara (Balıkesir)",722319
"07/07/2026 02:33:39",28.12611,40.55333,7,0.89,"ML",1.7,"Marmara Denizi - [12.71 km] Erdek (Balıkesir)",722315
"06/07/2026 20:37:54",27.75083,40.83333,9.62,0.19,"ML",0.9,"Marmara Denizi - [21.15 km] Marmaraereğlisi (Tekirdağ)",722285
"06/07/2026 07:00:01",28.15389,40.85583,9.95,0.5,"ML",1.6,"Marmara Denizi - [20.54 km] Marmaraereğlisi (Tekirdağ)",722246
"04/07/2026 11:03:09",28.82306,40.62139,7,0.68,"ML",2,"Marmara Denizi - [06.52 km] Armutlu (Yalova)",722094
"04/07/2026 10:13:13",29.44611,40.28806,7,0.73,"ML",1.4,"Yenişehir (Bursa)",722089
"04/07/2026 08:57:16",28.83333,40.61472,6.07,0.58,"ML",2.3,"Marmara Denizi - [05.42 km] Armutlu (Yalova)",722087
"04/07/2026 08:12:05",28.8275,40.61833,17.56,0.24,"ML",1.5,"Marmara Denizi - [06.02 km] Armutlu (Yalova)",722085
"04/07/2026 07:21:29",28.79694,40.63139,7.08,0.38,"ML",1.6,"Marmara Denizi - [08.77 km] Armutlu (Yalova)",722083
"04/07/2026 06:45:49",28.82611,40.63444,12.19,0.28,"ML",1.3,"Marmara Denizi - [07.62 km] Armutlu (Yalova)",722080
"03/07/2026 01:30:53",28.13333,40.85639,8.36,0.35,"ML",1.5,"Marmara Denizi - [19.13 km] Marmaraereğlisi (Tekirdağ)",721968
"02/07/2026 22:55:38",28.16028,40.85306,7.27,0.36,"ML",1.3,"Marmara Denizi - [21.15 km] Marmaraereğlisi (Tekirdağ)",721950
"02/07/2026 22:43:55",28.70306,40.90139,6.66,0.27,"ML",1.1,"Marmara Denizi - [08.33 km] Beylikdüzü (İstanbul)",721948
"02/07/2026 14:38:22",27.77028,40.62722,7.06,0.59,"ML",1.6,"Marmara Denizi - [05.53 km] Marmara (Balıkesir)",721921
"02/07/2026 14:28:16",28.12806,40.84028,6.99,0.73,"ML",2,"Marmara Denizi - [20.00 km] Marmaraereğlisi (Tekirdağ)",721924
"02/07/2026 07:06:37",27.03361,40.40278,13.4,0.93,"ML",1.2,"Marmara Denizi - [03.30 km] Biga (Çanakkale)",721903
"30/06/2026 22:45:06",28.30278,40.36389,12.03,0.24,"ML",1.5,"Karacabey (Bursa)",721758
"30/06/2026 01:49:48",28.86056,40.42028,7.35,0.36,"ML",1,"Marmara Denizi - Gemlik Körfezi - [04.27 km] Mudanya (Bursa)",721693
"29/06/2026 06:05:36",29.13528,40.68722,11.72,0.42,"ML",1.4,"Marmara Denizi - [04.47 km] Çınarcık (Yalova)",721633
"28/06/2026 03:36:55",29.24111,40.49611,9.4,0.4,"ML",2.3,"Orhangazi (Bursa)",721530
"28/06/2026 00:47:17",29.48528,40.06833,7,0.53,"ML",1.2,"İnegöl (Bursa)",721522
"27/06/2026 14:05:06",27.47694,40.68444,8.38,0.46,"ML",2.3,"Marmara Denizi - [09.31 km] Marmara (Balıkesir)",721492
"26/06/2026 16:56:51",27.44,40.80222,7,0.86,"ML",1.5,"Marmara Denizi - [04.40 km] Süleymanpaşa (Tekirdağ)",721424
"25/06/2026 03:06:05",27.53611,40.80222,12.01,0.43,"ML",1.7,"Marmara Denizi - [09.83 km] Süleymanpaşa (Tekirdağ)",721314
"24/06/2026 23:39:18",27.45667,40.76944,13,0.38,"ML",1.4,"Marmara Denizi - [07.96 km] Süleymanpaşa (Tekirdağ)",721292
"24/06/2026 19:33:55",29.01417,40.42472,5.18,0.39,"ML",1.9,"Marmara Denizi - Gemlik Körfezi - [05.77 km] Armutlu (Yalova)",721279
"24/06/2026 16:10:43",27.59528,40.65,9.42,0.42,"ML",1.5,"Marmara Denizi, Marmara Adası, Marmara (Balıkesir)",721266
"24/06/2026 09:16:08",27.79056,40.49139,6.87,0.7,"ML",1.3,"Erdek (Balıkesir)",721245
"24/06/2026 03:07:25",28.82889,40.85167,9.54,0.21,"ML",2,"Marmara Denizi - [12.12 km] Bakırköy (İstanbul)",721221
"23/06/2026 07:00:50",27.5775,40.82917,6.96,0.47,"ML",1.3,"Marmara Denizi - [10.92 km] Süleymanpaşa (Tekirdağ)",721149
"22/06/2026 02:14:58",27.77056,40.44944,8.46,0.26,"ML",2.1,"Erdek (Balıkesir)",721041
"21/06/2026 17:00:28",28.05444,40.84,5.5,0.27,"ML",1.3,"Marmara Denizi - [16.17 km] Marmaraereğlisi (Tekirdağ)",721008
"21/06/2026 02:58:40",29.38972,40.28083,6.28,0.8,"ML",1.3,"Kestel (Bursa)",720935
"21/06/2026 01:44:56",27.4125,40.735,7,0.48,"ML",1.9,"Marmara Denizi - [06.80 km] Şarköy (Tekirdağ)",720925
"21/06/2026 01:23:43",27.41472,40.72972,12.67,0.53,"ML",2.3,"Marmara Denizi - [07.12 km] Şarköy (Tekirdağ)",720921
"20/06/2026 14:55:37",28.82111,40.85556,6.95,0.34,"ML",2.3,"Marmara Denizi - [11.68 km] Bakırköy (İstanbul)",720875
"20/06/2026 14:53:48",28.81056,40.86222,6.89,0.27,"ML",2.4,"Marmara Denizi - [11.00 km] Bakırköy (İstanbul)",720874
"20/06/2026 04:44:03",27.74306,40.79222,7.03,0.4,"ML",1.3,"Marmara Denizi - [17.08 km] Marmara (Balıkesir)",720835
"19/06/2026 23:35:46",27.49389,40.70972,12.46,0.43,"ML",1.6,"Marmara Denizi - [11.15 km] Marmara (Balıkesir)",720800
"19/06/2026 22:12:41",27.20528,40.28806,6.6,0.36,"ML",1.5,"Biga (Çanakkale)",720795
"19/06/2026 19:00:28",27.30417,40.71111,13.99,0.3,"ML",1.4,"Şarköy (Tekirdağ)",720789
"19/06/2026 15:07:12",27.76,40.7975,7.13,0.85,"ML",1.3,"Marmara Denizi - [18.24 km] Marmara (Balıkesir)",720769
"19/06/2026 10:27:48",27.40722,40.72694,7.03,0.47,"ML",2.1,"Marmara Denizi - [06.61 km] Şarköy (Tekirdağ)",720749
"19/06/2026 01:15:08",28.36806,40.71028,12.93,0.82,"ML",1.6,"Marmara Denizi - [34.63 km] Büyükçekmece (İstanbul)",720716
"18/06/2026 19:18:28",28.38028,40.63417,7,0.79,"ML",2.2,"Marmara Denizi - [27.55 km] Karacabey (Bursa)",720693
"18/06/2026 15:24:26",27.78417,40.83833,6.89,0.59,"ML",2.2,"Marmara Denizi - [19.04 km] Marmaraereğlisi (Tekirdağ)",720686
"18/06/2026 10:07:03",28.01028,40.31667,6.86,0.28,"ML",1.1,"Bandırma (Balıkesir)",720672
"18/06/2026 08:14:36",27.8025,40.81167,7.01,0.67,"ML",1.5,"Marmara Denizi - [20.58 km] Marmaraereğlisi (Tekirdağ)",720664
"18/06/2026 03:01:09",26.15806,40.41389,9.33,0.24,"ML",2.1,"Ege Denizi - [18.20 km] Eceabat (Çanakkale)",720646
"17/06/2026 20:25:46",27.83361,40.82389,6.94,0.52,"ML",2.1,"Marmara Denizi - [18.13 km] Marmaraereğlisi (Tekirdağ)",720636
"17/06/2026 15:18:57",28.51722,40.15917,7,0.43,"ML",1.3,"Mustafakemalpaşa (Bursa)",720605
"17/06/2026 02:03:13",27.7875,40.83778,6.99,0.71,"ML",1.4,"Marmara Denizi - [18.91 km] Marmaraereğlisi (Tekirdağ)",720550
"17/06/2026 01:15:01",27.48417,40.59333,12.31,0.26,"ML",1.3,"Marmara Denizi - [05.12 km] Marmara (Balıkesir)",720543
"17/06/2026 00:55:57",27.46083,40.55444,6.91,0.23,"ML",1.1,"Marmara Denizi - [02.29 km] Marmara (Balıkesir)",720544
"17/06/2026 00:37:04",27.48806,40.58639,11.33,0.34,"ML",2,"Marmara Denizi - [04.35 km] Marmara (Balıkesir)",720540
"16/06/2026 23:41:19",27.48972,40.60056,13.39,0.35,"ML",3.6,"Marmara Denizi - [04.54 km] Marmara (Balıkesir)",720538
"16/06/2026 19:19:36",27.82528,40.80972,6.74,0.34,"ML",1.7,"Marmara Denizi - [19.85 km] Marmaraereğlisi (Tekirdağ)",720526
"16/06/2026 07:40:27",28.99278,40.44167,7,0.31,"ML",1.6,"Marmara Denizi - Gemlik Körfezi - [03.16 km] Armutlu (Yalova)",720441
"16/06/2026 03:34:05",27.355,40.73972,11.23,0.58,"ML",0.9,"Marmara Denizi - [01.98 km] Şarköy (Tekirdağ)",720385
"15/06/2026 11:05:29",27.18139,40.59389,7.84,0.26,"ML",1.4,"Marmara Denizi - [04.77 km] Şarköy (Tekirdağ)",720276
"14/06/2026 14:39:02",27.40222,40.76722,9.37,0.41,"ML",1.2,"Marmara Denizi - [04.66 km] Şarköy (Tekirdağ)",720188
"14/06/2026 04:15:57",28.47639,40.34833,6.85,0.67,"ML",2,"Karacabey (Bursa)",720146
"13/06/2026 14:23:02",28.22722,40.01944,9.19,0.87,"ML",1.4,"Mustafakemalpaşa (Bursa)",720099
"13/06/2026 14:09:33",26.37556,40.48972,6.98,0.31,"ML",1.8,"Ege Denizi - Saros Körfezi - [13.38 km] Gelibolu (Çanakkale)",720100
"13/06/2026 13:56:19",29.11917,40.72861,9.6,0.63,"ML",1.9,"Marmara Denizi - [09.07 km] Çınarcık (Yalova)",720097
"13/06/2026 11:15:38",27.41778,40.72306,7.05,0.18,"ML",1.5,"Marmara Denizi - [07.59 km] Şarköy (Tekirdağ)",720081
"13/06/2026 03:25:12",28.67028,40.74139,6.87,0.26,"ML",2.2,"Marmara Denizi - [25.02 km] Armutlu (Yalova)",720050
"12/06/2026 18:25:58",27.48611,40.31861,6.77,0.17,"ML",1.3,"Marmara Denizi - Erdek Körfezi - [03.94 km] Biga (Çanakkale)",720001
"11/06/2026 16:23:01",27.3275,40.77694,7.1,0.51,"ML",1.4,"Şarköy (Tekirdağ)",719922
"10/06/2026 22:59:13",26.14139,40.41806,16.41,0.28,"ML",2.1,"Ege Denizi - [19.58 km] Eceabat (Çanakkale)",719869
"10/06/2026 22:35:57",28.01806,40.84111,5.44,0.3,"ML",1.8,"Marmara Denizi - [14.76 km] Marmaraereğlisi (Tekirdağ)",719867
"10/06/2026 16:04:33",26.37583,40.48417,7.01,0.25,"ML",1.7,"Ege Denizi - Saros Körfezi - [12.90 km] Gelibolu (Çanakkale)",719845
"10/06/2026 15:53:30",26.38694,40.48944,7,0.28,"ML",1.4,"Ege Denizi - Saros Körfezi - [12.76 km] Gelibolu (Çanakkale)",719844
"10/06/2026 15:12:36",26.37556,40.4975,11.87,0.34,"ML",1.8,"Ege Denizi - Saros Körfezi - [14.06 km] Gelibolu (Çanakkale)",719842
"10/06/2026 12:36:09",28.66778,40.0025,6,0.36,"ML",1.7,"Mustafakemalpaşa (Bursa)",719828
"10/06/2026 03:41:41",29.44139,40.7,7.09,0.22,"ML",1.3,"Marmara Denizi - İzmit Körfezi - [01.38 km] Altınova (Yalova)",719806
"09/06/2026 19:42:00",26.11139,40.39056,6.95,0.17,"ML",1.3,"Ege Denizi - [20.01 km] Eceabat (Çanakkale)",719778
"09/06/2026 13:19:39",28.70056,40.75694,7.03,0.34,"ML",2.1,"Marmara Denizi - [23.72 km] Beylikdüzü (İstanbul)",719756
"09/06/2026 12:11:22",28.71944,40.76694,6.88,0.55,"ML",1.6,"Marmara Denizi - [23.02 km] Beylikdüzü (İstanbul)",719750
"09/06/2026 01:49:36",28.86694,40.46056,6.89,0.58,"ML",1.3,"Marmara Denizi - Gemlik Körfezi - [04.16 km] Armutlu (Yalova)",719685
"08/06/2026 11:50:48",29.19778,40.19111,6.84,0.37,"ML",1.4,"Kestel (Bursa)",719651
"07/06/2026 19:41:38",28.31889,40.85833,14.45,0.51,"ML",1.3,"Marmara Denizi - [22.40 km] Büyükçekmece (İstanbul)",719595
"07/06/2026 09:48:58",27.88806,40.36056,10.84,0.41,"ML",1.4,"Bandırma (Balıkesir)",719562
"07/06/2026 06:26:00",26.15111,40.16889,8.63,0.48,"ML",1.1,"Ege Denizi - [10.38 km] Eceabat (Çanakkale)",719545
"06/06/2026 15:24:29",29.705,40.18861,7.06,0.45,"ML",1.8,"Yenişehir (Bursa)",719484
"06/06/2026 04:35:17",28.02639,40.83528,7,0.83,"ML",1.1,"Marmara Denizi - [15.61 km] Marmaraereğlisi (Tekirdağ)",719455
"05/06/2026 10:42:19",27.51694,40.49472,7,0.26,"ML",1.9,"Marmara Denizi, Avşa Adası, Marmara (Balıkesir)",719391
"05/06/2026 07:55:36",26.00472,40.4325,7,0.32,"ML",1.2,"Ege Denizi - [23.44 km] Gökçeada (Çanakkale)",719380
"05/06/2026 04:59:32",27.8925,40.84333,8.56,0.48,"ML",1.5,"Marmara Denizi - [14.45 km] Marmaraereğlisi (Tekirdağ)",719362
"05/06/2026 04:40:06",27.665,40.6425,9.78,0.42,"ML",1.1,"Marmara Denizi, Marmara Adası, Marmara (Balıkesir)",719361
"05/06/2026 03:56:14",27.86417,40.8025,11.39,0.39,"ML",1.2,"Marmara Denizi - [19.43 km] Marmaraereğlisi (Tekirdağ)",719352
"05/06/2026 01:49:09",26.95167,40.58917,6.99,0.14,"ML",0.9,"Şarköy (Tekirdağ)",719342
"05/06/2026 00:11:46",28.13972,40.83333,8.13,0.6,"ML",1.3,"Marmara Denizi - [21.24 km] Marmaraereğlisi (Tekirdağ)",719328
"04/06/2026 08:03:57",26.96028,40.62333,19.06,0.19,"ML",1.1,"Gelibolu (Çanakkale)",719262
"01/06/2026 04:40:13",29.11528,40.44306,9.67,0.5,"ML",1.2,"Marmara Denizi - Gemlik Körfezi - [01.69 km] Gemlik (Bursa)",719003
"31/05/2026 13:27:34",28.94972,40.59,10.23,0.3,"ML",2.1,"Çınarcık (Yalova)",718949
"31/05/2026 11:41:06",26.15583,40.16194,8.08,0.74,"ML",1.3,"Ege Denizi - [09.53 km] Eceabat (Çanakkale)",718942
"30/05/2026 22:12:49",28.34778,40.10917,10.14,0.35,"ML",1.9,"Karacabey (Bursa)",718860
"30/05/2026 11:47:45",26.11056,40.84083,10.92,0.37,"ML",1.2,"Evros, Anatoliki Makedonia kai Thraki (Yunanistan) - [12.42 km] Enez (Edirne)",718819
"28/05/2026 14:22:34",27.34056,40.69083,13.54,0.31,"ML",1.5,"Marmara Denizi - [03.38 km] Şarköy (Tekirdağ)",718644
"28/05/2026 11:06:44",27.32139,40.67944,7.02,0.37,"ML",1.3,"Marmara Denizi - [03.78 km] Şarköy (Tekirdağ)",718628
"28/05/2026 05:08:34",27.90528,40.80694,6.98,0.48,"ML",1.3,"Marmara Denizi - [18.21 km] Marmaraereğlisi (Tekirdağ)",718592
"27/05/2026 05:26:43",28.79,40.42806,7.05,0.98,"ML",1.1,"Marmara Denizi - Gemlik Körfezi - [04.09 km] Mudanya (Bursa)",718472
"27/05/2026 04:20:47",27.42361,40.71056,7.3,0.38,"ML",1.1,"Marmara Denizi - [08.62 km] Şarköy (Tekirdağ)",718469
"27/05/2026 02:58:46",27.09083,40.45611,9.08,0.31,"ML",1.1,"Marmara Denizi - [03.40 km] Biga (Çanakkale)",718452
"27/05/2026 00:12:20",28.05333,40.41194,5.24,0.38,"ML",1.5,"Marmara Denizi - Bandırma Körfezi - [03.99 km] Bandırma (Balıkesir)",718429
"26/05/2026 23:32:50",27.32806,40.11,7,0.28,"ML",1,"Biga (Çanakkale)",718424
"26/05/2026 02:07:42",29.20889,40.69194,9.86,0.4,"ML",1.3,"Marmara Denizi - [05.51 km] Merkez (Yalova)",718293
"26/05/2026 01:21:04",28.5925,40.09139,12.77,0.34,"ML",1.8,"Mustafakemalpaşa (Bursa)",718287
"26/05/2026 00:17:03",29.20361,40.70639,7.77,0.29,"ML",1.3,"Marmara Denizi - [06.70 km] Çınarcık (Yalova)",718285
"25/05/2026 22:46:12",27.88028,40.81222,8.67,0.34,"ML",1.8,"Marmara Denizi - [18.05 km] Marmaraereğlisi (Tekirdağ)",718273
"25/05/2026 17:18:53",28.86694,40.41889,11.73,0.27,"ML",1.4,"Marmara Denizi - Gemlik Körfezi - [04.12 km] Mudanya (Bursa)",718247
"25/05/2026 12:41:35",29.27667,40.69861,11.19,0.27,"ML",2.1,"Marmara Denizi - [04.37 km] Merkez (Yalova)",718229
"25/05/2026 04:00:28",27.63528,40.34306,7,0.73,"ML",1.1,"Marmara Denizi - Erdek Körfezi - [04.97 km] Bandırma (Balıkesir)",718180
"24/05/2026 15:32:44",27.44222,40.30528,7.01,0.78,"ML",1.4,"Biga (Çanakkale)",718118
"23/05/2026 21:08:50",27.18972,40.13472,6.97,0.75,"ML",1.2,"Biga (Çanakkale)",718024
"23/05/2026 03:37:07",28.695,40.79417,8.14,0.34,"ML",1.5,"Marmara Denizi - [19.58 km] Beylikdüzü (İstanbul)",717955
"22/05/2026 16:03:48",27.20278,40.19056,6.98,0.28,"ML",1.6,"Biga (Çanakkale)",717901
"22/05/2026 13:12:39",26.64083,40.72306,9.82,0.3,"ML",1.3,"Keşan (Edirne)",717876
"22/05/2026 04:27:23",28.44833,40.36111,7,0.12,"ML",0.8,"Karacabey (Bursa)",717840
"22/05/2026 03:51:07",29.25083,40.72083,10.93,0.36,"ML",1,"Marmara Denizi - [07.20 km] Merkez (Yalova)",717829
"21/05/2026 09:13:03",27.62722,40.12306,7.95,0.23,"ML",1.2,"Gönen (Balıkesir)",717740
"21/05/2026 08:16:26",27.54194,40.78917,7,0.69,"ML",1.2,"Marmara Denizi - [11.26 km] Süleymanpaşa (Tekirdağ)",717738
"20/05/2026 16:36:44",27.09139,40.30028,7,0.11,"ML",1.5,"Biga (Çanakkale)",717651
"19/05/2026 00:05:21",27.435,40.1375,6.97,0.34,"ML",1.8,"Gönen (Balıkesir)",717468
"18/05/2026 22:22:52",28.15,40.84,12.97,0.48,"ML",1.6,"Marmara Denizi - [21.38 km] Marmaraereğlisi (Tekirdağ)",717461
"18/05/2026 05:06:37",28.97639,40.59778,4.53,0.44,"ML",1.2,"Çınarcık (Yalova)",717374
"18/05/2026 04:23:02",27.50389,40.81778,13.46,0.51,"ML",1.2,"Marmara Denizi - [06.79 km] Süleymanpaşa (Tekirdağ)",717361
"17/05/2026 19:52:37",29.23917,40.71333,7.2,0.32,"ML",1.2,"Marmara Denizi - [06.48 km] Merkez (Yalova)",717313
"17/05/2026 11:25:13",27.205,40.18833,7,0.77,"ML",2.6,"Biga (Çanakkale)",717283
"17/05/2026 04:47:28",26.16611,40.41861,7,0.18,"ML",1.4,"Ege Denizi - [18.05 km] Eceabat (Çanakkale)",717261
"16/05/2026 11:58:22",27.14194,40.12917,6.98,0.37,"ML",1.7,"Biga (Çanakkale)",717203
"15/05/2026 23:04:41",27.57278,40.64639,15.57,0.66,"ML",1.7,"Marmara Denizi, Marmara Adası, Marmara (Balıkesir)",717144
"15/05/2026 23:00:37",27.56333,40.65194,15.16,0.63,"ML",2.6,"Marmara Denizi - [04.52 km] Marmara (Balıkesir)",717142
"15/05/2026 22:54:05",27.57278,40.66639,15.73,0.57,"ML",1.5,"Marmara Denizi - [06.31 km] Marmara (Balıkesir)",717141
"15/05/2026 18:06:08",29.48472,40.18972,7,0.67,"ML",1.6,"İnegöl (Bursa)",717127
"15/05/2026 14:05:50",27.50778,40.73389,7,0.35,"ML",1.3,"Marmara Denizi - [13.42 km] Marmara (Balıkesir)",717115
"14/05/2026 20:18:30",29.18917,40.73889,15.21,0.44,"ML",1.3,"Marmara Denizi - [09.67 km] Çınarcık (Yalova)",717027
"14/05/2026 00:53:04",27.66444,40.00528,15.05,0.47,"ML",1.6,"Gönen (Balıkesir)",716957
"13/05/2026 16:21:00",27.68722,40.80611,7.02,0.44,"ML",1.6,"Marmara Denizi - [17.20 km] Marmara (Balıkesir)",716926
"13/05/2026 13:11:06",28.11778,40.88778,7,0.23,"ML",1.4,"Marmara Denizi - [16.01 km] Marmaraereğlisi (Tekirdağ)",716907
"13/05/2026 12:56:40",27.31944,40.40111,7,0.11,"ML",0.8,"Marmara Denizi - Erdek Körfezi - [00.96 km] Biga (Çanakkale)",716905
"13/05/2026 11:45:51",27.23444,40.07833,7,0.21,"ML",1.1,"Çan (Çanakkale)",716897
"13/05/2026 10:22:43",27.70778,40.32472,6.99,0.22,"ML",1.5,"Marmara Denizi - Erdek Körfezi - [02.28 km] Bandırma (Balıkesir)",716877
"13/05/2026 06:07:01",28.45639,40.43222,6.46,0.29,"ML",1.9,"Marmara Denizi - [07.82 km] Karacabey (Bursa)",716860
"12/05/2026 15:19:10",29.37944,40.83861,12.16,0.3,"ML",1.4,"Çayırova (Kocaeli)",716805
"12/05/2026 15:13:37",28.70722,40.81222,7.01,0.84,"ML",1.7,"Marmara Denizi - [17.90 km] Beylikdüzü (İstanbul)",716799
"11/05/2026 12:10:59",27.97583,40.01972,13,0.42,"ML",0.9,"Manyas (Balıkesir)",716689
"11/05/2026 05:14:08",28.83722,40.42167,7.41,0.8,"ML",2.2,"Marmara Denizi - Gemlik Körfezi - [04.22 km] Mudanya (Bursa)",716665
"11/05/2026 00:52:44",27.21833,40.12944,7,0.27,"ML",1.2,"Biga (Çanakkale)",716637
"10/05/2026 21:20:21",28.15694,40.82333,6.68,0.62,"ML",1.7,"Marmara Denizi - [23.06 km] Marmaraereğlisi (Tekirdağ)",716616
"10/05/2026 16:21:34",27.45694,40.79278,7.03,0.57,"ML",2,"Marmara Denizi - [06.18 km] Süleymanpaşa (Tekirdağ)",716595
"10/05/2026 16:16:22",27.47389,40.78444,7,0.63,"ML",1.9,"Marmara Denizi - [07.88 km] Süleymanpaşa (Tekirdağ)",716596
"10/05/2026 12:57:02",28.73778,40.90028,7.17,0.3,"ML",1.4,"Marmara Denizi - [08.42 km] Avcılar (İstanbul)",716584
"10/05/2026 11:17:13",28.72389,40.88361,15.98,0.3,"ML",1.4,"Marmara Denizi - [10.24 km] Avcılar (İstanbul)",716573
"10/05/2026 10:31:17",28.72694,40.87306,7,0.56,"ML",1.2,"Marmara Denizi - [11.41 km] Avcılar (İstanbul)",716569
"08/05/2026 17:34:19",26.29778,40.47111,7,0.27,"ML",1.7,"Ege Denizi - Saros Körfezi - [16.43 km] Eceabat (Çanakkale)",716394
"08/05/2026 11:54:09",27.39111,40.55583,7.18,0.22,"ML",1.4,"Marmara Denizi - [08.11 km] Marmara (Balıkesir)",716359
"08/05/2026 11:39:19",27.39944,40.58972,14.68,0.58,"ML",1.9,"Marmara Denizi - [08.73 km] Marmara (Balıkesir)",716350
"08/05/2026 07:44:07",28.67222,40.77639,7.82,0.25,"ML",1.4,"Marmara Denizi - [21.22 km] Beylikdüzü (İstanbul)",716324
"07/05/2026 17:55:53",29.44972,40.23583,7,0.86,"ML",1.6,"Yenişehir (Bursa)",716250
"07/05/2026 14:23:58",28.75361,40.37583,9.95,0.45,"ML",2.1,"Mudanya (Bursa)",716236
"07/05/2026 10:25:11",28.45889,40.44111,11.6,0.64,"ML",3,"Marmara Denizi - [08.83 km] Karacabey (Bursa)",716225
"06/05/2026 19:19:48",28.63306,40.75167,11.51,0.48,"ML",1.7,"Marmara Denizi - [23.87 km] Beylikdüzü (İstanbul)",716148
"06/05/2026 18:36:05",27.955,40.8225,11.59,0.29,"ML",1.4,"Marmara Denizi - [15.93 km] Marmaraereğlisi (Tekirdağ)",716144
"06/05/2026 06:25:18",27.5025,40.79028,6.99,0.51,"ML",1.2,"Marmara Denizi - [09.43 km] Süleymanpaşa (Tekirdağ)",716103
"05/05/2026 17:56:15",27.27667,40.34333,9.33,0.38,"ML",1.5,"Biga (Çanakkale)",716016
"05/05/2026 08:49:57",29.85167,40.67194,7,0.26,"ML",1.5,"Gölcük (Kocaeli)",715968
"05/05/2026 04:59:05",28.92278,40.39667,10.02,0.39,"ML",2.2,"Marmara Denizi - Gemlik Körfezi - [04.03 km] Mudanya (Bursa)",715946
"04/05/2026 18:38:37",29.4025,40.27194,7,0.8,"ML",1.7,"Kestel (Bursa)",715897
"04/05/2026 07:22:33",28.93,40.40083,6.97,0.35,"ML",2.2,"Marmara Denizi - Gemlik Körfezi - [04.79 km] Mudanya (Bursa)",715867
"04/05/2026 04:18:47",29.22639,40.235,7.29,0.08,"ML",1.4,"Gürsu (Bursa)",715857
"02/05/2026 19:39:41",28.87222,40.42111,10.84,0.66,"ML",1.5,"Marmara Denizi - Gemlik Körfezi - [04.42 km] Mudanya (Bursa)",715681
"02/05/2026 18:06:23",29.45361,40.22306,7.14,0.37,"ML",1.4,"Kestel (Bursa)",715687
"01/05/2026 14:34:30",27.82889,40.81306,7,0.86,"ML",1.9,"Marmara Denizi - [19.39 km] Marmaraereğlisi (Tekirdağ)",715590
"01/05/2026 06:52:37",28.66194,40.06056,7.01,0.95,"ML",1.7,"Mustafakemalpaşa (Bursa)",715552
"30/04/2026 16:11:13",26.25667,40.44194,19.06,0.27,"ML",2.7,"Ege Denizi - Saros Körfezi - [14.76 km] Eceabat (Çanakkale)",715491
"30/04/2026 15:13:38",27.48917,40.72472,16.57,0.36,"ML",2.1,"Marmara Denizi - [12.85 km] Marmara (Balıkesir)",715488
"30/04/2026 11:52:11",27.01667,40.00083,6.99,1.83,"ML",1.3,"Çan (Çanakkale)",715472
"30/04/2026 09:11:18",28.37611,40.83,14.44,0.53,"ML",1.8,"Marmara Denizi - [22.43 km] Büyükçekmece (İstanbul)",715460
"30/04/2026 08:19:57",28.11667,40.84139,6.99,0.63,"ML",1.9,"Marmara Denizi - [19.23 km] Marmaraereğlisi (Tekirdağ)",715458
"29/04/2026 14:12:13",28.05667,40.83417,7,0.38,"ML",1.9,"Marmara Denizi - [16.83 km] Marmaraereğlisi (Tekirdağ)",715398
"29/04/2026 13:24:18",28.07278,40.82472,6.88,0.49,"ML",2.3,"Marmara Denizi - [18.42 km] Marmaraereğlisi (Tekirdağ)",715394
"27/04/2026 10:19:54",27.12083,40.37306,6.98,0.26,"ML",1.8,"Biga (Çanakkale)",715095
"26/04/2026 22:35:38",29.50917,40.295,10.76,0.35,"ML",1,"Yenişehir (Bursa)",715050
"26/04/2026 13:14:24",27.52417,40.40528,7,0.09,"ML",1.2,"Marmara Denizi - Erdek Körfezi - [10.34 km] Marmara (Balıkesir)",715009
"26/04/2026 04:27:41",27.8425,40.84167,11.36,0.46,"ML",1.2,"Marmara Denizi - [16.03 km] Marmaraereğlisi (Tekirdağ)",714966
"26/04/2026 03:03:08",28.73583,40.96056,7.61,0.17,"ML",1.1,"Marmara Denizi - [01.80 km] Avcılar (İstanbul)",714957
"26/04/2026 02:05:50",27.05611,40.3475,7.01,0.32,"ML",1.2,"Biga (Çanakkale)",714945
"25/04/2026 15:36:01",29.25111,40.60917,8.67,0.24,"ML",1.1,"Merkez (Yalova)",714878
"24/04/2026 21:23:37",27.43111,40.7775,11.37,0.13,"ML",0.9,"Marmara Denizi - [06.01 km] Şarköy (Tekirdağ)",714794
"24/04/2026 14:45:13",29.46028,40.23611,5.26,0.7,"ML",1.7,"Yenişehir (Bursa)",714758
"23/04/2026 04:19:06",28.135,40.04472,10.95,0.31,"ML",1.2,"Susurluk (Balıkesir)",714570
"22/04/2026 14:08:37",26.97167,40.68083,7,0.79,"ML",1.5,"Gelibolu (Çanakkale)",714493
"22/04/2026 10:38:02",28.39306,40.88,7,0.47,"ML",1.7,"Marmara Denizi - [16.84 km] Büyükçekmece (İstanbul)",714482
"21/04/2026 13:10:44",27.11,40.37528,7,0.13,"ML",1.1,"Biga (Çanakkale)",714391
"21/04/2026 05:35:00",27.94806,40.79111,6.33,0.81,"ML",1.4,"Marmara Denizi - [19.44 km] Marmaraereğlisi (Tekirdağ)",714354
"21/04/2026 02:48:48",29.07028,40.73694,7.11,0.32,"ML",1,"Marmara Denizi - [10.26 km] Çınarcık (Yalova)",714342
"20/04/2026 23:26:50",27.48556,40.80611,7,0.71,"ML",1.2,"Marmara Denizi - [07.29 km] Süleymanpaşa (Tekirdağ)",714325
"20/04/2026 09:31:38",27.72444,40.08083,7,0.07,"ML",1.1,"Gönen (Balıkesir)",714288
"20/04/2026 02:31:45",28.8675,40.85667,7.45,0.76,"ML",1.3,"Marmara Denizi - [10.67 km] Adalar (İstanbul)",714256
"19/04/2026 04:51:38",27.48528,40.71139,6.04,0.43,"ML",2.4,"Marmara Denizi - [11.59 km] Marmara (Balıkesir)",714175
"19/04/2026 03:41:59",28.85111,40.83306,14.94,0.52,"ML",1.5,"Marmara Denizi - [12.53 km] Adalar (İstanbul)",714172
"18/04/2026 15:38:01",28.87083,40.82139,7.01,0.61,"ML",2.2,"Marmara Denizi - [11.44 km] Adalar (İstanbul)",714127
"17/04/2026 22:09:12",28.10861,40.82389,13.56,0.55,"ML",2,"Marmara Denizi - [20.24 km] Marmaraereğlisi (Tekirdağ)",714058
"17/04/2026 20:23:54",27.27806,40.66,7.56,0.54,"ML",1.7,"Marmara Denizi - [03.05 km] Şarköy (Tekirdağ)",714052
"17/04/2026 06:56:56",29.26833,40.20306,5.42,0.14,"ML",1.3,"Kestel (Bursa)",714008
"16/04/2026 18:34:14",27.44556,40.70194,7,0.69,"ML",2.4,"Marmara Denizi - [10.70 km] Şarköy (Tekirdağ)",713948
"16/04/2026 18:17:17",29.1925,40.30333,7,0.61,"ML",1,"Osmangazi (Bursa)",713947
"16/04/2026 07:58:53",28.88167,40.41778,7.1,0.58,"ML",1.3,"Marmara Denizi - Gemlik Körfezi - [04.28 km] Mudanya (Bursa)",713901
"16/04/2026 03:06:02",26.29056,40.41833,6.95,0.2,"ML",1.3,"Ege Denizi - Saros Körfezi - [11.10 km] Eceabat (Çanakkale)",713874
"16/04/2026 00:47:03",28.78444,40.85139,7.82,0.36,"ML",1.1,"Marmara Denizi - [12.60 km] Bakırköy (İstanbul)",713863
"16/04/2026 00:42:12",28.78556,40.84861,6.93,0.41,"ML",1.7,"Marmara Denizi - [12.87 km] Bakırköy (İstanbul)",713862
"15/04/2026 22:16:18",28.79,40.83972,11.47,0.46,"ML",1.7,"Marmara Denizi - [13.75 km] Bakırköy (İstanbul)",713843
"15/04/2026 21:44:30",28.78639,40.85639,18.49,0.41,"ML",1.7,"Marmara Denizi - [12.02 km] Bakırköy (İstanbul)",713840
"15/04/2026 16:54:44",28.45389,40.4175,7,0.31,"ML",1.3,"Marmara Denizi - [06.18 km] Karacabey (Bursa)",713814
"15/04/2026 12:56:56",26.56139,40.01222,7,0.44,"ML",0.9,"Merkez (Çanakkale)",713793
"15/04/2026 11:22:49",27.74028,40.11056,7,0.2,"ML",1.8,"Gönen (Balıkesir)",713772
"15/04/2026 05:07:34",27.805,40.8275,14.96,0.63,"ML",2,"Marmara Denizi - [18.97 km] Marmaraereğlisi (Tekirdağ)",713753
"15/04/2026 01:17:27",28.44778,40.43722,6.01,0.34,"ML",3.5,"Marmara Denizi - [08.30 km] Karacabey (Bursa)",713727
"14/04/2026 17:53:33",26.57111,40.01,7.48,0.47,"ML",1.1,"Merkez (Çanakkale)",713684
"14/04/2026 15:42:37",28.45667,40.43556,12.04,0.56,"ML",3.9,"Marmara Denizi - [08.20 km] Karacabey (Bursa)",713672
"14/04/2026 08:20:37",27.65944,40.81667,12.84,0.47,"ML",2.2,"Marmara Denizi - [17.87 km] Süleymanpaşa (Tekirdağ)",713641
"13/04/2026 02:47:23",26.50583,40.18833,7,0.24,"ML",1.2,"Merkez (Çanakkale)",713494
"13/04/2026 00:38:24",29.33056,40.82139,6.95,0.6,"ML",1.1,"Tuzla (İstanbul)",713484
"12/04/2026 17:22:36",27.47611,40.77083,16.05,0.53,"ML",1.9,"Marmara Denizi - [08.98 km] Süleymanpaşa (Tekirdağ)",713452
"12/04/2026 11:35:02",29.18694,40.45917,7.33,0.53,"ML",1.6,"Gemlik (Bursa)",713416
"12/04/2026 06:23:32",28.135,40.82972,14.71,0.66,"ML",2,"Marmara Denizi - [21.24 km] Marmaraereğlisi (Tekirdağ)",713371
"12/04/2026 06:20:49",29.31694,40.82722,7,0.28,"ML",1.1,"Tuzla (İstanbul)",713370
"11/04/2026 10:59:03",29.27389,40.80556,7.1,0.56,"ML",1.4,"Marmara Denizi - [02.35 km] Tuzla (İstanbul)",713141
"11/04/2026 10:57:28",29.28944,40.82083,7.02,0.46,"ML",1.7,"Tuzla (İstanbul)",713140
"11/04/2026 10:26:04",29.29333,40.84194,10.5,0.33,"ML",1.4,"Tuzla (İstanbul)",713137
"11/04/2026 10:11:13",29.27694,40.81806,6.22,0.31,"ML",1.2,"Tuzla (İstanbul)",713136
"11/04/2026 10:06:06",29.30917,40.80806,7,0.49,"ML",1.2,"Marmara Denizi - [01.08 km] Tuzla (İstanbul)",713135
"11/04/2026 09:23:32",27.77611,40.81806,8.82,0.31,"ML",1.3,"Marmara Denizi - [20.90 km] Marmara (Balıkesir)",713132
"11/04/2026 09:18:37",27.42,40.16833,11.24,0.25,"ML",1.2,"Gönen (Balıkesir)",713131
"10/04/2026 18:12:04",27.7375,40.11917,7.06,0.72,"ML",1.4,"Gönen (Balıkesir)",713066
"10/04/2026 17:09:18",29.17528,40.50361,10.45,0.33,"ML",1.2,"Gemlik (Bursa)",713062
"10/04/2026 11:26:36",29.16694,40.43167,7.08,0.33,"ML",1.9,"Gemlik (Bursa)",713036
"10/04/2026 08:51:45",28.34139,40.84944,12.8,0.53,"ML",1.8,"Marmara Denizi - [22.03 km] Büyükçekmece (İstanbul)",713020
"10/04/2026 03:57:43",27.54389,40.57611,11.43,0.48,"ML",0.9,"Marmara Denizi - [01.63 km] Marmara (Balıkesir)",712999
"09/04/2026 23:51:25",29.18722,40.49056,11.35,0.27,"ML",1.4,"Gemlik (Bursa)",712973
"09/04/2026 17:34:04",29.30611,40.82222,7,0.72,"ML",1.2,"Tuzla (İstanbul)",712945
"09/04/2026 05:08:15",29.20361,40.49167,7.41,0.08,"ML",1.2,"Gemlik (Bursa)",712907
"09/04/2026 00:27:50",26.28389,40.4325,6.89,0.27,"ML",1.3,"Ege Denizi - Saros Körfezi - [12.76 km] Eceabat (Çanakkale)",712885
"09/04/2026 00:10:10",28.80806,40.41056,7,0.67,"ML",1.4,"Marmara Denizi - Gemlik Körfezi - [02.47 km] Mudanya (Bursa)",712883
"08/04/2026 06:41:18",29.31472,40.81278,7.06,0.22,"ML",1,"Marmara Denizi - [00.52 km] Tuzla (İstanbul)",712823
"08/04/2026 04:24:16",29.19944,40.675,7,0.8,"ML",0.9,"Marmara Denizi - [03.76 km] Çınarcık (Yalova)",712806
"08/04/2026 01:29:15",28.54167,40.36361,7,0.58,"ML",1.8,"Karacabey (Bursa)",712789
"07/04/2026 07:31:04",28.91722,40.43778,7.01,0.32,"ML",1.6,"Marmara Denizi - Gemlik Körfezi - [05.34 km] Armutlu (Yalova)",712709
"06/04/2026 18:20:01",28.11889,40.84444,12.15,0.27,"ML",1.1,"Marmara Denizi - [19.12 km] Marmaraereğlisi (Tekirdağ)",712602
"06/04/2026 06:15:41",29.005,40.31139,6.96,0.44,"ML",1,"Osmangazi (Bursa)",712539
"05/04/2026 05:37:02",28.95389,40.63111,12.87,0.49,"ML",1.2,"Marmara Denizi - [01.13 km] Çınarcık (Yalova)",712415
"05/04/2026 04:27:32",28.29806,40.77,9.27,0.45,"ML",2.2,"Marmara Denizi - [31.43 km] Büyükçekmece (İstanbul)",712407
"04/04/2026 20:43:01",27.87861,40.34,5.09,0.2,"ML",1.3,"Bandırma (Balıkesir)",712366
"03/04/2026 14:35:25",29.0225,40.62556,7,0.45,"ML",1.4,"Çınarcık (Yalova)",712251
"02/04/2026 00:42:00",27.57139,40.79611,6.95,0.59,"ML",2.4,"Marmara Denizi - [12.44 km] Süleymanpaşa (Tekirdağ)",712105
"01/04/2026 18:02:20",27.76222,40.78472,13.14,0.57,"ML",1.8,"Marmara Denizi - [17.10 km] Marmara (Balıkesir)",712085
"01/04/2026 12:31:39",29.71806,40.97472,6.62,0.17,"ML",1,"Gebze (Kocaeli)",712055
"01/04/2026 08:13:13",27.965,40.79694,6.98,0.41,"ML",1.3,"Marmara Denizi - [18.78 km] Marmaraereğlisi (Tekirdağ)",712034
"01/04/2026 08:08:41",27.93361,40.80556,6.99,0.31,"ML",1.9,"Marmara Denizi - [17.93 km] Marmaraereğlisi (Tekirdağ)",712033
"31/03/2026 20:00:35",27.57972,40.38306,6.93,0.41,"ML",0.7,"Marmara Denizi - Erdek Körfezi - [09.66 km] Erdek (Balıkesir)",711969
"30/03/2026 13:34:48",28.1575,40.82639,7.14,0.39,"MW",3.3,"Marmara Denizi - [22.86 km] Marmaraereğlisi (Tekirdağ)",711814
"30/03/2026 10:42:59",29.95667,40.2525,13.49,0.62,"ML",1.3,"Merkez (Bilecik)",711803
"30/03/2026 07:23:17",26.98278,40.20111,7.01,0.47,"ML",1.4,"Biga (Çanakkale)",711789
"29/03/2026 22:29:03",28.93778,40.55056,7,0.59,"ML",1.5,"Armutlu (Yalova)",711738
"29/03/2026 20:40:12",28.91667,40.60389,7.07,0.29,"ML",1.5,"Marmara Denizi - [01.04 km] Çınarcık (Yalova)",711736
"29/03/2026 20:37:11",28.9475,40.60583,7,0.41,"ML",1.6,"Çınarcık (Yalova)",711735
"29/03/2026 20:29:41",28.92583,40.5975,7.81,0.41,"ML",1.9,"Çınarcık (Yalova)",711734
"29/03/2026 19:36:35",28.98694,40.60111,7,0.41,"ML",2.1,"Çınarcık (Yalova)",711726
"28/03/2026 16:51:02",26.32167,40.44472,7,0.33,"ML",1.6,"Ege Denizi - Saros Körfezi - [13.15 km] Eceabat (Çanakkale)",711610
"28/03/2026 11:09:55",26.99194,40.04028,6.97,0.88,"ML",1.7,"Çan (Çanakkale)",711591
"27/03/2026 22:45:03",27.41333,40.60472,7.15,0.55,"ML",1.4,"Marmara Denizi - [08.88 km] Marmara (Balıkesir)",711552
"27/03/2026 09:26:29",26.31972,40.45861,12.02,0.27,"ML",2.2,"Ege Denizi - Saros Körfezi - [14.70 km] Eceabat (Çanakkale)",711514
"27/03/2026 08:44:57",26.31,40.43389,7,0.33,"ML",1.2,"Ege Denizi - Saros Körfezi - [12.17 km] Eceabat (Çanakkale)",711512
"27/03/2026 07:04:00",26.31028,40.46139,11.62,0.31,"ML",2.2,"Ege Denizi - Saros Körfezi - [15.14 km] Eceabat (Çanakkale)",711500
"27/03/2026 06:20:50",26.28611,40.44583,6.17,0.43,"ML",1.3,"Ege Denizi - Saros Körfezi - [14.05 km] Eceabat (Çanakkale)",711492
"27/03/2026 06:05:50",26.32583,40.45333,6.98,0.39,"ML",1.5,"Ege Denizi - Saros Körfezi - [14.05 km] Eceabat (Çanakkale)",711491
"27/03/2026 02:27:03",27.53,40.72167,12.6,0.25,"ML",1,"Marmara Denizi - [11.82 km] Marmara (Balıkesir)",711460
"26/03/2026 23:52:31",27.65222,40.79,7,0.27,"ML",1.2,"Marmara Denizi - [15.24 km] Marmara (Balıkesir)",711454
"26/03/2026 22:21:26",27.74944,40.82583,6.87,0.47,"ML",2.2,"Marmara Denizi - [20.72 km] Marmara (Balıkesir)",711441
"26/03/2026 01:41:15",28.06778,40.42083,7.09,0.46,"ML",1.6,"Marmara Denizi - Bandırma Körfezi - [05.13 km] Bandırma (Balıkesir)",711338
"24/03/2026 13:19:23",27.72056,40.01222,7,0.26,"ML",1.1,"Gönen (Balıkesir)",711200
"24/03/2026 07:49:55",29.15111,40.7725,7,0.08,"ML",1.1,"Marmara Denizi - [08.69 km] Adalar (İstanbul)",711169
"24/03/2026 07:13:59",29.12083,40.76889,7.03,0.3,"ML",1.4,"Marmara Denizi - [09.31 km] Adalar (İstanbul)",711166
"24/03/2026 06:17:06",26.49,40.4725,9.25,0.33,"ML",1.5,"Ege Denizi - Saros Körfezi - [06.56 km] Gelibolu (Çanakkale)",711161
"24/03/2026 05:19:05",29.13444,40.77722,11.94,0.34,"ML",1.3,"Marmara Denizi - [08.21 km] Adalar (İstanbul)",711154
"24/03/2026 01:11:15",29.03778,40.62528,7.57,0.54,"ML",1.4,"Çınarcık (Yalova)",711129
"23/03/2026 09:56:52",27.1775,40.22306,7,0.25,"ML",1.1,"Biga (Çanakkale)",711071
"22/03/2026 23:10:50",28.30194,40.17833,6.98,0.58,"ML",1.8,"Karacabey (Bursa)",711020
"21/03/2026 08:03:46",27.72639,40.83861,7,0.72,"ML",2,"Marmara Denizi - [19.89 km] Süleymanpaşa (Tekirdağ)",710847
"20/03/2026 12:28:24",27.6525,40.54194,7.92,0.74,"ML",1.7,"Marmara Denizi - [05.43 km] Erdek (Balıkesir)",710752
"19/03/2026 13:05:03",29.07472,40.61917,8.65,0.62,"ML",1.5,"Çınarcık (Yalova)",710619
"19/03/2026 10:29:18",28.18417,40.85306,7.05,0.63,"ML",1.7,"Marmara Denizi - [22.80 km] Marmaraereğlisi (Tekirdağ)",710603
"19/03/2026 06:41:07",29.04167,40.75611,6.9,0.65,"ML",1.8,"Marmara Denizi - [12.71 km] Çınarcık (Yalova)",710574
"18/03/2026 18:41:34",27.73528,40.32778,7.25,0.64,"ML",1.5,"Marmara Denizi - Erdek Körfezi - [03.27 km] Bandırma (Balıkesir)",710530
"18/03/2026 18:25:04",29.3575,40.7,7,0.53,"ML",1.7,"Marmara Denizi - İzmit Körfezi - [03.63 km] Çiftlikköy (Yalova)",710531
"18/03/2026 12:43:50",28.7875,40.01,11.96,0.78,"ML",1.4,"Mustafakemalpaşa (Bursa)",710524
"18/03/2026 04:55:17",27.52944,40.48722,9.98,0.55,"ML",2.1,"Marmara Denizi, Avşa Adası, Marmara (Balıkesir)",710502
"18/03/2026 02:11:28",29.39167,40.72778,11.37,0.45,"ML",1.3,"Marmara Denizi - İzmit Körfezi - [02.96 km] Darıca (Kocaeli)",710473
"18/03/2026 00:39:50",29.85,40.11139,4.18,0.27,"ML",1.5,"Merkez (Bilecik)",710463
"17/03/2026 21:05:23",29.21778,40.4575,7,0.43,"ML",1.3,"Gemlik (Bursa)",710446
"17/03/2026 17:45:54",29.21083,40.36944,6.99,0.49,"ML",1.2,"Gemlik (Bursa)",710427
"17/03/2026 17:04:30",27.13111,40.49278,7.54,0.48,"ML",2.2,"Marmara Denizi - [06.50 km] Biga (Çanakkale)",710424
"17/03/2026 12:40:47",27.83722,40.56222,7,0.41,"ML",1.7,"Marmara Denizi - [06.00 km] Erdek (Balıkesir)",710403
"15/03/2026 04:42:55",27.15056,40.35306,8.62,0.28,"ML",1.4,"Biga (Çanakkale)",710138
"15/03/2026 00:16:44",29.22139,40.70861,7,0.19,"ML",1.7,"Marmara Denizi - [06.45 km] Merkez (Yalova)",710117
"14/03/2026 19:00:56",27.42472,40.77278,7.31,0.62,"ML",2.7,"Marmara Denizi - [05.76 km] Şarköy (Tekirdağ)",710092
"14/03/2026 07:49:15",27.0875,40.41083,7.01,0.61,"ML",2.4,"Biga (Çanakkale)",710043
"14/03/2026 07:47:32",27.12167,40.39944,7,0.61,"ML",1.4,"Biga (Çanakkale)",710044
"14/03/2026 01:32:03",27.54056,40.50306,7.02,0.69,"ML",1.2,"Marmara Denizi - [01.49 km] Marmara (Balıkesir)",710012
"13/03/2026 18:54:37",27.44278,40.78278,9.03,0.2,"ML",1.6,"Marmara Denizi - [06.07 km] Süleymanpaşa (Tekirdağ)",709976
"12/03/2026 18:26:11",27.80417,40.81944,6.91,0.68,"ML",2.6,"Marmara Denizi - [19.76 km] Marmaraereğlisi (Tekirdağ)",709784
"11/03/2026 22:44:58",27.51083,40.35194,13.17,0.22,"ML",1.7,"Marmara Denizi - Erdek Körfezi - [08.16 km] Biga (Çanakkale)",709704
"11/03/2026 16:02:07",27.49222,40.68861,6.09,0.39,"ML",0.9,"Marmara Denizi - [09.05 km] Marmara (Balıkesir)",709670
"11/03/2026 14:12:18",26.3925,40.34389,12.56,0.34,"ML",2.9,"Eceabat (Çanakkale)",709657
"11/03/2026 07:54:15",28.12083,40.05361,6.74,0.14,"ML",0.9,"Susurluk (Balıkesir)",709613
"10/03/2026 23:33:16",28.59361,40.68889,6.46,0.85,"ML",1.6,"Marmara Denizi - [26.48 km] Armutlu (Yalova)",709569
"10/03/2026 19:17:25",27.38111,40.37194,8.2,0.21,"ML",2.1,"Marmara Denizi - Erdek Körfezi - [06.74 km] Biga (Çanakkale)",709544
"10/03/2026 14:15:56",27.51944,40.68389,10.72,0.41,"ML",1.5,"Marmara Denizi - [07.78 km] Marmara (Balıkesir)",709522
"10/03/2026 11:47:42",27.38833,40.35333,6.99,0.14,"ML",1.4,"Marmara Denizi - Erdek Körfezi - [04.93 km] Biga (Çanakkale)",709500
"10/03/2026 11:43:02",27.38556,40.3775,7,0.38,"ML",1.8,"Marmara Denizi - Erdek Körfezi - [06.69 km] Biga (Çanakkale)",709498
"08/03/2026 22:56:56",28.14611,40.8425,6.46,0.52,"ML",1.2,"Marmara Denizi - [20.95 km] Marmaraereğlisi (Tekirdağ)",709193
"08/03/2026 05:42:33",29.25722,40.70056,11.55,0.18,"ML",1.4,"Marmara Denizi - [04.95 km] Merkez (Yalova)",709135
"08/03/2026 03:20:15",29.29,40.7025,5.98,0.5,"ML",1.8,"Marmara Denizi - [04.71 km] Merkez (Yalova)",709126
"08/03/2026 02:24:46",27.6375,40.0325,6.97,0.68,"ML",2,"Gönen (Balıkesir)",709120
"07/03/2026 22:20:21",28.76472,40.03944,13.01,0.3,"ML",2.7,"Orhaneli (Bursa)",709107
"07/03/2026 19:36:23",28.49167,40.30639,7,0.91,"ML",1.5,"Karacabey (Bursa)",709092
"07/03/2026 16:22:21",28.46694,40.35833,7,0.34,"ML",2.1,"Karacabey (Bursa)",709085
"07/03/2026 12:42:14",26.92583,40.0575,6.46,0.36,"ML",1.6,"Çan (Çanakkale)",709080
"07/03/2026 10:05:40",27.97639,40.81583,6.81,0.7,"ML",2.1,"Marmara Denizi - [16.74 km] Marmaraereğlisi (Tekirdağ)",709075
"06/03/2026 23:58:32",28.18194,40.82111,6.72,1.39,"ML",1.3,"Marmara Denizi - [24.79 km] Marmaraereğlisi (Tekirdağ)",709034
"06/03/2026 22:47:07",28.8875,40.40611,7,0.31,"ML",1.1,"Marmara Denizi - Gemlik Körfezi - [03.07 km] Mudanya (Bursa)",709032
"06/03/2026 21:51:37",28.93028,40.40139,7,0.71,"ML",2.1,"Marmara Denizi - Gemlik Körfezi - [04.85 km] Mudanya (Bursa)",709024
"06/03/2026 12:18:39",27.50583,40.67472,6.54,0.59,"ML",1.3,"Marmara Denizi - [07.17 km] Marmara (Balıkesir)",708964
"06/03/2026 03:47:44",26.32278,40.41778,6.93,0.37,"ML",1.1,"Ege Denizi - Saros Körfezi - [10.18 km] Eceabat (Çanakkale)",708917
"05/03/2026 23:55:37",27.40056,40.73556,13.4,0.34,"ML",1.1,"Marmara Denizi - [05.80 km] Şarköy (Tekirdağ)",708890
"05/03/2026 02:13:19",27.90083,40.80722,7.03,0.6,"ML",1.4,"Marmara Denizi - [18.28 km] Marmaraereğlisi (Tekirdağ)",708802
"04/03/2026 13:38:51",28.62583,40.12583,7,0.53,"ML",1.2,"Ulubat Gölü - [02.89 km] Mustafakemalpaşa (Bursa)",708758
"04/03/2026 11:30:11",29.97972,40.3225,7,0.58,"ML",1.4,"Osmaneli (Bilecik)",708746
"04/03/2026 09:10:39",27.24056,40.18833,6.92,0.26,"ML",1.1,"Biga (Çanakkale)",708734
"03/03/2026 16:16:35",27.55361,40.52278,7,0.3,"ML",1.4,"Marmara Denizi - [03.68 km] Marmara (Balıkesir)",708665
"01/03/2026 17:08:19",26.34,40.41806,7,0.11,"ML",1.2,"Ege Denizi - Saros Körfezi - [10.04 km] Eceabat (Çanakkale)",708464
"28/02/2026 23:20:00",27.085,40.56056,7.39,0.46,"ML",1.8,"Marmara Denizi - [06.15 km] Şarköy (Tekirdağ)",708364
"28/02/2026 18:25:41",27.66917,40.75528,7,0.76,"ML",1.4,"Marmara Denizi - [11.42 km] Marmara (Balıkesir)",708343
"28/02/2026 05:58:37",27.1575,40.56778,10.41,0.31,"ML",1.5,"Marmara Denizi - [05.83 km] Şarköy (Tekirdağ)",708300
"27/02/2026 18:11:21",29.41028,40.2375,7,0.64,"ML",1,"Kestel (Bursa)",708268
"27/02/2026 05:43:51",27.92056,40.83083,7,0.66,"ML",2,"Marmara Denizi - [15.34 km] Marmaraereğlisi (Tekirdağ)",708206
"26/02/2026 14:05:13",28.75806,40.25861,9.56,0.43,"ML",1.4,"Nilüfer (Bursa)",708152
"26/02/2026 02:25:15",28.00861,40.84861,7.87,0.43,"ML",2,"Marmara Denizi - [13.71 km] Marmaraereğlisi (Tekirdağ)",708104
"25/02/2026 18:22:36",28.76222,40.03417,7,0.66,"ML",1.7,"Mustafakemalpaşa (Bursa)",708081
"25/02/2026 02:59:42",28.6075,40.72028,7,0.44,"ML",1.4,"Marmara Denizi - [27.37 km] Armutlu (Yalova)",708016
"25/02/2026 02:47:53",27.05417,40.26083,11.65,0.34,"ML",1.3,"Biga (Çanakkale)",708012
"24/02/2026 17:51:55",29.44194,40.21944,9.55,0.26,"ML",1.2,"Kestel (Bursa)",707965
"24/02/2026 10:50:27",27.03222,40.0075,7.13,0.9,"ML",1.4,"Çan (Çanakkale)",707929
"23/02/2026 21:40:01",29.03139,40.17556,13.77,0.15,"ML",1.2,"Osmangazi (Bursa)",707859
"23/02/2026 06:54:16",27.90972,40.03722,13.46,0.23,"ML",1.6,"Manyas (Balıkesir)",707792
"21/02/2026 13:12:55",29.4875,40.19778,7.06,0.37,"ML",1.4,"İnegöl (Bursa)",707586
"21/02/2026 01:55:03",27.51611,40.50528,11.98,0.65,"ML",1.4,"Marmara Denizi, Avşa Adası, Marmara (Balıkesir)",707526
"21/02/2026 01:43:24",27.52222,40.47306,5.59,0.47,"ML",2,"Marmara Denizi - [02.82 km] Marmara (Balıkesir)",707525
"20/02/2026 18:38:06",27.54444,40.74389,17.31,0.87,"ML",1.7,"Marmara Denizi - [13.92 km] Marmara (Balıkesir)",707485
"19/02/2026 23:28:41",27.42167,40.17278,6.98,0.26,"ML",2.1,"Gönen (Balıkesir)",707410
"19/02/2026 19:22:46",28.39861,40.34528,7,0.4,"ML",1.3,"Karacabey (Bursa)",707393
"19/02/2026 14:42:16",27.59528,40.67556,7,0.47,"ML",1.8,"Marmara Denizi - [05.85 km] Marmara (Balıkesir)",707374
"19/02/2026 08:31:04",28.66889,40.85611,7.03,0.36,"ML",1.9,"Marmara Denizi - [12.41 km] Beylikdüzü (İstanbul)",707350
"19/02/2026 04:46:24",28.67917,40.85306,6.98,0.28,"ML",2.3,"Marmara Denizi - [12.91 km] Beylikdüzü (İstanbul)",707325
"19/02/2026 00:02:52",27.65167,40.60139,7.57,0.61,"ML",1.5,"Marmara Denizi, Marmara Adası, Marmara (Balıkesir)",707301
"18/02/2026 23:09:24",28.37639,40.39944,12.56,0.37,"ML",2.3,"Marmara Denizi - [02.59 km] Karacabey (Bursa)",707292
"18/02/2026 22:43:13",28.39139,40.39194,11.5,0.44,"ML",2.8,"Karacabey (Bursa)",707289
"18/02/2026 17:24:47",27.3875,40.755,7,0.62,"ML",1.2,"Marmara Denizi - [04.64 km] Şarköy (Tekirdağ)",707272
"18/02/2026 06:44:46",28.36194,40.38611,12.75,0.33,"ML",2.5,"Karacabey (Bursa)",707199
"17/02/2026 12:53:55",28.11917,40.06944,7,0.1,"ML",1.4,"Susurluk (Balıkesir)",707130
"16/02/2026 06:01:50",28.07194,40.83333,6.98,0.56,"ML",1.8,"Marmara Denizi - [17.58 km] Marmaraereğlisi (Tekirdağ)",706995
"15/02/2026 02:09:46",27.88583,40.86944,6.45,0.6,"ML",1.4,"Marmara Denizi - [11.79 km] Marmaraereğlisi (Tekirdağ)",706896
"14/02/2026 18:17:02",29.215,40.4925,8.34,0.31,"ML",1.6,"Gemlik (Bursa)",706863
"14/02/2026 16:02:08",28.71722,40.02389,7.13,0.39,"ML",1.4,"Mustafakemalpaşa (Bursa)",706847
"14/02/2026 14:34:52",28.74306,40.04917,11.22,0.36,"ML",3.5,"Mustafakemalpaşa (Bursa)",706842
"14/02/2026 08:44:13",27.64944,40.62639,11.79,0.44,"ML",2.3,"Marmara Denizi, Marmara Adası, Marmara (Balıkesir)",706815
"13/02/2026 17:31:14",27.68472,40.51806,6.6,0.38,"ML",1.4,"Marmara Denizi - [01.64 km] Erdek (Balıkesir)",706752
"11/02/2026 17:26:55",28.74222,40.06194,11.66,0.6,"ML",1.5,"Mustafakemalpaşa (Bursa)",706576
"11/02/2026 17:25:06",28.75194,40.04611,12.22,0.47,"ML",2.3,"Mustafakemalpaşa (Bursa)",706575
"11/02/2026 16:47:46",27.05194,40.29528,10.07,0.51,"ML",1.2,"Biga (Çanakkale)",706572
"11/02/2026 16:12:57",27.03611,40.305,9.91,0.28,"ML",1.3,"Biga (Çanakkale)",706565
"11/02/2026 10:10:29",28.28389,40.66972,10.38,0.49,"ML",2,"Marmara Denizi - [30.22 km] Karacabey (Bursa)",706530
"10/02/2026 17:48:38",29.95639,40.185,6.21,0.16,"ML",1.3,"Merkez (Bilecik)",706455
"10/02/2026 09:18:12",28.69,40.85528,12.53,0.43,"ML",1.8,"Marmara Denizi - [12.91 km] Beylikdüzü (İstanbul)",706424
"09/02/2026 16:48:59",27.62111,40.62694,11.62,0.38,"ML",1.7,"Marmara Denizi, Marmara Adası, Marmara (Balıkesir)",706333
"09/02/2026 12:18:55",27.77444,40.82528,7,0.88,"ML",1.2,"Marmara Denizi - [20.68 km] Marmaraereğlisi (Tekirdağ)",706315
"09/02/2026 11:43:33",27.70167,40.78944,7.25,0.65,"ML",2.9,"Marmara Denizi - [15.62 km] Marmara (Balıkesir)",706317
"09/02/2026 03:34:56",27.71417,40.8,7.01,0.85,"ML",1.3,"Marmara Denizi - [17.03 km] Marmara (Balıkesir)",706284
"09/02/2026 01:32:48",28.73611,40.83056,6.98,0.47,"ML",1.4,"Marmara Denizi - [16.14 km] Avcılar (İstanbul)",706274
"07/02/2026 01:06:42",28.725,40.86806,12.02,0.57,"ML",1.7,"Marmara Denizi - [11.96 km] Avcılar (İstanbul)",706075
"07/02/2026 00:15:36",28.63611,40.12611,7,0.49,"ML",1.6,"Ulubat Gölü - [02.19 km] Mustafakemalpaşa (Bursa)",706076
"06/02/2026 23:15:37",28.06028,40.86778,6.19,0.23,"ML",1.4,"Marmara Denizi - [13.89 km] Marmaraereğlisi (Tekirdağ)",706071
"06/02/2026 13:16:37",27.72861,40.79694,7.29,0.67,"ML",1.5,"Marmara Denizi - [17.09 km] Marmara (Balıkesir)",706030
"05/02/2026 23:35:07",28.70361,40.91028,13.3,0.3,"ML",1.6,"Marmara Denizi - [07.36 km] Avcılar (İstanbul)",705936
"05/02/2026 16:12:57",28.31278,40.85917,12.34,0.84,"ML",2,"Marmara Denizi - [22.54 km] Silivri (İstanbul)",705894
"05/02/2026 00:14:47",27.54472,40.49333,5.32,0.58,"ML",1.2,"Marmara Denizi - [01.84 km] Marmara (Balıkesir)",705819
"04/02/2026 17:41:42",27.7125,40.85222,7.03,0.88,"ML",1.4,"Marmara Denizi - [17.98 km] Süleymanpaşa (Tekirdağ)",705785
"04/02/2026 15:37:13",28.32361,40.84972,7.03,0.65,"ML",2.3,"Marmara Denizi - [22.89 km] Büyükçekmece (İstanbul)",705782
"04/02/2026 13:10:12",29.41306,40.25778,7,0.06,"ML",1.4,"Yenişehir (Bursa)",705767
"04/02/2026 10:07:23",29.3175,40.22222,7,0.56,"ML",1.7,"Kestel (Bursa)",705753
"04/02/2026 10:05:46",29.34833,40.20361,7.3,0.3,"ML",2.8,"Kestel (Bursa)",705752
"04/02/2026 10:01:05",27.35194,40.7425,13.91,0.43,"ML",3,"Marmara Denizi - [01.63 km] Şarköy (Tekirdağ)",705750
"04/02/2026 07:40:17",28.13861,40.81306,6.72,0.33,"ML",1.6,"Marmara Denizi - [22.80 km] Marmaraereğlisi (Tekirdağ)",705740
"03/02/2026 15:42:18",27.38333,40.73389,7.1,0.46,"ML",2.1,"Marmara Denizi - [04.45 km] Şarköy (Tekirdağ)",705676
"03/02/2026 14:57:06",27.70417,40.21694,7,0.31,"ML",0.8,"Gönen (Balıkesir)",705673
"01/02/2026 10:12:27",26.05889,40.50944,25.65,0.88,"ML",1.6,"Ege Denizi - [15.18 km] Enez (Edirne)",705458
"01/02/2026 02:38:30",28.87833,40.42028,7,0.95,"ML",1.2,"Marmara Denizi - Gemlik Körfezi - [04.45 km] Mudanya (Bursa)",705412
"01/02/2026 02:12:37",27.46139,40.75361,11.79,0.7,"ML",1.9,"Marmara Denizi - [09.51 km] Şarköy (Tekirdağ)",705407
"01/02/2026 01:30:23",28.90278,40.45972,7,0.77,"ML",1.4,"Marmara Denizi - Gemlik Körfezi - [03.64 km] Armutlu (Yalova)",705404
"31/01/2026 07:46:51",29.01556,40.20333,7.21,0.07,"ML",1,"Osmangazi (Bursa)",705319
"31/01/2026 04:27:26",27.175,40.5075,8.39,0.42,"ML",1.4,"Marmara Denizi - [07.45 km] Biga (Çanakkale)",705283
"30/01/2026 22:31:46",27.95778,40.7925,6.98,0.4,"ML",2,"Marmara Denizi - [19.26 km] Marmaraereğlisi (Tekirdağ)",705248
"30/01/2026 17:33:18",27.005,40.31056,7,0.26,"ML",1.3,"Lapseki (Çanakkale)",705222
"30/01/2026 15:53:54",27.42917,40.77861,7,0.44,"ML",1.7,"Marmara Denizi - [05.81 km] Şarköy (Tekirdağ)",705219
"30/01/2026 15:36:04",29.14361,40.59528,12.83,0.3,"ML",1.7,"Çınarcık (Yalova)",705215
"30/01/2026 09:50:49",27.45222,40.805,6.65,0.5,"ML",1.9,"Marmara Denizi - [05.13 km] Süleymanpaşa (Tekirdağ)",705186
"30/01/2026 05:04:51",27.35528,40.2725,11.59,0.36,"ML",2.4,"Biga (Çanakkale)",705163
"29/01/2026 22:56:46",27.1875,40.50778,11.04,0.18,"ML",1.5,"Marmara Denizi - [07.59 km] Biga (Çanakkale)",705145
"29/01/2026 22:06:41",28.33417,40.83139,14.16,0.32,"ML",2,"Marmara Denizi - [24.03 km] Büyükçekmece (İstanbul)",705143
"29/01/2026 22:04:43",28.33167,40.85389,14.22,0.32,"ML",2.3,"Marmara Denizi - [22.11 km] Büyükçekmece (İstanbul)",705141
"28/01/2026 12:38:14",29.98667,40.17306,7,0.58,"ML",1.1,"Merkez (Bilecik)",704991
"28/01/2026 03:45:48",27.75944,40.81083,7.01,0.5,"ML",1.3,"Marmara Denizi - [19.54 km] Marmara (Balıkesir)",704941
"28/01/2026 03:28:38",27.78333,40.82583,7.73,0.35,"ML",1.7,"Marmara Denizi - [20.17 km] Marmaraereğlisi (Tekirdağ)",704934
"27/01/2026 17:45:05",27.4025,40.58694,16.89,0.24,"ML",1.2,"Marmara Denizi - [08.35 km] Marmara (Balıkesir)",704865
"25/01/2026 14:51:08",27.69222,40.08611,9.2,0.39,"ML",1.9,"Gönen (Balıkesir)",704549
"25/01/2026 04:10:38",29.15889,40.70583,10.68,0.37,"ML",2.7,"Marmara Denizi - [05.80 km] Çınarcık (Yalova)",704484
"24/01/2026 21:10:57",29.00333,40.73528,8.16,0.25,"ML",1.4,"Marmara Denizi - [11.77 km] Çınarcık (Yalova)",704443
"24/01/2026 02:36:10",29.20861,40.70667,7,0.32,"ML",1.4,"Marmara Denizi - [06.80 km] Merkez (Yalova)",704263
"23/01/2026 23:01:40",28.79472,40.60222,7,0.39,"ML",1.5,"Marmara Denizi - [06.94 km] Armutlu (Yalova)",704190
"23/01/2026 21:39:23",26.25556,40.43917,21.33,0.37,"ML",2.2,"Ege Denizi - Saros Körfezi - [14.55 km] Eceabat (Çanakkale)",704181
"23/01/2026 14:08:09",27.70806,40.80083,6.83,0.79,"ML",1.3,"Marmara Denizi - [16.98 km] Marmara (Balıkesir)",704141
"23/01/2026 13:09:04",29.63667,40.81833,7.02,0.46,"ML",1.1,"Körfez (Kocaeli)",704123
"23/01/2026 10:59:14",29.14139,40.69528,8.1,0.24,"ML",1.8,"Marmara Denizi - [05.01 km] Çınarcık (Yalova)",704099
"23/01/2026 00:56:37",27.72417,40.12028,6.85,0.39,"ML",1.3,"Gönen (Balıkesir)",704025
"23/01/2026 00:37:54",27.34667,40.66778,12.75,0.44,"ML",1.5,"Marmara Denizi - [05.76 km] Şarköy (Tekirdağ)",704024
"22/01/2026 23:14:44",27.72389,40.81472,6.93,0.41,"ML",1.3,"Marmara Denizi - [18.83 km] Marmara (Balıkesir)",704011
"22/01/2026 21:35:32",26.38639,40.44472,11.21,0.36,"ML",3.1,"Ege Denizi - Saros Körfezi - [09.31 km] Gelibolu (Çanakkale)",704002
"22/01/2026 03:26:15",29.30278,40.69861,7,0.14,"ML",1.5,"Marmara Denizi - [03.96 km] Çiftlikköy (Yalova)",703871
"21/01/2026 20:11:50",29.20389,40.28083,5.2,0.67,"ML",1.5,"Gürsu (Bursa)",703785
"21/01/2026 12:02:13",28.89611,40.05528,7.64,0.72,"ML",1.3,"Orhaneli (Bursa)",703718
"21/01/2026 11:34:39",29.15167,40.7025,10.19,0.33,"ML",2.1,"Marmara Denizi - [05.52 km] Çınarcık (Yalova)",703709
"21/01/2026 05:58:10",27.735,40.02194,7,0.66,"ML",1.4,"Gönen (Balıkesir)",703681
"21/01/2026 04:26:07",27.23,40.14389,7,0.81,"ML",1.2,"Biga (Çanakkale)",703673
"20/01/2026 21:10:07",27.73917,40.58194,11.12,0.62,"ML",2,"Marmara Denizi - [04.78 km] Marmara (Balıkesir)",703650
"20/01/2026 20:07:45",29.16972,40.18556,8.65,0.73,"ML",1.8,"Yıldırım (Bursa)",703646
"20/01/2026 11:01:29",28.94167,40.54417,7.13,0.37,"ML",1.6,"Armutlu (Yalova)",703616
"20/01/2026 07:58:41",29.11306,40.73639,7.14,0.19,"ML",1.5,"Marmara Denizi - [09.96 km] Çınarcık (Yalova)",703608
"20/01/2026 02:41:23",29.03,40.59889,6.48,0.44,"ML",1.7,"Çınarcık (Yalova)",703594
"19/01/2026 18:03:39",29.17806,40.70361,6.82,0.49,"ML",2.2,"Marmara Denizi - [05.64 km] Çınarcık (Yalova)",703573
"19/01/2026 06:54:49",28.30583,40.85028,7,0.88,"ML",1.9,"Marmara Denizi - [23.65 km] Silivri (İstanbul)",703536
"19/01/2026 04:41:25",27.46194,40.38306,7.01,0.21,"ML",1.6,"Marmara Denizi - Erdek Körfezi - [10.52 km] Biga (Çanakkale)",703531
"18/01/2026 19:53:20",27.85639,40.82222,6.78,0.49,"ML",2.1,"Marmara Denizi - [17.55 km] Marmaraereğlisi (Tekirdağ)",703493
"18/01/2026 19:32:18",29.18556,40.71639,7.3,0.44,"ML",1.8,"Marmara Denizi - [07.17 km] Çınarcık (Yalova)",703490
"16/01/2026 05:16:13",27.50583,40.7275,7.01,0.37,"ML",1.3,"Marmara Denizi - [12.76 km] Marmara (Balıkesir)",703222
"16/01/2026 02:37:45",27.20806,40.29611,7.24,0.48,"ML",1,"Biga (Çanakkale)",703202
"15/01/2026 22:17:17",29.25,40.71,7.3,0.15,"ML",1.4,"Marmara Denizi - [06.00 km] Merkez (Yalova)",703183
"15/01/2026 21:18:15",29.25194,40.71028,6.93,0.16,"ML",2.1,"Marmara Denizi - [06.02 km] Merkez (Yalova)",703179
"15/01/2026 21:06:37",28.70139,40.89083,9.35,0.13,"ML",1.3,"Marmara Denizi - [09.40 km] Beylikdüzü (İstanbul)",703180
"15/01/2026 19:13:13",29.06611,40.73667,12.51,0.34,"ML",1.9,"Marmara Denizi - [10.25 km] Çınarcık (Yalova)",703167
"15/01/2026 17:28:17",29.24528,40.4725,7.3,0.25,"ML",1.4,"Orhangazi (Bursa)",703159
"15/01/2026 00:02:19",28.95472,40.45639,8.69,0.43,"ML",1.5,"Marmara Denizi - Gemlik Körfezi - [01.55 km] Armutlu (Yalova)",703062
"14/01/2026 23:14:46",28.65972,40.85833,7.07,0.67,"ML",1.4,"Marmara Denizi - [12.06 km] Beylikdüzü (İstanbul)",703057
"14/01/2026 22:29:52",28.59306,40.93083,7.4,0.71,"ML",1.1,"Marmara Denizi - [05.90 km] Beylikdüzü (İstanbul)",703056
"14/01/2026 22:07:05",29.10083,40.54222,6.75,0.29,"ML",1,"Gemlik (Bursa)",703051
"14/01/2026 21:14:13",27.77556,40.22722,6.92,0.56,"ML",1.5,"Gönen (Balıkesir)",703049
"14/01/2026 06:55:10",29.0775,40.74111,7,0.25,"ML",1.8,"Marmara Denizi - [10.72 km] Çınarcık (Yalova)",702979
"14/01/2026 04:44:11",29.06167,40.74417,4.38,0.2,"ML",2.2,"Marmara Denizi - [11.12 km] Çınarcık (Yalova)",702966
"12/01/2026 04:50:21",27.98472,40.77194,7,0.35,"ML",2,"Marmara Denizi - [21.66 km] Marmaraereğlisi (Tekirdağ)",702799
"12/01/2026 02:58:05",27.15083,40.40194,8.91,0.87,"ML",1.9,"Biga (Çanakkale)",702788
"11/01/2026 15:21:21",26.32361,40.44333,7,0.8,"ML",1.5,"Ege Denizi - Saros Körfezi - [12.97 km] Eceabat (Çanakkale)",702758
"11/01/2026 12:51:31",28.77611,40.89167,9.03,0.37,"ML",1.8,"Marmara Denizi - [08.68 km] Bakırköy (İstanbul)",702742
"11/01/2026 04:13:55",27.505,40.79056,15.06,0.29,"ML",1.7,"Marmara Denizi - [09.49 km] Süleymanpaşa (Tekirdağ)",702697
"11/01/2026 04:08:00",28.45778,40.88472,6.88,0.41,"ML",1.5,"Marmara Denizi - [13.91 km] Büyükçekmece (İstanbul)",702698
"06/01/2026 21:08:51",26.97389,40.21083,13.67,0.12,"ML",1.4,"Biga (Çanakkale)",702184
"06/01/2026 14:19:10",28.12722,40.84389,14.29,0.42,"ML",2.3,"Marmara Denizi - [19.67 km] Marmaraereğlisi (Tekirdağ)",702131
"06/01/2026 08:07:41",28.1675,40.83917,5.36,0.49,"ML",1.8,"Marmara Denizi - [22.58 km] Marmaraereğlisi (Tekirdağ)",702084
"05/01/2026 23:35:58",27.48833,40.68722,6.83,0.21,"ML",1.4,"Marmara Denizi - [09.07 km] Marmara (Balıkesir)",702038
"05/01/2026 03:32:26",29.22222,40.49861,7.53,0.34,"ML",1.5,"Gemlik (Bursa)",701931
"04/01/2026 10:11:34",29.24,40.275,7,0.57,"ML",2.2,"Gürsu (Bursa)",701851
"04/01/2026 05:09:15",29.14417,40.63639,9.48,0.21,"ML",1.8,"Çınarcık (Yalova)",701822
"02/01/2026 22:35:00",27.99389,40.78694,7,0.72,"ML",2.1,"Marmara Denizi - [20.11 km] Marmaraereğlisi (Tekirdağ)",701657
"02/01/2026 18:15:06",29.20222,40.49778,10.07,0.14,"ML",1.6,"Gemlik (Bursa)",701647
"02/01/2026 14:16:25",28.035,40.43194,11.49,0.61,"ML",1.9,"Marmara Denizi - Bandırma Körfezi - [03.05 km] Erdek (Balıkesir)",701625
"02/01/2026 11:02:23",27.48694,40.03417,7,0.23,"ML",0.9,"Gönen (Balıkesir)",701609
"02/01/2026 04:24:22",27.40222,40.81639,11.22,0.29,"ML",1.5,"Şarköy (Tekirdağ)",701572
"01/01/2026 15:21:27",29.235,40.27028,5.97,0.56,"ML",2,"Gürsu (Bursa)",701497
"31/12/2025 21:56:01",29.25306,40.24861,11.69,0.4,"ML",1.6,"Gürsu (Bursa)",701385
"31/12/2025 21:18:25",29.23806,40.28694,12.63,0.47,"ML",2.3,"Gürsu (Bursa)",701375
"31/12/2025 20:06:49",27.40222,40.02778,11.57,0.25,"ML",1.6,"Yenice (Çanakkale)",701372
"31/12/2025 16:23:49",29.63472,40.13333,10.02,0.76,"ML",1.9,"İnegöl (Bursa)",701360
"30/12/2025 21:22:45",27.32639,40.1675,11.99,0.2,"ML",1.8,"Biga (Çanakkale)",701265
"30/12/2025 01:18:15",29.12944,40.77139,9.3,0.27,"ML",1.7,"Marmara Denizi - [08.91 km] Adalar (İstanbul)",701166
"29/12/2025 22:56:41",29.13583,40.6925,8.01,0.31,"ML",1.4,"Marmara Denizi - [04.94 km] Çınarcık (Yalova)",701153
"29/12/2025 22:47:33",29.17778,40.6775,12.28,0.19,"ML",1.5,"Marmara Denizi - [02.85 km] Çınarcık (Yalova)",701151
"29/12/2025 20:30:38",28.91806,40.1425,7,0.7,"ML",2.2,"Nilüfer (Bursa)",701143
"29/12/2025 12:49:20",27.43722,40.91806,7.11,0.41,"ML",1.1,"Süleymanpaşa (Tekirdağ)",701114
"29/12/2025 06:01:30",29.23722,40.57333,7,0.42,"ML",1.7,"Merkez (Yalova)",701062
"27/12/2025 23:11:21",27.385,40.00722,8.94,0.4,"ML",1.4,"Yenice (Çanakkale)",700905
"27/12/2025 18:19:14",27.25167,40.71639,8.37,0.77,"ML",2.1,"Şarköy (Tekirdağ)",700884
"27/12/2025 03:12:37",28.06278,40.84194,7.03,0.61,"ML",1.9,"Marmara Denizi - [16.36 km] Marmaraereğlisi (Tekirdağ)",700808
"27/12/2025 02:57:28",28.34333,40.87333,5.98,0.52,"ML",1.4,"Marmara Denizi - [19.80 km] Büyükçekmece (İstanbul)",700810
"27/12/2025 02:35:04",28.05694,40.83556,11.97,0.55,"ML",2.9,"Marmara Denizi - [16.71 km] Marmaraereğlisi (Tekirdağ)",700803
"26/12/2025 22:00:50",28.03444,40.83389,6.92,0.57,"ML",2.2,"Marmara Denizi - [16.02 km] Marmaraereğlisi (Tekirdağ)",700785
"26/12/2025 21:01:26",28.07361,40.82694,13.36,0.71,"ML",1.9,"Marmara Denizi - [18.25 km] Marmaraereğlisi (Tekirdağ)",700782
"26/12/2025 20:13:44",28.06139,40.82278,7.01,0.41,"ML",1.5,"Marmara Denizi - [18.13 km] Marmaraereğlisi (Tekirdağ)",700780
"26/12/2025 03:34:24",28.07,40.42472,7.35,0.67,"ML",1.7,"Marmara Denizi - Bandırma Körfezi - [05.59 km] Bandırma (Balıkesir)",700696
"25/12/2025 11:05:53",29.64222,40.14028,6.97,0.39,"ML",2,"Yenişehir (Bursa)",700598
"25/12/2025 07:35:33",29.16667,40.64222,9.89,0.11,"ML",1.3,"Çınarcık (Yalova)",700584
"24/12/2025 13:10:19",29.44222,40.23556,7.58,0.5,"ML",1.4,"Yenişehir (Bursa)",700490
"24/12/2025 10:34:45",27.71667,40.39389,7,0.64,"ML",1.8,"Marmara Denizi - Erdek Körfezi - [05.65 km] Erdek (Balıkesir)",700481
"23/12/2025 21:09:47",27.40472,40.75583,13.21,0.47,"ML",1.3,"Marmara Denizi - [05.78 km] Şarköy (Tekirdağ)",700380
"23/12/2025 15:09:48",27.60806,40.64,6.63,0.16,"ML",1.2,"Marmara Denizi, Marmara Adası, Marmara (Balıkesir)",700348
"23/12/2025 15:03:46",27.6025,40.63556,6.05,0.2,"ML",1.5,"Marmara Denizi, Marmara Adası, Marmara (Balıkesir)",700347
"22/12/2025 14:32:41",29.33056,40.12056,7.7,0.45,"ML",2.4,"Kestel (Bursa)",700244
"22/12/2025 04:33:32",29.25333,40.70806,10.83,0.26,"ML",1.9,"Marmara Denizi - [05.77 km] Merkez (Yalova)",700187
"22/12/2025 03:01:54",29.23417,40.70528,6.97,0.18,"ML",1.3,"Marmara Denizi - [05.71 km] Merkez (Yalova)",700177
"21/12/2025 18:07:45",27.70944,40.82056,6.95,0.85,"ML",1.5,"Marmara Denizi - [19.13 km] Marmara (Balıkesir)",700130
"21/12/2025 08:53:00",27.03917,40.30694,10.36,0.34,"ML",1.2,"Biga (Çanakkale)",700088
"21/12/2025 05:46:23",27.02472,40.25694,7.19,0.21,"ML",1.1,"Biga (Çanakkale)",700080
"20/12/2025 23:34:28",27.20111,40.11417,10.84,0.3,"ML",0.9,"Biga (Çanakkale)",700023
"20/12/2025 14:19:14",26.15944,40.41139,6.58,0.31,"ML",1.9,"Ege Denizi - [17.93 km] Eceabat (Çanakkale)",699956
"20/12/2025 12:48:18",27.07167,40.02222,7.01,0.51,"ML",1.6,"Çan (Çanakkale)",699947
"20/12/2025 05:11:17",27.07222,40.275,7,0.26,"ML",1.3,"Biga (Çanakkale)",699926
"20/12/2025 04:45:40",27.05139,40.26361,7,0.1,"ML",1.1,"Biga (Çanakkale)",699925
"20/12/2025 04:41:18",27.04306,40.29,7.04,0.37,"ML",1.7,"Biga (Çanakkale)",699922
"20/12/2025 04:40:32",27.05333,40.27194,7,0.25,"ML",1.2,"Biga (Çanakkale)",699924
"20/12/2025 04:39:43",27.03528,40.26889,7,0.17,"ML",1.2,"Biga (Çanakkale)",699923
"19/12/2025 15:37:33",27.03472,40.29556,7.16,0.57,"ML",1.1,"Biga (Çanakkale)",699850
"19/12/2025 14:44:20",27.05583,40.29806,5.66,0.19,"ML",0.8,"Biga (Çanakkale)",699848
"19/12/2025 09:54:44",27.00194,40.3375,13.85,0.76,"ML",1.3,"Lapseki (Çanakkale)",699820
"19/12/2025 09:48:57",26.91111,40.30861,29.59,0.44,"ML",1.2,"Lapseki (Çanakkale)",699818
"19/12/2025 09:38:32",27.04444,40.28972,11.11,0.15,"ML",1.5,"Biga (Çanakkale)",699816
"19/12/2025 09:34:39",27.04167,40.28806,10.81,0.62,"ML",1.7,"Biga (Çanakkale)",699815
"19/12/2025 09:28:37",27.04306,40.29972,10.16,0.48,"ML",2.5,"Biga (Çanakkale)",699813
"19/12/2025 07:44:21",27.475,40.77222,14.83,0.35,"ML",1.6,"Marmara Denizi - [08.80 km] Süleymanpaşa (Tekirdağ)",699805
"19/12/2025 03:24:13",27.86417,40.82528,7.38,0.3,"ML",2,"Marmara Denizi - [17.01 km] Marmaraereğlisi (Tekirdağ)",699779
"19/12/2025 02:32:11",27.19139,40.39889,7,0.14,"ML",1.2,"Biga (Çanakkale)",699778
"19/12/2025 00:17:33",27.02056,40.18833,10.54,0.17,"ML",3.3,"Biga (Çanakkale)",699768
"18/12/2025 22:21:03",27.03583,40.30111,7.07,0.31,"ML",0.9,"Biga (Çanakkale)",699756
"18/12/2025 21:57:14",27.03972,40.28944,12.9,0.15,"ML",1.1,"Biga (Çanakkale)",699753
"18/12/2025 18:32:14",29.24111,40.25917,7.02,0.14,"ML",1.6,"Gürsu (Bursa)",699742
"18/12/2025 15:31:25",26.98556,40.28361,7,0.95,"ML",1.9,"Lapseki (Çanakkale)",699728
"18/12/2025 08:25:42",27.79667,40.21667,6.45,0.47,"ML",1.4,"Gönen (Balıkesir)",699702
"18/12/2025 00:20:30",27.62,40.20694,6.97,0.15,"ML",0.9,"Gönen (Balıkesir)",699655
"18/12/2025 00:18:56",27.0375,40.29417,10.81,0.28,"ML",1.8,"Biga (Çanakkale)",699654
"18/12/2025 00:09:40",27.0425,40.28722,10.53,0.29,"ML",1.5,"Biga (Çanakkale)",699652
"17/12/2025 19:15:33",27.70528,40.23139,7,0.57,"ML",1.2,"Gönen (Balıkesir)",699627
"17/12/2025 14:49:34",28.65417,40.05611,7.02,0.59,"ML",1.1,"Mustafakemalpaşa (Bursa)",699604
"17/12/2025 12:36:13",27.61778,40.78917,7,0.48,"ML",1.2,"Marmara Denizi - [15.51 km] Marmara (Balıkesir)",699584
"17/12/2025 10:09:34",27.04417,40.29778,7,0.21,"ML",1.2,"Biga (Çanakkale)",699563
"17/12/2025 07:57:16",27.42111,40.73139,14.94,0.24,"ML",1.7,"Marmara Denizi - [07.59 km] Şarköy (Tekirdağ)",699545
"17/12/2025 07:30:37",27.04861,40.29278,6.98,0.18,"ML",2,"Biga (Çanakkale)",699544
"17/12/2025 04:47:35",27.01667,40.2925,15.21,0.51,"ML",1.2,"Biga (Çanakkale)",699532
"17/12/2025 03:22:47",27.03361,40.27639,6.95,0.02,"ML",0.8,"Biga (Çanakkale)",699521
"17/12/2025 03:10:01",27.04028,40.24694,7.21,0.13,"ML",1,"Biga (Çanakkale)",699520
"17/12/2025 03:08:10",27.04778,40.27333,7.09,0.43,"ML",1.3,"Biga (Çanakkale)",699519
"17/12/2025 02:40:07",27.03917,40.295,11.03,0.47,"ML",1.6,"Biga (Çanakkale)",699509
"17/12/2025 02:38:57",27.04333,40.30306,6.84,0.09,"ML",1.1,"Biga (Çanakkale)",699511
"17/12/2025 02:35:23",27.06278,40.2975,7,0.17,"ML",1,"Biga (Çanakkale)",699510
"17/12/2025 01:49:18",27.05806,40.29611,7,0.3,"ML",1,"Biga (Çanakkale)",699502
"17/12/2025 00:39:03",27.04528,40.30889,6.98,0.11,"ML",1,"Biga (Çanakkale)",699491
"17/12/2025 00:36:13",27.05222,40.30278,5.57,0.43,"ML",1.4,"Biga (Çanakkale)",699490
"17/12/2025 00:35:02",27.05556,40.28806,6.44,0.32,"ML",1.5,"Biga (Çanakkale)",699489
"17/12/2025 00:19:44",27.45,40.7825,16.69,0.6,"ML",1.2,"Marmara Denizi - [06.50 km] Süleymanpaşa (Tekirdağ)",699482
"17/12/2025 00:19:39",27.04889,40.29028,4.79,0.19,"ML",1.5,"Biga (Çanakkale)",699481
"17/12/2025 00:18:08",27.78417,40.80222,15.21,0.38,"ML",1.2,"Marmara Denizi - [19.73 km] Marmara (Balıkesir)",699483
"16/12/2025 23:31:59",27.04861,40.27611,7.01,0.21,"ML",1.1,"Biga (Çanakkale)",699477
"16/12/2025 23:29:38",27.03389,40.28472,13.73,0.27,"ML",2.5,"Biga (Çanakkale)",699476
"16/12/2025 22:56:12",27.04139,40.2925,10.49,0.25,"ML",2.1,"Biga (Çanakkale)",699468
"16/12/2025 21:34:45",27.02444,40.29028,10.09,0.18,"ML",2.3,"Biga (Çanakkale)",699459
"16/12/2025 20:56:10",27.03861,40.30083,6.17,0.48,"ML",1.3,"Biga (Çanakkale)",699454
"16/12/2025 20:51:22",27.02167,40.23417,7,0.21,"ML",0.9,"Biga (Çanakkale)",699455
"16/12/2025 20:46:34",27.04833,40.295,6.95,0.19,"ML",0.9,"Biga (Çanakkale)",699456
"16/12/2025 20:38:59",26.31722,40.4225,6.98,0.26,"ML",1,"Ege Denizi - Saros Körfezi - [10.80 km] Eceabat (Çanakkale)",699457
"16/12/2025 20:13:22",27.06694,40.27444,6.91,0.28,"ML",1,"Biga (Çanakkale)",699448
"16/12/2025 20:12:51",27.03667,40.2925,7.24,0.29,"ML",1.4,"Biga (Çanakkale)",699447
"16/12/2025 19:06:09",27.07028,40.28139,6.71,0.26,"ML",0.9,"Biga (Çanakkale)",699439
"16/12/2025 19:00:28",27.07639,40.27861,7,0.44,"ML",1.3,"Biga (Çanakkale)",699438
"16/12/2025 18:30:59",27.04111,40.29056,7.51,0.3,"ML",1.5,"Biga (Çanakkale)",699431
"16/12/2025 16:31:01",27.05833,40.31472,7,0.84,"ML",1.1,"Biga (Çanakkale)",699416
"16/12/2025 16:30:08",27.04139,40.31083,9.87,0.37,"ML",1.6,"Biga (Çanakkale)",699415
"16/12/2025 15:40:49",27.02417,40.29,7.04,0.75,"ML",1.8,"Biga (Çanakkale)",699405
"16/12/2025 14:26:31",27.02417,40.03333,7.01,0.73,"ML",1.7,"Çan (Çanakkale)",699394
"16/12/2025 13:18:13",26.515,40.49167,7.04,0.34,"ML",1.8,"Ege Denizi - Saros Körfezi - [07.00 km] Gelibolu (Çanakkale)",699392
"16/12/2025 11:27:37",27.04917,40.29778,7.66,0.34,"ML",1.4,"Biga (Çanakkale)",699374
"16/12/2025 10:10:27",27.55861,40.55472,12.23,0.82,"ML",1.6,"Marmara Denizi - [03.57 km] Marmara (Balıkesir)",699367
"16/12/2025 09:29:40",27.01667,40.27056,7,0.04,"ML",1.2,"Biga (Çanakkale)",699363
"16/12/2025 08:16:03",27.03889,40.28611,7,0.46,"ML",1.2,"Biga (Çanakkale)",699354
"16/12/2025 00:41:11",27.04361,40.28417,6.96,0.55,"ML",1.4,"Biga (Çanakkale)",699308
"15/12/2025 23:26:13",27.0425,40.30306,7,0.44,"ML",1,"Biga (Çanakkale)",699304
"15/12/2025 23:24:08",27.02083,40.29,15.09,0.59,"ML",1.5,"Biga (Çanakkale)",699302
"15/12/2025 23:22:33",27.04222,40.29639,7,0.23,"ML",1.2,"Biga (Çanakkale)",699303
"15/12/2025 22:55:17",27.03417,40.2925,10.25,0.44,"ML",2.9,"Biga (Çanakkale)",699298
"15/12/2025 11:31:22",27.51472,40.19278,15.97,0.37,"ML",2.1,"Gönen (Balıkesir)",699245
"14/12/2025 22:18:41",28.81139,40.80778,6.92,0.17,"ML",1.5,"Marmara Denizi - [16.64 km] Adalar (İstanbul)",699157
"14/12/2025 15:18:16",27.03778,40.3025,7.91,0.35,"ML",1.3,"Biga (Çanakkale)",699121
"14/12/2025 09:46:26",28.05333,40.43194,10.79,0.24,"ML",1.6,"Marmara Denizi - Bandırma Körfezi - [04.52 km] Erdek (Balıkesir)",699088
"14/12/2025 09:32:00",27.03556,40.32194,7.16,0.26,"ML",1.1,"Biga (Çanakkale)",699089
"14/12/2025 09:08:17",27.05083,40.31444,9.67,0.28,"ML",1.2,"Biga (Çanakkale)",699081
"14/12/2025 08:15:18",29.01778,40.47944,7,0.37,"ML",1.2,"Gemlik (Bursa)",699079
"14/12/2025 06:59:54",27.02778,40.31083,8.55,0.87,"ML",2.4,"Biga (Çanakkale)",699074
"14/12/2025 06:33:13",27.03583,40.28389,7,0.7,"ML",1.6,"Biga (Çanakkale)",699073
"14/12/2025 06:16:38",27.03639,40.29583,7,0.91,"ML",1.6,"Biga (Çanakkale)",699068
"14/12/2025 05:29:47",27.0425,40.2875,7,0.76,"ML",2.5,"Biga (Çanakkale)",699065
"14/12/2025 04:03:22",27.03722,40.30778,7,0.75,"ML",1.4,"Biga (Çanakkale)",699055
"14/12/2025 04:01:42",27.04139,40.28972,7,0.83,"ML",2.3,"Biga (Çanakkale)",699054
"14/12/2025 03:07:02",27.04389,40.29333,10.95,0.2,"ML",1.7,"Biga (Çanakkale)",699046
"14/12/2025 02:35:25",27.12139,40.38639,11.4,0.7,"ML",1.4,"Biga (Çanakkale)",699044
"13/12/2025 23:50:10",27.79667,40.23639,7,0.6,"ML",1.5,"Gönen (Balıkesir)",699029
"13/12/2025 15:35:19",28.85111,40.43972,7,0.64,"ML",2.3,"Marmara Denizi - Gemlik Körfezi - [06.46 km] Mudanya (Bursa)",698988
"12/12/2025 17:57:10",28.13917,40.83278,7.05,0.64,"ML",1.5,"Marmara Denizi - [21.25 km] Marmaraereğlisi (Tekirdağ)",698869
"12/12/2025 04:13:00",27.30222,40.30833,7,0.21,"ML",0.9,"Biga (Çanakkale)",698759
"12/12/2025 00:38:32",28.41778,40.91194,11.97,0.37,"ML",1.8,"Marmara Denizi - [12.73 km] Büyükçekmece (İstanbul)",698709
"11/12/2025 20:18:46",29.09444,40.25167,11.62,0.39,"ML",1.2,"Osmangazi (Bursa)",698676
"10/12/2025 12:33:56",28.06,40.12306,7,0.87,"ML",0.9,"Bandırma (Balıkesir)",698403
"10/12/2025 02:00:11",28.05944,40.42833,8.67,0.64,"ML",2.7,"Marmara Denizi - Bandırma Körfezi - [05.13 km] Erdek (Balıkesir)",698335
"10/12/2025 01:22:18",29.00667,40.58,11.08,0.86,"ML",1.4,"Çınarcık (Yalova)",698336
"10/12/2025 00:03:07",27.29833,40.78583,5.1,0.73,"ML",1.4,"Şarköy (Tekirdağ)",698329
"09/12/2025 17:41:33",27.93556,40.87944,14.4,0.88,"ML",1.6,"Marmara Denizi - [09.79 km] Marmaraereğlisi (Tekirdağ)",698309
"09/12/2025 14:27:32",27.14306,40.4925,7,0.16,"ML",1.1,"Marmara Denizi - [06.27 km] Biga (Çanakkale)",698293
"08/12/2025 23:03:40",28.32861,40.86222,6.99,0.88,"ML",1.6,"Marmara Denizi - [21.54 km] Büyükçekmece (İstanbul)",698211
"08/12/2025 14:16:38",29.20306,40.47611,7,0.24,"ML",1,"Gemlik (Bursa)",698169
"08/12/2025 04:29:34",26.21222,40.46306,7,0.32,"ML",1.4,"Ege Denizi - Saros Körfezi - [17.45 km] Enez (Edirne)",698079
"07/12/2025 22:17:20",26.17222,40.46972,8.29,0.34,"ML",2,"Ege Denizi - Saros Körfezi - [16.95 km] Enez (Edirne)",698026
"06/12/2025 20:29:48",26.13306,40.42306,15.21,0.17,"ML",1.9,"Ege Denizi - [20.48 km] Eceabat (Çanakkale)",697872
"06/12/2025 18:40:54",27.35583,40.74139,13.47,0.42,"ML",1.4,"Marmara Denizi - [01.98 km] Şarköy (Tekirdağ)",697862
"06/12/2025 16:27:01",29.21778,40.46889,10.74,0.28,"ML",1.4,"Gemlik (Bursa)",697843
"06/12/2025 02:26:46",27.43528,40.60361,8.08,0.15,"ML",1.6,"Marmara Denizi - [07.60 km] Marmara (Balıkesir)",697745
"05/12/2025 21:58:40",27.90333,40.77389,6.77,0.16,"ML",1.7,"Marmara Denizi - [21.82 km] Marmaraereğlisi (Tekirdağ)",697708
"05/12/2025 21:09:56",27.06167,40.21917,9.92,0.28,"ML",1.8,"Biga (Çanakkale)",697701
"05/12/2025 14:58:56",27.73778,40.80361,11.4,0.24,"ML",1.3,"Marmara Denizi - [18.06 km] Marmara (Balıkesir)",697671
"05/12/2025 13:01:49",27.76889,40.40083,8.56,0.14,"ML",1.3,"Marmara Denizi - Erdek Körfezi - [01.67 km] Erdek (Balıkesir)",697662
"04/12/2025 23:53:37",27.14139,40.37333,7.01,0.57,"ML",2,"Biga (Çanakkale)",697599
"04/12/2025 21:34:08",28.70667,40.81639,7.02,0.4,"ML",2,"Marmara Denizi - [17.45 km] Beylikdüzü (İstanbul)",697588
"04/12/2025 15:07:39",26.19611,40.47194,6.99,0.35,"ML",1.6,"Ege Denizi - Saros Körfezi - [16.86 km] Enez (Edirne)",697557
"04/12/2025 13:25:02",29.42472,40.25139,7.01,0.73,"ML",1.4,"Yenişehir (Bursa)",697538
"04/12/2025 11:21:01",26.98722,40.6425,7,0.24,"ML",1.2,"Şarköy (Tekirdağ)",697515
"04/12/2025 01:39:39",28.74472,40.085,7,0.54,"ML",1.2,"Nilüfer (Bursa)",697465
"03/12/2025 23:36:46",29.31111,40.86917,10.78,0.31,"ML",1.9,"Pendik (İstanbul)",697456
"03/12/2025 02:34:31",27.98556,40.68528,7.04,0.32,"ML",1.7,"Marmara Denizi - [21.12 km] Erdek (Balıkesir)",697321
"02/12/2025 18:23:19",28.06056,40.81944,7.99,0.25,"ML",1.2,"Marmara Denizi - [18.42 km] Marmaraereğlisi (Tekirdağ)",697263
"02/12/2025 06:07:16",27.85917,40.63472,15.59,0.5,"ML",3,"Marmara Denizi - [13.08 km] Marmara (Balıkesir)",697171
"02/12/2025 05:37:49",27.90889,40.5975,9.57,0.43,"ML",1.5,"Marmara Denizi - [10.22 km] Erdek (Balıkesir)",697167
"02/12/2025 03:58:00",27.78806,40.33917,5.72,0.29,"ML",1.7,"Marmara Denizi - Erdek Körfezi - [03.71 km] Bandırma (Balıkesir)",697149
"02/12/2025 03:56:03",27.76944,40.33722,10.02,0.46,"ML",1.5,"Marmara Denizi - Erdek Körfezi - [04.44 km] Bandırma (Balıkesir)",697148
"01/12/2025 23:50:23",27.96194,40.81306,6.98,0.3,"ML",1.3,"Marmara Denizi - [16.98 km] Marmaraereğlisi (Tekirdağ)",697104
"01/12/2025 18:15:14",26.26306,40.41444,6.98,0.27,"ML",1.4,"Ege Denizi - Saros Körfezi - [11.91 km] Eceabat (Çanakkale)",697060
"30/11/2025 15:57:55",27.92028,40.82528,6.84,0.25,"ML",1.3,"Marmara Denizi - [15.94 km] Marmaraereğlisi (Tekirdağ)",696864
"30/11/2025 01:37:23",27.33417,40.175,6.99,0.49,"ML",1.4,"Biga (Çanakkale)",696785
"29/11/2025 14:36:07",27.93417,40.72056,6.87,0.32,"ML",1.9,"Marmara Denizi - [22.44 km] Marmara (Balıkesir)",696718
"29/11/2025 13:26:21",27.35278,40.75944,7.05,0.78,"ML",1.6,"Marmara Denizi - [02.13 km] Şarköy (Tekirdağ)",696714
"28/11/2025 13:45:54",27.72528,40.23278,7.06,0.59,"ML",1.3,"Gönen (Balıkesir)",696563
"28/11/2025 13:28:21",28.1075,40.01583,6.79,0.63,"ML",1.1,"Susurluk (Balıkesir)",696560
"28/11/2025 13:17:53",28.1175,40.04806,7,0.2,"ML",1,"Susurluk (Balıkesir)",696559
"27/11/2025 19:57:27",27.5275,40.78639,10.84,0.19,"ML",1.5,"Marmara Denizi - [10.80 km] Süleymanpaşa (Tekirdağ)",696444
"26/11/2025 17:05:15",27.38806,40.77306,7.1,0.45,"ML",1.6,"Marmara Denizi - [03.41 km] Şarköy (Tekirdağ)",696284
"26/11/2025 10:34:24",29.14278,40.42167,6.83,0.46,"ML",1.5,"Gemlik (Bursa)",696237
"24/11/2025 04:32:47",27.98806,40.78722,9.44,0.33,"ML",1.5,"Marmara Denizi - [20.01 km] Marmaraereğlisi (Tekirdağ)",695879
"22/11/2025 02:37:35",27.45222,40.66306,9.8,0.14,"ML",1.3,"Marmara Denizi - [09.08 km] Marmara (Balıkesir)",695450
"22/11/2025 02:28:54",29.22639,40.48417,7.21,0.19,"ML",1.3,"Gemlik (Bursa)",695446
"21/11/2025 02:45:05",28.6275,40.74139,11.21,0.55,"ML",1.7,"Marmara Denizi - [25.03 km] Beylikdüzü (İstanbul)",695237
"20/11/2025 21:29:21",28.71861,40.84083,10.57,0.33,"ML",1.8,"Marmara Denizi - [15.01 km] Avcılar (İstanbul)",695184
"20/11/2025 19:55:46",27.39889,40.58972,8.6,0.18,"ML",1.2,"Marmara Denizi - [08.77 km] Marmara (Balıkesir)",695173
"20/11/2025 19:53:45",27.41028,40.57611,13.47,0.26,"ML",1.2,"Marmara Denizi - [07.18 km] Marmara (Balıkesir)",695172
"20/11/2025 19:51:56",27.39222,40.55194,7,0.23,"ML",1.1,"Marmara Denizi - [07.98 km] Marmara (Balıkesir)",695171
"20/11/2025 12:16:46",27.90889,40.74917,6.05,0.79,"ML",1.7,"Marmara Denizi - [22.55 km] Marmara (Balıkesir)",695104
"20/11/2025 07:23:42",28.35694,40.82417,14.83,0.65,"ML",1.6,"Marmara Denizi - [23.74 km] Büyükçekmece (İstanbul)",695064
"20/11/2025 07:20:17",28.38111,40.815,6.66,0.95,"ML",1.7,"Marmara Denizi - [23.78 km] Büyükçekmece (İstanbul)",695063
"20/11/2025 04:36:02",28.35833,40.82306,13.97,0.55,"ML",2.2,"Marmara Denizi - [23.80 km] Büyükçekmece (İstanbul)",695038
"19/11/2025 18:51:05",27.87417,40.83861,7.08,0.52,"ML",2.8,"Marmara Denizi - [15.35 km] Marmaraereğlisi (Tekirdağ)",694960
"19/11/2025 13:55:57",27.47167,40.78722,7,0.15,"ML",1.3,"Marmara Denizi - [07.55 km] Süleymanpaşa (Tekirdağ)",694922
"19/11/2025 13:55:24",27.46639,40.82611,6.98,0.18,"ML",1.3,"Marmara Denizi - [04.75 km] Süleymanpaşa (Tekirdağ)",694921
"19/11/2025 11:17:24",27.51028,40.8,7.02,0.44,"ML",1.4,"Marmara Denizi - [08.76 km] Süleymanpaşa (Tekirdağ)",694903
"18/11/2025 20:57:16",28.85333,40.87389,6.91,0.18,"ML",1.3,"Marmara Denizi - [09.95 km] Bakırköy (İstanbul)",694790
"18/11/2025 20:56:45",28.86306,40.86889,5.54,0.36,"ML",1.4,"Marmara Denizi - [10.71 km] Bakırköy (İstanbul)",694789
"18/11/2025 19:41:05",28.71667,40.84667,14.52,0.4,"ML",2.7,"Marmara Denizi - [14.37 km] Avcılar (İstanbul)",694772
"18/11/2025 19:20:36",28.605,40.77778,7.07,0.6,"ML",1.5,"Marmara Denizi - [21.22 km] Beylikdüzü (İstanbul)",694770
"18/11/2025 18:21:29",28.78333,40.82806,7.02,0.46,"ML",1.6,"Marmara Denizi - [15.13 km] Bakırköy (İstanbul)",694761
"18/11/2025 17:00:58",28.735,40.86278,6.96,0.38,"ML",1.7,"Marmara Denizi - [12.56 km] Avcılar (İstanbul)",694752
"18/11/2025 16:16:29",28.69417,40.86056,8.87,0.41,"ML",2,"Marmara Denizi - [12.46 km] Beylikdüzü (İstanbul)",694746
"18/11/2025 12:41:48",27.72111,40.06861,7,0.23,"ML",1.5,"Gönen (Balıkesir)",694710
"18/11/2025 01:46:15",27.39139,40.74361,7.1,0.58,"ML",1.4,"Marmara Denizi - [04.90 km] Şarköy (Tekirdağ)",694589
"17/11/2025 10:54:21",28.46667,40.20278,7.26,0.54,"ML",1.4,"Ulubat Gölü - [02.92 km] Karacabey (Bursa)",694453
"17/11/2025 09:50:46",27.42167,40.76,7.01,0.68,"ML",1.6,"Marmara Denizi - [06.39 km] Şarköy (Tekirdağ)",694448
"16/11/2025 11:49:01",27.99694,40.77583,9.15,0.66,"ML",1.8,"Marmara Denizi - [21.37 km] Marmaraereğlisi (Tekirdağ)",694171
"16/11/2025 11:08:34",29.20528,40.27,9.87,0.42,"ML",1.7,"Gürsu (Bursa)",694167
"16/11/2025 10:39:16",28.81028,40.20722,7,0.51,"ML",1.9,"Nilüfer (Bursa)",694162
"16/11/2025 10:25:55",28.80667,40.20167,7.83,0.39,"ML",2.1,"Nilüfer (Bursa)",694159
"16/11/2025 09:26:16",29.24139,40.27806,8.11,0.36,"ML",2.5,"Gürsu (Bursa)",694151
"15/11/2025 20:07:10",27.13306,40.37306,7,0.67,"ML",1.4,"Biga (Çanakkale)",693968
"15/11/2025 05:06:07",27.40167,40.73528,8.49,0.35,"ML",1.3,"Marmara Denizi - [05.90 km] Şarköy (Tekirdağ)",693815
"15/11/2025 02:22:34",26.76972,40.46111,11.49,0.61,"ML",1.5,"Marmara Denizi - [05.98 km] Gelibolu (Çanakkale)",693763
"14/11/2025 23:50:27",26.55278,40.06639,13.75,0.22,"ML",1.2,"Merkez (Çanakkale)",693739
"14/11/2025 22:41:06",29.19083,40.51778,7.92,0.5,"ML",1.1,"Gemlik (Bursa)",693720
"14/11/2025 22:04:35",29.1825,40.51,7,0.54,"ML",1.5,"Gemlik (Bursa)",693715
"14/11/2025 09:03:53",27.86722,40.80917,8.46,0.18,"ML",1.6,"Marmara Denizi - [18.65 km] Marmaraereğlisi (Tekirdağ)",693577
"14/11/2025 08:20:11",28.60667,40.37472,7.02,0.52,"ML",1.3,"Marmara Denizi - [02.68 km] Mudanya (Bursa)",693567
"14/11/2025 06:41:26",28.81694,40.22611,7,0.69,"ML",1,"Nilüfer (Bursa)",693543
"14/11/2025 01:49:27",28.81556,40.20167,7.17,0.45,"ML",2.6,"Nilüfer (Bursa)",693486
"13/11/2025 12:23:23",28.805,40.86972,9.98,0.25,"ML",1.7,"Marmara Denizi - [10.24 km] Bakırköy (İstanbul)",693322
"13/11/2025 11:57:50",28.25,40.83389,14.2,0.68,"MW",3.4,"Marmara Denizi - [25.99 km] Silivri (İstanbul)",693306
"12/11/2025 20:34:49",28.4075,40.7875,6.89,0.51,"ML",2,"Marmara Denizi - [25.45 km] Büyükçekmece (İstanbul)",693046
"12/11/2025 05:48:38",28.12722,40.82194,12.26,0.55,"ML",2.6,"Marmara Denizi - [21.42 km] Marmaraereğlisi (Tekirdağ)",692843
"12/11/2025 03:00:32",27.90667,40.37556,7.62,0.51,"ML",1.4,"Bandırma (Balıkesir)",692808
"11/11/2025 15:40:10",27.45194,40.26917,7.01,0.2,"ML",1.9,"Biga (Çanakkale)",692565
"11/11/2025 12:43:52",27.37472,40.73222,7.08,0.43,"ML",1.6,"Marmara Denizi - [03.84 km] Şarköy (Tekirdağ)",692502
"09/11/2025 22:47:53",27.92556,40.8125,6.66,0.48,"ML",1.6,"Marmara Denizi - [17.26 km] Marmaraereğlisi (Tekirdağ)",691891
"08/11/2025 20:51:34",28.91944,40.59139,7.02,0.37,"ML",2.1,"Çınarcık (Yalova)",691633
"08/11/2025 08:00:29",28.14528,40.84333,7,0.45,"ML",1.6,"Marmara Denizi - [20.84 km] Marmaraereğlisi (Tekirdağ)",691515
"08/11/2025 06:56:48",29.23583,40.26333,9.58,0.35,"ML",1.6,"Gürsu (Bursa)",691507
"08/11/2025 04:32:06",28.05389,40.41861,7,0.53,"ML",1.2,"Marmara Denizi - Bandırma Körfezi - [04.73 km] Bandırma (Balıkesir)",691491
"08/11/2025 02:26:22",29.09139,40.13444,6.68,0.47,"ML",1.9,"Osmangazi (Bursa)",691474
"07/11/2025 22:34:48",28.10639,40.85083,15.5,0.4,"ML",2.5,"Marmara Denizi - [17.88 km] Marmaraereğlisi (Tekirdağ)",691437
"07/11/2025 21:48:55",27.83917,40.73139,7,0.35,"ML",1.2,"Marmara Denizi - [16.96 km] Marmara (Balıkesir)",691433
"07/11/2025 18:28:41",29.2475,40.25306,8.1,0.38,"ML",2.7,"Gürsu (Bursa)",691398
"07/11/2025 15:58:59",26.115,40.38,7,0.1,"ML",1.2,"Ege Denizi - [19.21 km] Eceabat (Çanakkale)",691374
"07/11/2025 15:16:40",29.21861,40.26167,7,0.08,"ML",1.5,"Gürsu (Bursa)",691371
"07/11/2025 12:42:07",29.23806,40.25222,11.14,0.23,"ML",2.3,"Gürsu (Bursa)",691310
"06/11/2025 17:13:40",27.95972,40.79722,9.73,0.52,"ML",1.9,"Marmara Denizi - [18.74 km] Marmaraereğlisi (Tekirdağ)",691089
"06/11/2025 11:33:15",27.95833,40.79639,7.11,0.39,"ML",1.4,"Marmara Denizi - [18.83 km] Marmaraereğlisi (Tekirdağ)",691031
"06/11/2025 02:47:44",27.91389,40.84417,5.36,0.44,"ML",1.7,"Marmara Denizi - [14.03 km] Marmaraereğlisi (Tekirdağ)",690945
"06/11/2025 02:46:45",27.95833,40.82194,7,0.36,"ML",1.7,"Marmara Denizi - [15.99 km] Marmaraereğlisi (Tekirdağ)",690944
"06/11/2025 02:22:30",28.14694,40.86389,9.25,0.49,"ML",1.6,"Marmara Denizi - [19.54 km] Marmaraereğlisi (Tekirdağ)",690933
"05/11/2025 08:35:35",29.09361,40.77056,7.01,0.61,"ML",1.1,"Marmara Denizi - [09.91 km] Adalar (İstanbul)",690762
"04/11/2025 19:42:39",29.24,40.47222,7,0.36,"ML",1.1,"Orhangazi (Bursa)",690549
"04/11/2025 14:57:32",27.84306,40.81972,6.99,0.5,"ML",1.4,"Marmara Denizi - [18.22 km] Marmaraereğlisi (Tekirdağ)",690478
"04/11/2025 13:11:52",27.02167,40.0375,7.08,0.69,"ML",1.2,"Çan (Çanakkale)",690443
"03/11/2025 23:01:12",29.21833,40.67194,7.87,0.18,"ML",1.7,"Marmara Denizi - [03.29 km] Merkez (Yalova)",690231
"03/11/2025 18:08:13",28.93111,40.45667,7.07,0.53,"ML",1.6,"Marmara Denizi - Gemlik Körfezi - [03.39 km] Armutlu (Yalova)",690152
"03/11/2025 02:15:41",29.03639,40.74139,9,0.44,"ML",1.7,"Marmara Denizi - [11.24 km] Çınarcık (Yalova)",689944
"31/10/2025 10:29:37",28.37667,40.85111,7,0.3,"ML",2.2,"Marmara Denizi - [20.32 km] Büyükçekmece (İstanbul)",689036
"31/10/2025 05:04:50",28.02444,40.62611,7,0.69,"ML",2.8,"Marmara Denizi - [15.69 km] Erdek (Balıkesir)",688951
"29/10/2025 00:50:21",28.33806,40.86833,7.99,0.41,"ML",2.6,"Marmara Denizi - [20.52 km] Büyükçekmece (İstanbul)",688008
"27/10/2025 16:46:05",29.26806,40.68917,7.59,0.38,"ML",2.3,"Marmara Denizi",687360
"27/10/2025 09:43:16",27.99389,40.81056,8.52,0.4,"ML",1.9,"Marmara Denizi - [17.52 km] Marmaraereğlisi (Tekirdağ)",687330
"26/10/2025 13:18:33",27.38667,40.76167,7.29,0.47,"ML",2.3,"Marmara Denizi - [04.47 km] Şarköy (Tekirdağ)",687234
"26/10/2025 12:11:55",27.2875,40.11361,6.31,0.5,"ML",1.7,"Biga (Çanakkale)",687226
"25/10/2025 22:52:59",27.87028,40.81222,7.07,0.79,"ML",1.6,"Marmara Denizi - [18.25 km] Marmaraereğlisi (Tekirdağ)",687158
"25/10/2025 19:56:50",28.50056,40.89028,8.57,0.55,"ML",2.3,"Marmara Denizi - [11.95 km] Büyükçekmece (İstanbul)",687147
"25/10/2025 02:28:12",28.43639,40.42361,6.96,0.57,"ML",2.2,"Marmara Denizi - [06.52 km] Karacabey (Bursa)",687062
"24/10/2025 15:51:16",29.31694,40.58417,7.41,0.26,"ML",1.6,"Merkez (Yalova)",686996
"24/10/2025 04:34:54",28.39111,40.87056,6.72,0.27,"ML",1.2,"Marmara Denizi - [17.84 km] Büyükçekmece (İstanbul)",686923
"24/10/2025 00:33:00",28.93583,40.48889,6.96,0.53,"ML",1.5,"Armutlu (Yalova)",686892
"23/10/2025 22:36:27",27.92444,40.80972,10.25,0.27,"ML",1,"Marmara Denizi - [17.58 km] Marmaraereğlisi (Tekirdağ)",686881
"23/10/2025 06:51:37",27.49389,40.70833,15.58,0.33,"ML",1.5,"Marmara Denizi - [11.01 km] Marmara (Balıkesir)",686809
"22/10/2025 15:22:11",28.22611,40.63944,7.07,0.22,"ML",1.7,"Marmara Denizi - [25.48 km] Erdek (Balıkesir)",686715
"22/10/2025 15:18:30",28.24,40.6675,6.99,0.35,"ML",2.2,"Marmara Denizi - [28.61 km] Erdek (Balıkesir)",686714
"22/10/2025 14:09:47",27.58333,40.64028,7.04,0.45,"ML",1.8,"Marmara Denizi, Marmara Adası, Marmara (Balıkesir)",686709
"22/10/2025 13:59:08",27.37833,40.73944,10.02,0.48,"ML",2.6,"Marmara Denizi - [03.87 km] Şarköy (Tekirdağ)",686707
"22/10/2025 13:13:54",29.30389,40.85361,6.94,0.38,"ML",1.7,"Tuzla (İstanbul)",686704
"22/10/2025 05:08:03",27.88639,40.78389,7.19,0.38,"ML",2.4,"Marmara Denizi - [21.03 km] Marmaraereğlisi (Tekirdağ)",686660
"22/10/2025 02:59:00",27.44472,40.62361,10.02,0.37,"ML",1.2,"Marmara Denizi - [08.08 km] Marmara (Balıkesir)",686651
"22/10/2025 02:21:54",27.95944,40.79361,7,0.31,"ML",1.3,"Marmara Denizi - [19.14 km] Marmaraereğlisi (Tekirdağ)",686647
"21/10/2025 23:38:10",27.53333,40.7725,7.1,0.53,"ML",1.5,"Marmara Denizi - [12.37 km] Süleymanpaşa (Tekirdağ)",686635
"21/10/2025 16:00:24",27.95611,40.8,6.94,0.65,"ML",1.8,"Marmara Denizi - [18.43 km] Marmaraereğlisi (Tekirdağ)",686596
"21/10/2025 14:09:57",27.01639,40.03694,7.04,0.62,"ML",1.6,"Çan (Çanakkale)",686589
"21/10/2025 08:41:58",27.91917,40.78944,7.03,0.59,"ML",2.6,"Marmara Denizi",686555
"20/10/2025 23:55:45",27.38472,40.71389,9.64,0.61,"ML",1.4,"Marmara Denizi",686506
"20/10/2025 19:18:02",29.30778,40.125,6.98,0.5,"ML",1.6,"Kestel (Bursa)",686474
"20/10/2025 17:27:42",26.08667,40.19361,7.32,0.25,"ML",1.2,"Ege Denizi - [12.56 km] Gökçeada (Çanakkale)",686462
"20/10/2025 01:46:35",28.01694,40.79111,7.09,0.75,"ML",1.2,"Marmara Denizi - [20.04 km] Marmaraereğlisi (Tekirdağ)",686357
"19/10/2025 19:20:06",27.895,40.72583,7,0.76,"ML",1.1,"Marmara Denizi - [20.01 km] Marmara (Balıkesir)",686307
"19/10/2025 08:49:41",27.87611,40.84083,6.76,0.69,"ML",1.9,"Marmara Denizi - [15.06 km] Marmaraereğlisi (Tekirdağ)",686254
"19/10/2025 03:56:25",27.90083,40.77639,5.57,0.24,"ML",1.6,"Marmara Denizi - [21.60 km] Marmaraereğlisi (Tekirdağ)",686214
"19/10/2025 01:43:22",28.82222,40.85917,7.85,0.26,"ML",1.8,"Marmara Denizi - [11.28 km] Bakırköy (İstanbul)",686201
"18/10/2025 22:54:35",27.50167,40.75611,14.24,0.06,"ML",1.1,"Marmara Denizi - [11.67 km] Süleymanpaşa (Tekirdağ)",686184
"18/10/2025 22:07:43",27.92194,40.8075,7.02,0.35,"ML",2,"Marmara Denizi - [17.86 km] Marmaraereğlisi (Tekirdağ)",686181
"18/10/2025 04:00:58",27.95722,40.82639,7,0.5,"ML",1.5,"Marmara Denizi - [15.50 km] Marmaraereğlisi (Tekirdağ)",686099
"18/10/2025 03:27:12",29.31972,40.86333,7,0.48,"ML",2.1,"Tuzla (İstanbul)",686090
"18/10/2025 02:40:48",26.30056,40.4675,7,0.48,"ML",1,"Ege Denizi - Saros Körfezi - [15.98 km] Eceabat (Çanakkale)",686088
"18/10/2025 00:47:31",27.5175,40.75083,7.42,0.68,"ML",2.4,"Marmara Denizi - [13.07 km] Süleymanpaşa (Tekirdağ)",686077
"17/10/2025 18:12:21",27.59556,40.57778,7.23,0.47,"ML",1.2,"Marmara Denizi - [00.42 km] Marmara (Balıkesir)",686037
"17/10/2025 06:53:50",29.22778,40.66694,8.31,0.11,"ML",1.9,"Marmara Denizi - [02.38 km] Merkez (Yalova)",685969
"16/10/2025 17:10:38",29.03417,40.61944,7.03,0.16,"ML",1.8,"Çınarcık (Yalova)",685874
"16/10/2025 17:04:37",28.98778,40.63556,7.73,0.16,"ML",1.4,"Çınarcık (Yalova)",685876
"16/10/2025 13:57:20",28.99722,40.62306,4.93,0.17,"ML",1.2,"Çınarcık (Yalova)",685852
"16/10/2025 08:22:22",26.03806,40.17139,13.53,0.19,"ML",1.9,"Ege Denizi - [08.38 km] Gökçeada (Çanakkale)",685815
"15/10/2025 08:17:15",27.95694,40.78722,8.75,0.35,"ML",1.6,"Marmara Denizi - [19.85 km] Marmaraereğlisi (Tekirdağ)",685694
"15/10/2025 02:58:06",27.5425,40.2,11.41,0.4,"ML",1.2,"Gönen (Balıkesir)",685654
"15/10/2025 01:47:39",29.15389,40.71306,5.44,0.31,"ML",1.2,"Marmara Denizi - [06.64 km] Çınarcık (Yalova)",685646
"15/10/2025 01:01:54",27.96944,40.79667,7,0.22,"ML",1.2,"Marmara Denizi - [18.82 km] Marmaraereğlisi (Tekirdağ)",685642
"15/10/2025 00:00:27",29.18333,40.70278,6.97,0.36,"ML",1,"Marmara Denizi - [05.66 km] Çınarcık (Yalova)",685632
"14/10/2025 04:08:16",27.97806,40.79389,6.68,0.6,"ML",1.9,"Marmara Denizi",685492
"13/10/2025 20:09:50",27.95861,40.8025,6.97,0.62,"ML",1.5,"Marmara Denizi - [18.15 km] Marmaraereğlisi (Tekirdağ)",685441
"13/10/2025 19:17:46",27.94306,40.80833,7.02,0.71,"ML",1.6,"Marmara Denizi - [17.55 km] Marmaraereğlisi (Tekirdağ)",685436
"13/10/2025 12:34:15",29.22611,40.66861,10.94,0.24,"ML",2,"Marmara Denizi - [02.61 km] Merkez (Yalova)",685405
"13/10/2025 10:53:12",27.89694,40.82611,6.98,0.85,"ML",1.6,"Marmara Denizi - [16.26 km] Marmaraereğlisi (Tekirdağ)",685407
"13/10/2025 05:54:32",27.57417,40.83444,6.92,0.41,"ML",1.9,"Marmara Denizi - [10.43 km] Süleymanpaşa (Tekirdağ)",685371
"12/10/2025 21:26:45",27.93972,40.79306,6.91,0.32,"ML",2,"Marmara Denizi - [19.26 km] Marmaraereğlisi (Tekirdağ)",685320
"12/10/2025 06:25:28",27.93778,40.80306,7.08,0.62,"ML",1.9,"Marmara Denizi",685251
"12/10/2025 03:51:52",28.42444,40.46528,7,0.72,"ML",1.6,"Marmara Denizi - [10.18 km] Karacabey (Bursa)",685217
"12/10/2025 01:41:03",28.28639,40.83806,6.98,0.73,"ML",2.4,"Marmara Denizi - [25.41 km] Silivri (İstanbul)",685190
"11/10/2025 11:00:32",27.54194,40.47972,6.27,0.23,"ML",2.1,"Marmara Denizi - [02.57 km] Marmara (Balıkesir)",685102
"11/10/2025 05:45:11",27.95056,40.69778,7.06,0.37,"ML",1.4,"Marmara Denizi",685073
"11/10/2025 04:17:40",27.68778,40.85028,7.07,0.47,"ML",1.1,"Marmara Denizi - [17.16 km] Süleymanpaşa (Tekirdağ)",685062
"11/10/2025 03:36:48",27.93833,40.81028,7.92,0.4,"ML",1.8,"Marmara Denizi - [17.37 km] Marmaraereğlisi (Tekirdağ)",685058
"11/10/2025 03:07:37",27.89611,40.8025,7,0.46,"ML",2.4,"Marmara Denizi - [18.87 km] Marmaraereğlisi (Tekirdağ)",685052
"11/10/2025 01:48:40",28.00472,40.77972,5.82,0.52,"ML",1.5,"Marmara Denizi - [21.05 km] Marmaraereğlisi (Tekirdağ)",685047
"11/10/2025 00:51:08",27.95333,40.8125,8.43,0.56,"ML",1.9,"Marmara Denizi - [17.05 km] Marmaraereğlisi (Tekirdağ)",685043
"10/10/2025 03:21:32",27.94806,40.76556,6.92,0.69,"ML",1.5,"Marmara Denizi - [22.27 km] Marmaraereğlisi (Tekirdağ)",684892
"10/10/2025 02:28:32",28.17806,40.80278,4.48,0.59,"ML",1.9,"Marmara Denizi - [25.93 km] Marmaraereğlisi (Tekirdağ)",684883
"09/10/2025 17:16:54",27.90806,40.78806,7.02,0.41,"ML",2,"Marmara Denizi - [20.20 km] Marmaraereğlisi (Tekirdağ)",684815
"09/10/2025 13:33:11",28.27222,40.82278,9.9,0.87,"MW",3.6,"Marmara Denizi - [27.11 km] Silivri (İstanbul)",684768
"09/10/2025 13:26:36",28.01889,40.73917,15,0.86,"ML",1.9,"Marmara Denizi - [25.70 km] Marmaraereğlisi (Tekirdağ)",684775
"09/10/2025 05:39:04",29.18222,40.66639,8.81,0.26,"ML",1.9,"Marmara Denizi",684691
"08/10/2025 23:39:00",28.26333,40.85389,7.2,0.57,"ML",1.8,"Marmara Denizi",684628
"08/10/2025 21:04:36",27.35389,40.75972,9.68,0.29,"ML",2,"Marmara Denizi",684607
"08/10/2025 07:39:48",27.94306,40.8,6.26,0.76,"ML",1.7,"Marmara Denizi - [18.47 km] Marmaraereğlisi (Tekirdağ)",684537
"08/10/2025 05:01:04",28.27444,40.83944,9.53,0.51,"ML",1.7,"Marmara Denizi - [25.25 km] Silivri (İstanbul)",684516
"08/10/2025 02:28:52",27.90361,40.78444,7,0.87,"ML",1.7,"Marmara Denizi - [20.67 km] Marmaraereğlisi (Tekirdağ)",684495
"07/10/2025 22:50:46",28.79,40.16139,7.12,0.51,"ML",2,"Nilüfer (Bursa)",684476
"07/10/2025 11:20:14",27.42222,40.01028,7,0.22,"ML",1.3,"Yenice (Çanakkale)",684409
"06/10/2025 17:28:42",27.94667,40.80667,7,0.38,"ML",1.8,"Marmara Denizi - [17.72 km] Marmaraereğlisi (Tekirdağ)",684276
"06/10/2025 09:55:08",28.95194,40.44,7.56,0.22,"ML",1.7,"Marmara Denizi - Gemlik Körfezi - [03.08 km] Armutlu (Yalova)",684206
"06/10/2025 04:46:16",27.625,40.39806,13.54,0.3,"ML",1.6,"Marmara Denizi - Erdek Körfezi - [07.16 km] Erdek (Balıkesir)",684186
"05/10/2025 20:43:57",27.91667,40.80333,6.81,0.7,"ML",1.9,"Marmara Denizi",684143
"05/10/2025 14:11:59",28.00778,40.79611,7,0.84,"ML",1.3,"Marmara Denizi - [19.32 km] Marmaraereğlisi (Tekirdağ)",684106
"05/10/2025 13:55:35",28.00472,40.79056,7,0.76,"ML",1.8,"Marmara Denizi - [19.87 km] Marmaraereğlisi (Tekirdağ)",684104
"05/10/2025 13:43:49",27.93778,40.78944,10.61,0.6,"ML",3.5,"Marmara Denizi",684100
"05/10/2025 05:52:15",27.88528,40.79333,7.01,0.74,"ML",1.7,"Marmara Denizi - [20.02 km] Marmaraereğlisi (Tekirdağ)",684061
"05/10/2025 05:44:09",28.03139,40.81944,8.54,0.28,"ML",1.2,"Marmara Denizi - [17.40 km] Marmaraereğlisi (Tekirdağ)",684062
"05/10/2025 05:35:44",27.88472,40.775,7,0.44,"ML",1.7,"Marmara Denizi - [22.03 km] Marmaraereğlisi (Tekirdağ)",684060
"05/10/2025 03:37:11",27.98111,40.80806,11.84,0.59,"ML",1.2,"Marmara Denizi - [17.64 km] Marmaraereğlisi (Tekirdağ)",684044
"04/10/2025 23:51:22",27.95833,40.73889,6.91,0.55,"ML",1.6,"Marmara Denizi - [25.22 km] Marmaraereğlisi (Tekirdağ)",684005
"04/10/2025 22:41:22",27.95722,40.81111,9.35,0.33,"ML",1.5,"Marmara Denizi - [17.20 km] Marmaraereğlisi (Tekirdağ)",683993
"04/10/2025 15:31:58",27.20028,40.41861,7,0.42,"ML",2.7,"Biga (Çanakkale)",683923
"04/10/2025 14:50:14",26.51,40.06667,7,0.25,"ML",2.5,"Merkez (Çanakkale)",683918
"04/10/2025 11:27:55",27.75639,40.76472,7,0.6,"ML",1.7,"Marmara Denizi - [14.97 km] Marmara (Balıkesir)",683898
"04/10/2025 09:11:18",27.88611,40.71583,10.18,0.71,"ML",1.7,"Marmara Denizi - [18.75 km] Marmara (Balıkesir)",683880
"04/10/2025 07:54:07",27.95028,40.80472,12.15,0.34,"ML",2.9,"Marmara Denizi - [17.92 km] Marmaraereğlisi (Tekirdağ)",683869
"04/10/2025 07:14:34",27.92639,40.82417,13.94,0.42,"ML",1.7,"Marmara Denizi - [15.97 km] Marmaraereğlisi (Tekirdağ)",683867
"04/10/2025 01:23:32",27.94833,40.80083,11.83,0.43,"ML",3.1,"Marmara Denizi - [18.36 km] Marmaraereğlisi (Tekirdağ)",683804
"04/10/2025 00:44:43",27.955,40.81389,7.03,0.39,"ML",2.1,"Marmara Denizi - [16.89 km] Marmaraereğlisi (Tekirdağ)",683795
"03/10/2025 23:17:14",27.50444,40.26806,7,0.22,"ML",1.3,"Biga (Çanakkale)",683772
"03/10/2025 22:52:00",27.95833,40.80833,7.79,0.34,"ML",1.6,"Marmara Denizi - [17.50 km] Marmaraereğlisi (Tekirdağ)",683771
"03/10/2025 19:59:20",27.97667,40.80583,7,0.44,"ML",2,"Marmara Denizi - [17.85 km] Marmaraereğlisi (Tekirdağ)",683741
"03/10/2025 19:21:26",28.82889,40.43611,7.18,0.51,"ML",1.6,"Marmara Denizi - Gemlik Körfezi - [05.74 km] Mudanya (Bursa)",683736
"03/10/2025 15:52:38",29.18889,40.49694,12.56,0.63,"ML",1.8,"Gemlik (Bursa)",683708
"03/10/2025 13:02:05",28.31389,40.86111,7,0.57,"ML",1.5,"Marmara Denizi",683693
"03/10/2025 11:01:52",27.69611,40.75444,7.07,0.33,"ML",1.8,"Marmara Denizi",683690
"03/10/2025 10:18:26",27.88861,40.81667,7.29,0.36,"ML",1.4,"Marmara Denizi",683683
"03/10/2025 05:24:32",27.96194,40.80278,7.14,0.72,"ML",2.1,"Marmara Denizi",683657
"03/10/2025 02:48:55",27.93361,40.78944,7.03,0.54,"ML",2.7,"Marmara Denizi",683642
"03/10/2025 02:36:28",27.96417,40.79222,7.04,0.73,"ML",2.1,"Marmara Denizi",683645
"03/10/2025 00:43:02",27.90806,40.78,6.99,0.51,"ML",1.6,"Marmara Denizi",683629
"02/10/2025 22:10:12",27.94361,40.82167,6.87,0.49,"ML",2.5,"Marmara Denizi - [16.07 km] Marmaraereğlisi (Tekirdağ)",683607
"02/10/2025 22:05:29",27.94111,40.77222,7,0.75,"ML",1.9,"Marmara Denizi - [21.56 km] Marmaraereğlisi (Tekirdağ)",683608
"02/10/2025 20:32:00",27.98583,40.81833,7,0.9,"ML",2.2,"Marmara Denizi - [16.56 km] Marmaraereğlisi (Tekirdağ)",683599
"02/10/2025 20:13:45",27.91694,40.74389,7.09,0.89,"ML",1.7,"Marmara Denizi - [22.71 km] Marmara (Balıkesir)",683611
"02/10/2025 19:55:40",27.98194,40.84083,10.42,0.82,"ML",2,"Marmara Denizi - [14.04 km] Marmaraereğlisi (Tekirdağ)",683602
"02/10/2025 19:51:34",27.93944,40.8025,6.67,0.72,"ML",2,"Marmara Denizi - [18.22 km] Marmaraereğlisi (Tekirdağ)",683597
"02/10/2025 17:39:51",27.94833,40.80417,7.05,0.72,"ML",2.4,"Marmara Denizi - [17.99 km] Marmaraereğlisi (Tekirdağ)",683592
"02/10/2025 17:27:14",27.93861,40.80944,7.03,0.37,"MW",4,"Marmara Denizi - [17.46 km] Marmaraereğlisi (Tekirdağ)",683588
"02/10/2025 17:09:41",27.93167,40.74444,7.13,0.47,"ML",2,"Marmara Denizi - [23.73 km] Marmara (Balıkesir)",683589
"02/10/2025 17:05:33",27.99806,40.81889,7.11,0.82,"ML",2.7,"Marmara Denizi - [16.68 km] Marmaraereğlisi (Tekirdağ)",683586
"02/10/2025 16:59:04",27.91056,40.82083,7,0.94,"ML",1.9,"Marmara Denizi - [16.61 km] Marmaraereğlisi (Tekirdağ)",683582
"02/10/2025 16:54:49",27.91583,40.7575,6.92,0.96,"ML",1.5,"Marmara Denizi - [23.42 km] Marmaraereğlisi (Tekirdağ)",683584
"02/10/2025 16:36:17",27.94417,40.80806,7.23,0.94,"ML",1.3,"Marmara Denizi - [17.57 km] Marmaraereğlisi (Tekirdağ)",683585
"02/10/2025 16:32:20",27.98028,40.81028,6.99,0.43,"ML",1.8,"Marmara Denizi - [17.39 km] Marmaraereğlisi (Tekirdağ)",683583
"02/10/2025 16:17:28",27.91056,40.76056,7,0.73,"ML",1.7,"Marmara Denizi - [23.16 km] Marmaraereğlisi (Tekirdağ)",683576
"02/10/2025 16:06:47",27.92611,40.76278,7,0.37,"ML",1.6,"Marmara Denizi - [22.72 km] Marmaraereğlisi (Tekirdağ)",683574
"02/10/2025 15:40:31",27.92694,40.83472,7,0.99,"ML",1.8,"Marmara Denizi - [14.81 km] Marmaraereğlisi (Tekirdağ)",683572
"02/10/2025 15:38:21",27.98417,40.80444,7.06,0.57,"ML",2.3,"Marmara Denizi - [18.07 km] Marmaraereğlisi (Tekirdağ)",683571
"02/10/2025 15:36:15",27.93889,40.81806,7,0.94,"ML",1.5,"Marmara Denizi - [16.50 km] Marmaraereğlisi (Tekirdağ)",683573
"02/10/2025 15:25:27",27.94417,40.72861,7.14,0.6,"ML",1.6,"Marmara Denizi - [23.62 km] Marmara (Balıkesir)",683568
"02/10/2025 15:23:20",27.9225,40.77556,7.11,0.83,"ML",2.1,"Marmara Denizi - [21.36 km] Marmaraereğlisi (Tekirdağ)",683567
"02/10/2025 15:21:46",27.92056,40.81083,7.1,0.94,"ML",2.4,"Marmara Denizi - [17.52 km] Marmaraereğlisi (Tekirdağ)",683566
"02/10/2025 15:17:06",27.96722,40.80639,6.94,0.63,"ML",2.1,"Marmara Denizi - [17.74 km] Marmaraereğlisi (Tekirdağ)",683569
"02/10/2025 15:14:02",27.95194,40.81806,7,0.35,"ML",2,"Marmara Denizi - [16.43 km] Marmaraereğlisi (Tekirdağ)",683563
"02/10/2025 15:11:32",27.89889,40.77,7,0.35,"ML",2.9,"Marmara Denizi - [22.33 km] Marmaraereğlisi (Tekirdağ)",683562
"02/10/2025 15:09:40",27.92,40.82194,7,0.38,"ML",1.6,"Marmara Denizi - [16.31 km] Marmaraereğlisi (Tekirdağ)",683561
"02/10/2025 15:07:33",27.93278,40.80528,7,0.36,"ML",2.4,"Marmara Denizi - [17.97 km] Marmaraereğlisi (Tekirdağ)",683560
"02/10/2025 15:03:14",27.90278,40.76889,7,0.89,"ML",2.3,"Marmara Denizi - [22.38 km] Marmaraereğlisi (Tekirdağ)",683559
"02/10/2025 15:02:45",27.95472,40.80917,6.21,0.62,"ML",2.2,"Marmara Denizi - [17.41 km] Marmaraereğlisi (Tekirdağ)",683558
"02/10/2025 14:58:30",27.93389,40.82167,6.73,0.78,"ML",3.8,"Marmara Denizi - [16.15 km] Marmaraereğlisi (Tekirdağ)",683564
"02/10/2025 14:55:03",27.92639,40.81972,9.97,0.86,"MW",5,"Marmara Denizi - [16.46 km] Marmaraereğlisi (Tekirdağ)",683556
"02/10/2025 09:37:30",28.62611,40.74667,7,0.67,"ML",2.1,"Marmara Denizi - [24.45 km] Beylikdüzü (İstanbul)",683512
"02/10/2025 08:03:25",28.54278,40.72722,6.99,0.57,"ML",1.7,"Marmara Denizi - [27.93 km] Beylikdüzü (İstanbul)",683489
"02/10/2025 08:00:51",28.53944,40.82889,23.5,0.53,"ML",1.8,"Marmara Denizi - [17.67 km] Beylikdüzü (İstanbul)",683490
"01/10/2025 06:49:32",28.53631,40.69889,10.54,0.39,"ML",1.2,"Marmara Denizi - [31.05 km] Beylikdüzü (İstanbul)",683236
"01/10/2025 06:40:40",27.50364,40.78474,12.76,0.25,"ML",1.1,"Marmara Denizi - [09.41 km] Süleymanpaşa (Tekirdağ)",683237
"30/09/2025 13:10:34",27.71838,40.23953,7.54,0.18,"ML",1.4,"Gönen (Balıkesir)",683090
"30/09/2025 07:01:32",28.88419,40.34918,6.98,0.73,"ML",1.8,"Mudanya (Bursa)",683048
"28/09/2025 12:26:09",27.27028,40.34157,7.69,0.23,"ML",1.9,"Biga (Çanakkale)",682506
"28/09/2025 03:42:32",29.0192,40.18627,8.31,0.31,"ML",1.2,"Osmangazi (Bursa)",682436
"27/09/2025 22:51:52",28.27109,40.38904,7,0.27,"ML",1.5,"Karacabey (Bursa)",682396
"27/09/2025 02:28:24",27.62811,40.40405,7,0.82,"ML",3.1,"Marmara Denizi - Erdek Körfezi - [06.12 km] Erdek (Balıkesir)",682326
"26/09/2025 14:20:16",29.2051,40.4549,8.08,0.27,"ML",2.1,"Gemlik (Bursa)",682273
"26/09/2025 01:39:05",28.31948,40.1285,7.01,0.09,"ML",1.3,"Karacabey (Bursa)",682183
"25/09/2025 02:39:54",28.32378,40.82341,7.03,0.71,"ML",1.9,"Marmara Denizi - [24.54 km] Büyükçekmece (İstanbul)",682044
"25/09/2025 00:31:12",28.45193,40.40143,7.06,0.63,"ML",1.7,"Marmara Denizi - [04.56 km] Karacabey (Bursa)",682032
"24/09/2025 14:11:36",27.76846,40.25499,7,0.37,"ML",1.6,"Bandırma (Balıkesir)",681926
"24/09/2025 01:42:27",28.94498,40.41041,7,0.36,"ML",2.1,"Marmara Denizi - Gemlik Körfezi - [05.47 km] Armutlu (Yalova)",681812
"24/09/2025 00:53:05",28.85428,40.35431,6.43,0.52,"ML",2,"Mudanya (Bursa)",681794
"23/09/2025 06:30:53",28.57868,40.36568,6.98,0.63,"ML",2.1,"Mudanya (Bursa)",681629
"21/09/2025 20:08:41",27.92363,40.73296,7.05,0.45,"ML",1.7,"Marmara Denizi - [23.40 km] Marmara (Balıkesir)",681251
"21/09/2025 11:46:19",29.45483,40.18821,6.98,0.31,"ML",2,"İnegöl (Bursa)",681208
"21/09/2025 07:40:57",27.18146,40.37865,6.98,0.55,"ML",1.7,"Biga (Çanakkale)",681170
"20/09/2025 05:43:55",27.44531,40.73763,6.96,0.31,"ML",1.2,"Marmara Denizi - [09.66 km] Şarköy (Tekirdağ)",681038
"20/09/2025 02:05:24",27.44684,40.73252,16.36,0.37,"ML",2.1,"Marmara Denizi - [09.67 km] Şarköy (Tekirdağ)",681025
"19/09/2025 23:17:51",26.20514,40.40141,9.16,0.31,"ML",2.2,"Ege Denizi - Saros Körfezi - [14.86 km] Eceabat (Çanakkale)",681012
"19/09/2025 00:37:01",28.48102,40.62059,8.74,0.26,"ML",1.6,"Marmara Denizi - [28.99 km] Karacabey (Bursa)",680910
"18/09/2025 21:40:36",28.40111,40.85227,7.03,0.58,"ML",2.1,"Marmara Denizi - [18.46 km] Büyükçekmece (İstanbul)",680892
"18/09/2025 15:24:06",27.99899,40.83088,6.61,0.84,"ML",1.9,"Marmara Denizi - [15.01 km] Marmaraereğlisi (Tekirdağ)",680868
"17/09/2025 18:45:25",27.68366,40.78735,6.93,0.47,"ML",1.7,"Marmara Denizi - [15.69 km] Marmara (Balıkesir)",680734
"17/09/2025 16:48:56",27.10799,40.25611,7,0.43,"ML",1.3,"Biga (Çanakkale)",680723
"17/09/2025 13:06:54",27.48247,40.81664,7.77,0.43,"ML",2.5,"Marmara Denizi - [05.89 km] Süleymanpaşa (Tekirdağ)",680700
"16/09/2025 12:42:25",27.70078,40.22046,7,0.15,"ML",1.6,"Gönen (Balıkesir)",680541
"14/09/2025 09:16:38",29.12569,40.46932,5.9,0.21,"ML",1.6,"Gemlik (Bursa)",680204
"14/09/2025 03:29:16",27.28551,40.17906,7.02,0.46,"ML",1.8,"Biga (Çanakkale)",680145
"13/09/2025 21:24:27",28.06622,40.03325,7.01,0.28,"ML",1.1,"Manyas (Balıkesir)",680088
"12/09/2025 14:20:31",27.70541,40.20954,6.88,0.6,"ML",1.4,"Gönen (Balıkesir)",679828
"12/09/2025 09:15:07",28.00142,40.80281,7.01,0.61,"ML",1.7,"Marmara Denizi - [17.90 km] Marmaraereğlisi (Tekirdağ)",679779
"12/09/2025 07:31:04",27.19195,40.3393,6.98,0.19,"ML",1.2,"Biga (Çanakkale)",679767
"11/09/2025 06:24:50",28.99971,40.56963,11.73,0.73,"ML",1.4,"Çınarcık (Yalova)",679598
"10/09/2025 22:43:03",27.74888,40.6141,7,0.79,"ML",1.5,"Marmara Denizi - [03.90 km] Marmara (Balıkesir)",679545
"10/09/2025 20:47:16",27.0868,40.43466,16.22,0.21,"ML",1.5,"Biga (Çanakkale)",679530
"10/09/2025 08:30:07",27.03187,40.24819,8.85,0.12,"ML",1.6,"Biga (Çanakkale)",679450
"10/09/2025 06:41:06",28.13234,40.80171,9.15,0.49,"ML",1.6,"Marmara Denizi - [23.20 km] Marmaraereğlisi (Tekirdağ)",679438
"10/09/2025 05:02:14",29.18242,40.47083,7,0.28,"ML",1.5,"Gemlik (Bursa)",679425
"10/09/2025 05:01:10",28.11263,40.82418,6.97,0.51,"ML",1.8,"Marmara Denizi - [20.36 km] Marmaraereğlisi (Tekirdağ)",679424
"10/09/2025 01:20:03",28.27456,40.83526,8.46,0.55,"ML",1.1,"Marmara Denizi - [25.34 km] Silivri (İstanbul)",679366
"08/09/2025 02:29:08",27.4756,40.28233,7.02,0.28,"ML",1.5,"Biga (Çanakkale)",678891
"08/09/2025 01:32:49",28.135,40.26788,7,0.42,"ML",1.2,"Bandırma (Balıkesir)",678874
"06/09/2025 10:46:38",29.04609,40.44752,6.49,0.37,"ML",1.2,"Marmara Denizi - Gemlik Körfezi - [02.94 km] Gemlik (Bursa)",678520
"06/09/2025 05:30:29",29.09167,40.43052,7,0.6,"ML",1.9,"Marmara Denizi - Gemlik Körfezi - [02.48 km] Gemlik (Bursa)",678468
"05/09/2025 07:03:21",28.14125,40.83075,10.99,0.53,"ML",2,"Marmara Denizi - [21.55 km] Marmaraereğlisi (Tekirdağ)",678312
"05/09/2025 03:10:09",28.16956,40.82352,9.35,0.78,"ML",3.2,"Marmara Denizi - [23.59 km] Marmaraereğlisi (Tekirdağ)",678264
"05/09/2025 01:38:13",27.97139,40.74573,6.26,0.72,"ML",1.9,"Marmara Denizi - [24.07 km] Marmaraereğlisi (Tekirdağ)",678247
"03/09/2025 21:08:55",29.63583,40.38636,6.1,0.25,"ML",1.2,"İznik Gölü - [02.24 km] İznik (Bursa)",678024
"03/09/2025 15:29:13",27.60611,40.66067,7,0.74,"ML",1.7,"Marmara Denizi - [04.84 km] Marmara (Balıkesir)",677981
"02/09/2025 22:32:32",28.27316,40.83216,5.1,0.45,"ML",1.5,"Marmara Denizi - [25.53 km] Silivri (İstanbul)",677866
"02/09/2025 19:26:03",27.45766,40.25176,7,0.73,"ML",1.2,"Biga (Çanakkale)",677848
"02/09/2025 03:41:41",28.86837,40.42647,6.96,0.48,"ML",1.6,"Marmara Denizi - Gemlik Körfezi - [05.80 km] Mudanya (Bursa)",677733
"02/09/2025 02:16:21",28.95221,40.4015,7.58,0.35,"ML",2.2,"Marmara Denizi - Gemlik Körfezi - [05.46 km] Mudanya (Bursa)",677707
"01/09/2025 17:24:40",28.09612,40.45614,7.02,0.88,"ML",1.8,"Marmara Denizi - [06.28 km] Erdek (Balıkesir)",677593
"01/09/2025 14:58:58",26.16802,40.01551,11.56,0.14,"ML",1.4,"Ege Denizi - [02.69 km] Eceabat (Çanakkale)",677563
"31/08/2025 14:01:14",28.16414,40.77631,6.79,0.68,"ML",2,"Marmara Denizi - [26.64 km] Marmaraereğlisi (Tekirdağ)",677236
"31/08/2025 07:55:13",27.89934,40.78954,7.03,0.66,"ML",1.7,"Marmara Denizi - [19.40 km] Marmaraereğlisi (Tekirdağ)",677195
"30/08/2025 17:10:13",26.13083,40.04028,7,0.35,"ML",1.6,"Ege Denizi - [04.73 km] Eceabat (Çanakkale)",677041
"30/08/2025 11:53:29",27.96744,40.03244,11.42,0.32,"ML",0.8,"Manyas (Balıkesir)",676993
"28/08/2025 21:03:41",28.31036,40.82348,6.92,0.68,"ML",2.4,"Marmara Denizi - [24.75 km] Büyükçekmece (İstanbul)",676608
"27/08/2025 11:33:55",28.36315,40.07233,7,0.15,"ML",1.1,"Mustafakemalpaşa (Bursa)",676282
"27/08/2025 05:48:55",27.25517,40.33995,13.8,0.31,"ML",2.8,"Biga (Çanakkale)",676196
"27/08/2025 04:35:24",27.51216,40.82201,18.96,0.47,"ML",1.6,"Marmara Denizi - [06.80 km] Süleymanpaşa (Tekirdağ)",676172
"26/08/2025 10:18:01",27.25733,40.34187,6.94,0.27,"ML",2.8,"Biga (Çanakkale)",675968
"26/08/2025 09:47:20",28.75506,40.12085,8.67,0.63,"ML",1.1,"Nilüfer (Bursa)",675960
"25/08/2025 19:36:52",27.47124,40.72606,7.05,0.32,"ML",1.6,"Marmara Denizi - [11.87 km] Şarköy (Tekirdağ)",675808
"25/08/2025 11:15:59",28.88086,40.39409,7.8,0.42,"ML",3.3,"Marmara Denizi - Gemlik Körfezi - [02.23 km] Mudanya (Bursa)",675729
"22/08/2025 01:45:17",28.63047,40.7821,8.65,0.6,"ML",1.4,"Marmara Denizi - [20.34 km] Beylikdüzü (İstanbul)",674366
"22/08/2025 00:37:20",29.23082,40.55427,10.59,0.14,"ML",1.5,"Merkez (Yalova)",674329
"21/08/2025 13:23:47",27.72778,40.22275,9.81,0.28,"ML",1.5,"Gönen (Balıkesir)",674154
"21/08/2025 10:14:04",28.01548,40.39484,10.15,0.5,"ML",1.8,"Marmara Denizi - Bandırma Körfezi - [03.97 km] Bandırma (Balıkesir)",674111
"20/08/2025 19:57:38",28.27194,40.84173,9.42,0.37,"ML",3.2,"Marmara Denizi - [24.86 km] Silivri (İstanbul)",673912
"20/08/2025 10:57:21",27.51267,40.77151,6.98,0.31,"ML",2.8,"Marmara Denizi - [10.96 km] Süleymanpaşa (Tekirdağ)",673761
"19/08/2025 10:17:37",28.51771,40.09415,7,0.44,"ML",1.4,"Mustafakemalpaşa (Bursa)",673312
"18/08/2025 21:16:12",27.98622,40.79467,6.61,0.33,"ML",1.4,"Marmara Denizi - [18.60 km] Marmaraereğlisi (Tekirdağ)",673145
"18/08/2025 07:53:08",29.1989,40.48833,7,0.19,"ML",1.8,"Gemlik (Bursa)",672927
"17/08/2025 17:20:33",28.29195,40.83565,5.32,0.57,"ML",1.7,"Marmara Denizi - [25.07 km] Silivri (İstanbul)",672653
"17/08/2025 17:14:40",28.28766,40.84268,7.63,0.49,"ML",2.8,"Marmara Denizi - [24.05 km] Silivri (İstanbul)",672635
"17/08/2025 17:00:01",27.4582,40.40837,6.99,0.4,"ML",2.9,"Marmara Denizi - Erdek Körfezi - [10.83 km] Marmara (Balıkesir)",672643
"17/08/2025 15:22:43",27.83121,40.84958,7,0.54,"ML",1.4,"Marmara Denizi - [14.76 km] Marmaraereğlisi (Tekirdağ)",672614
"17/08/2025 04:31:43",28.28031,40.85028,5.81,0.41,"ML",2.1,"Marmara Denizi - [24.05 km] Silivri (İstanbul)",672371
"17/08/2025 02:09:42",28.37459,40.8333,6.8,0.71,"ML",2.3,"Marmara Denizi - [21.78 km] Büyükçekmece (İstanbul)",672423
"17/08/2025 01:13:32",27.1065,40.39571,7.04,0.42,"ML",2.2,"Biga (Çanakkale)",672354
"16/08/2025 23:11:46",27.87447,40.22892,7.43,0.23,"ML",1.8,"Bandırma (Balıkesir)",672334
"13/08/2025 04:03:15",29.32583,40.6959,7,0.85,"ML",1.6,"Marmara Denizi - [03.11 km] Çiftlikköy (Yalova)",670261
"09/08/2025 21:47:35",27.49061,40.78927,7,0.68,"ML",1.4,"Marmara Denizi - [09.22 km] Süleymanpaşa (Tekirdağ)",668945
"09/08/2025 20:00:39",29.23065,40.48067,6.76,0.51,"ML",1.4,"Orhangazi (Bursa)",668939
"09/08/2025 00:15:47",28.15016,40.84117,7.15,0.76,"ML",3.3,"Marmara Denizi - [21.52 km] Marmaraereğlisi (Tekirdağ)",668883
"08/08/2025 08:26:49",28.31743,40.84341,5.54,0.39,"ML",1.9,"Marmara Denizi - [22.64 km] Büyükçekmece (İstanbul)",668844
"08/08/2025 07:53:33",29.19049,40.49468,6.98,0.52,"ML",2,"Gemlik (Bursa)",668843
"08/08/2025 01:31:33",29.11477,40.56552,5.47,0.15,"ML",1.4,"Çınarcık (Yalova)",668822
"07/08/2025 10:07:25",28.29421,40.83912,8.25,0.71,"ML",2.3,"Marmara Denizi - [24.76 km] Silivri (İstanbul)",668778
"06/08/2025 21:31:32",28.2559,40.85104,6.91,0.46,"ML",1.8,"Marmara Denizi - [23.22 km] Silivri (İstanbul)",668750
"06/08/2025 09:37:30",26.42287,40.4828,17.75,0.35,"ML",2.5,"Ege Denizi - Saros Körfezi - [10.68 km] Gelibolu (Çanakkale)",668717
"06/08/2025 08:51:40",28.28277,40.84204,7.9,0.43,"ML",2,"Marmara Denizi - [24.78 km] Silivri (İstanbul)",668715
"06/08/2025 00:14:46",28.28424,40.83554,7,0.92,"ML",2.2,"Marmara Denizi - [24.70 km] Silivri (İstanbul)",668687
"05/08/2025 23:36:39",27.04012,40.22936,7.04,0.46,"ML",1.4,"Biga (Çanakkale)",668685
"05/08/2025 12:30:35",27.52024,40.50194,5.56,0.24,"ML",2.3,"Marmara Denizi, Avşa Adası, Marmara (Balıkesir)",668649
"04/08/2025 23:50:54",28.12964,40.83022,6.31,0.77,"ML",2.4,"Marmara Denizi - [21.22 km] Marmaraereğlisi (Tekirdağ)",668591
"04/08/2025 22:17:45",28.12433,40.84271,7.25,0.5,"ML",1.8,"Marmara Denizi - [19.43 km] Marmaraereğlisi (Tekirdağ)",668585
"04/08/2025 05:09:06",28.37233,40.85383,7.18,0.56,"ML",1.2,"Marmara Denizi - [19.32 km] Büyükçekmece (İstanbul)",668522
"04/08/2025 01:40:04",28.31862,40.85197,12.09,0.84,"ML",2.4,"Marmara Denizi - [22.14 km] Büyükçekmece (İstanbul)",668515
"03/08/2025 13:43:09",29.0755,40.44184,15.57,0.4,"ML",2.4,"Marmara Denizi - Gemlik Körfezi - [03.42 km] Gemlik (Bursa)",668492
"03/08/2025 10:52:03",27.76263,40.83684,9.68,0.52,"ML",1.6,"Marmara Denizi - [19.44 km] Marmaraereğlisi (Tekirdağ)",668483
"02/08/2025 22:57:24",27.27269,40.39039,7.04,0.22,"ML",1.2,"Biga (Çanakkale)",668405
"02/08/2025 05:26:23",29.20135,40.47617,7.04,0.17,"ML",1.2,"Gemlik (Bursa)",668367
"01/08/2025 18:36:03",27.5016,40.7459,16.9,0.76,"ML",2,"Marmara Denizi - [12.58 km] Süleymanpaşa (Tekirdağ)",668330
"01/08/2025 13:17:25",27.72576,40.24397,7,0.25,"ML",1.3,"Gönen (Balıkesir)",668320
"01/08/2025 04:33:19",28.26945,40.82733,15.07,0.59,"ML",2.5,"Marmara Denizi - [25.38 km] Silivri (İstanbul)",668272
"31/07/2025 13:36:40",28.26097,40.83925,9.91,0.42,"ML",3.5,"Marmara Denizi - [24.65 km] Silivri (İstanbul)",668223
"31/07/2025 07:48:01",27.45035,40.68122,6.24,0.23,"ML",1.3,"Marmara Denizi - [11.20 km] Marmara (Balıkesir)",668207
"31/07/2025 06:33:21",26.08365,40.07511,13.16,0.14,"ML",1.6,"Ege Denizi - [09.87 km] Eceabat (Çanakkale)",668203
"30/07/2025 21:58:33",29.04676,40.19865,11.12,0.33,"ML",2.3,"Osmangazi (Bursa)",668176
"30/07/2025 12:24:08",28.55114,40.11934,7.69,0.94,"ML",2,"Mustafakemalpaşa (Bursa)",668136
"30/07/2025 03:41:51",28.12521,40.81955,7,0.41,"ML",3.2,"Marmara Denizi - [21.50 km] Marmaraereğlisi (Tekirdağ)",668116
"29/07/2025 08:24:41",28.18647,40.41993,7.59,0.36,"ML",1.9,"Marmara Denizi - [07.72 km] Bandırma (Balıkesir)",668051
"29/07/2025 04:53:26",29.20997,40.48433,8.18,0.27,"ML",1.7,"Gemlik (Bursa)",668034
"29/07/2025 02:11:45",28.31936,40.85411,16.74,0.88,"ML",1.8,"Marmara Denizi - [22.18 km] Büyükçekmece (İstanbul)",668049
"29/07/2025 00:33:22",28.71335,40.85405,10.23,0.85,"ML",2.2,"Marmara Denizi - [12.96 km] Avcılar (İstanbul)",668019
"28/07/2025 16:45:48",27.23376,40.55662,7.19,0.16,"ML",0.9,"Marmara Denizi - [09.48 km] Şarköy (Tekirdağ)",667999
"28/07/2025 14:08:19",28.5528,40.43301,10.6,0.49,"ML",1.9,"Marmara Denizi - [08.75 km] Karacabey (Bursa)",667987
"28/07/2025 11:45:28",29.19179,40.46511,14.8,0.56,"ML",2,"Gemlik (Bursa)",667974
"28/07/2025 02:21:00",27.67406,40.08163,6.94,0.38,"ML",1.3,"Gönen (Balıkesir)",667945
"28/07/2025 00:31:14",29.20136,40.4554,12.22,0.41,"ML",1.8,"Gemlik (Bursa)",667938
"27/07/2025 23:56:07",29.22422,40.46842,8.68,0.59,"ML",2,"Gemlik (Bursa)",667933
"27/07/2025 16:27:15",28.83059,40.44582,7.26,0.36,"ML",1.5,"Marmara Denizi - Gemlik Körfezi - [06.64 km] Armutlu (Yalova)",667907
"26/07/2025 12:34:24",27.69328,40.20331,7,0.62,"ML",1.5,"Gönen (Balıkesir)",667824
"26/07/2025 02:04:52",28.30985,40.87876,7.12,0.62,"ML",1.3,"Marmara Denizi - [20.14 km] Silivri (İstanbul)",667798
"25/07/2025 18:32:00",28.10652,40.93644,7.08,0.64,"ML",1.3,"Marmara Denizi - [13.00 km] Marmaraereğlisi (Tekirdağ)",667776
"25/07/2025 09:43:42",28.40897,40.84956,6.98,0.29,"ML",1.7,"Marmara Denizi - [18.23 km] Büyükçekmece (İstanbul)",667755
"24/07/2025 05:56:21",29.33242,40.32511,7,0.19,"ML",1.2,"Gemlik (Bursa)",667673
"23/07/2025 05:27:35",29.2792,40.35549,5.08,0.61,"ML",0.8,"Gemlik (Bursa)",667593
"23/07/2025 00:32:47",28.79585,40.60186,10.33,0.32,"ML",2.3,"Marmara Denizi - [06.33 km] Armutlu (Yalova)",667564
"22/07/2025 23:45:12",28.13174,40.43836,8.91,0.29,"ML",1.3,"Marmara Denizi - [05.87 km] Bandırma (Balıkesir)",667560
"22/07/2025 23:42:56",28.80532,40.59738,14.39,0.47,"ML",2.5,"Marmara Denizi - [06.01 km] Armutlu (Yalova)",667558
"22/07/2025 22:36:47",27.32767,40.71967,8.48,0.34,"ML",1.2,"Marmara Denizi - [01.96 km] Şarköy (Tekirdağ)",667557
"22/07/2025 21:52:34",28.30475,40.81869,7,0.61,"ML",1.7,"Marmara Denizi - [25.68 km] Büyükçekmece (İstanbul)",667554
"21/07/2025 22:00:43",27.33922,40.14132,7,0.11,"ML",1,"Biga (Çanakkale)",667490
"21/07/2025 19:01:55",28.01923,40.44174,7,0.82,"ML",2,"Marmara Denizi - Bandırma Körfezi - [02.37 km] Erdek (Balıkesir)",667485
"21/07/2025 12:17:45",27.8356,40.35387,7,0.37,"ML",0.9,"Marmara Denizi - Erdek Körfezi - [02.60 km] Bandırma (Balıkesir)",667461
"20/07/2025 15:47:51",27.97985,40.84612,8.85,0.69,"ML",1.3,"Marmara Denizi - [12.37 km] Marmaraereğlisi (Tekirdağ)",667397
"20/07/2025 02:13:29",29.2225,40.47597,7.3,0.34,"ML",1,"Gemlik (Bursa)",667370
"20/07/2025 00:02:54",29.22242,40.53698,15.38,0.49,"ML",1.1,"Merkez (Yalova)",667360
"19/07/2025 12:04:08",28.24797,40.84416,6.11,0.34,"ML",1.7,"Marmara Denizi - [23.80 km] Silivri (İstanbul)",667332
"19/07/2025 10:55:08",27.72547,40.83233,7.69,0.42,"ML",1.8,"Marmara Denizi - [19.74 km] Süleymanpaşa (Tekirdağ)",667329
"19/07/2025 01:58:10",28.98533,40.60184,6.38,0.43,"ML",1.6,"Çınarcık (Yalova)",667303
"18/07/2025 22:31:12",28.30209,40.86822,19.95,0.21,"ML",1.1,"Marmara Denizi - [20.77 km] Silivri (İstanbul)",667291
"18/07/2025 21:16:15",28.26393,40.84014,7.01,0.57,"ML",2.1,"Marmara Denizi - [24.30 km] Silivri (İstanbul)",667280
"18/07/2025 14:49:04",27.95701,40.83649,7.02,0.66,"ML",1.7,"Marmara Denizi - [13.54 km] Marmaraereğlisi (Tekirdağ)",667272
"18/07/2025 13:20:24",27.73122,40.28506,6.62,0.19,"ML",1.3,"Bandırma (Balıkesir)",667268
"18/07/2025 09:51:32",28.94206,40.57682,6.99,0.33,"ML",2.3,"Çınarcık (Yalova)",667261
"17/07/2025 23:41:51",27.03134,40.22213,6.38,0.14,"ML",1.8,"Biga (Çanakkale)",667222
"17/07/2025 19:15:54",29.21375,40.46631,7.01,0.4,"ML",1.7,"Gemlik (Bursa)",667210
"17/07/2025 09:38:21",26.42696,40.48502,7.04,0.31,"ML",1.5,"Ege Denizi - Saros Körfezi - [10.77 km] Gelibolu (Çanakkale)",667169
"17/07/2025 04:32:37",28.28054,40.84023,7,0.57,"ML",1.3,"Marmara Denizi - [24.72 km] Silivri (İstanbul)",667141
"16/07/2025 19:09:56",28.42132,40.88488,7,0.72,"ML",2,"Marmara Denizi - [15.03 km] Büyükçekmece (İstanbul)",667094
"15/07/2025 23:15:44",28.32204,40.83071,6.89,0.59,"ML",1.5,"Marmara Denizi - [23.74 km] Büyükçekmece (İstanbul)",667041
"15/07/2025 11:46:56",29.21416,40.48042,8.15,0.27,"ML",2,"Gemlik (Bursa)",667019
"15/07/2025 10:13:11",27.33339,40.17524,7.03,0.15,"ML",1.4,"Biga (Çanakkale)",667012
"15/07/2025 05:40:16",29.27494,40.29794,10.65,0.48,"ML",2,"Gürsu (Bursa)",666991
"15/07/2025 05:13:56",28.35789,40.84527,17.36,0.29,"ML",1.9,"Marmara Denizi - [20.53 km] Büyükçekmece (İstanbul)",666987
"15/07/2025 04:13:45",28.36338,40.84595,6.91,0.68,"ML",2.9,"Marmara Denizi - [20.20 km] Büyükçekmece (İstanbul)",666986
"14/07/2025 10:12:59",28.66758,40.7515,5.85,0.25,"ML",2.1,"Marmara Denizi - [22.74 km] Beylikdüzü (İstanbul)",666944
"14/07/2025 09:51:27",28.51567,40.10192,7,0.41,"ML",1.9,"Mustafakemalpaşa (Bursa)",666942
"14/07/2025 05:51:48",27.41522,40.17477,5.88,0.23,"ML",2.2,"Gönen (Balıkesir)",666917
"13/07/2025 16:35:47",27.5575,40.40639,7.14,0.34,"ML",1.9,"Marmara Denizi - Erdek Körfezi - [08.24 km] Erdek (Balıkesir)",666877
"13/07/2025 15:14:22",27.53527,40.40528,7,0.82,"ML",1.8,"Marmara Denizi - Erdek Körfezi - [09.16 km] Erdek (Balıkesir)",666874
"13/07/2025 04:26:43",28.61386,40.66718,9.05,0.71,"ML",1.6,"Marmara Denizi - [23.84 km] Armutlu (Yalova)",666839
"13/07/2025 02:36:10",28.25851,40.83721,8.03,0.52,"ML",2.1,"Marmara Denizi - [24.41 km] Silivri (İstanbul)",666831
"13/07/2025 01:21:10",28.28044,40.82568,7.01,0.55,"ML",2,"Marmara Denizi - [26.53 km] Silivri (İstanbul)",666823
"13/07/2025 00:05:31",28.01113,40.82817,7.03,0.72,"ML",1.7,"Marmara Denizi - [14.97 km] Marmaraereğlisi (Tekirdağ)",666819
"12/07/2025 22:25:19",29.22417,40.47291,11.36,0.35,"ML",1.7,"Gemlik (Bursa)",666815
"11/07/2025 22:06:13",29.21487,40.48663,5.32,0.27,"ML",1.5,"Gemlik (Bursa)",666728
"11/07/2025 20:36:26",28.30197,40.81077,6.95,0.82,"ML",2.3,"Marmara Denizi - [26.33 km] Büyükçekmece (İstanbul)",666722
"11/07/2025 06:20:48",28.58742,40.70832,7.02,0.78,"ML",1.5,"Marmara Denizi - [27.90 km] Armutlu (Yalova)",666670
"11/07/2025 06:02:36",28.61139,40.66986,9.12,0.84,"ML",1.6,"Marmara Denizi - [24.42 km] Armutlu (Yalova)",666669
"11/07/2025 05:59:18",28.56805,40.69649,6.94,0.69,"ML",1.8,"Marmara Denizi - [28.48 km] Armutlu (Yalova)",666673
"11/07/2025 03:58:23",28.26568,40.84827,6.05,0.58,"ML",1.6,"Marmara Denizi - [23.32 km] Silivri (İstanbul)",666656
"11/07/2025 02:54:16",29.2275,40.47504,9.84,0.68,"ML",1.3,"Gemlik (Bursa)",666654
"10/07/2025 22:27:59",28.27385,40.86532,9.04,0.4,"ML",1.2,"Marmara Denizi - [22.17 km] Silivri (İstanbul)",666641
"10/07/2025 13:50:54",28.60161,40.67254,10.82,0.71,"ML",2.1,"Marmara Denizi - [25.26 km] Armutlu (Yalova)",666609
"09/07/2025 17:11:19",28.28519,40.83694,7.28,0.44,"ML",2.8,"Marmara Denizi - [25.48 km] Silivri (İstanbul)",666500
"09/07/2025 03:58:27",28.3153,40.81652,7.04,0.42,"ML",1.7,"Marmara Denizi - [25.68 km] Büyükçekmece (İstanbul)",666461
"09/07/2025 01:25:47",28.82036,40.80125,7,0.43,"ML",1.8,"Marmara Denizi - [15.20 km] Adalar (İstanbul)",666453
"08/07/2025 21:57:56",28.26428,40.83193,13.89,0.56,"ML",1.3,"Marmara Denizi - [25.24 km] Silivri (İstanbul)",666441
"08/07/2025 21:38:54",28.27683,40.83233,18.81,0.38,"ML",2.1,"Marmara Denizi - [24.82 km] Silivri (İstanbul)",666439
"08/07/2025 18:14:57",28.28229,40.82083,6.99,0.53,"ML",2,"Marmara Denizi - [26.63 km] Silivri (İstanbul)",666433
"08/07/2025 17:19:44",28.93047,40.04673,7.25,0.88,"ML",1.5,"Orhaneli (Bursa)",666432
"08/07/2025 15:49:11",28.18321,40.85037,6.96,0.17,"ML",1.2,"Marmara Denizi - [22.98 km] Marmaraereğlisi (Tekirdağ)",666430
"08/07/2025 11:38:18",26.11572,40.399,7,0.32,"ML",1,"Ege Denizi - [20.38 km] Eceabat (Çanakkale)",666411
"08/07/2025 10:07:38",28.27778,40.8419,6.91,0.65,"ML",1.4,"Marmara Denizi - [24.73 km] Silivri (İstanbul)",666410
"08/07/2025 07:26:28",28.28824,40.84012,8.65,0.42,"ML",2,"Marmara Denizi - [24.96 km] Silivri (İstanbul)",666395
"08/07/2025 05:56:23",27.43277,40.00045,10.32,0.43,"ML",1,"Yenice (Çanakkale)",666385
"08/07/2025 01:53:56",28.39927,40.8353,6.96,0.41,"ML",1.4,"Marmara Denizi - [20.48 km] Büyükçekmece (İstanbul)",666365
"08/07/2025 00:49:05",28.84441,40.44589,6.97,0.61,"ML",1.4,"Marmara Denizi - Gemlik Körfezi - [05.83 km] Armutlu (Yalova)",666358
"07/07/2025 22:48:57",28.30173,40.83818,6.25,0.49,"ML",1.3,"Marmara Denizi - [24.47 km] Silivri (İstanbul)",666346
"07/07/2025 20:18:11",28.12625,40.82923,11.23,0.59,"ML",2.6,"Marmara Denizi - [20.02 km] Marmaraereğlisi (Tekirdağ)",666335
"07/07/2025 18:37:08",29.22574,40.48359,6.66,0.45,"ML",1.7,"Orhangazi (Bursa)",666329
"07/07/2025 13:25:45",26.123,40.4016,7.12,0.24,"ML",1.8,"Ege Denizi - [19.88 km] Eceabat (Çanakkale)",666304
"07/07/2025 13:04:44",26.11226,40.402,15.19,0.24,"ML",2.3,"Ege Denizi - [20.59 km] Eceabat (Çanakkale)",666303
"07/07/2025 11:58:13",28.42675,40.28345,7,0.6,"ML",1.2,"Karacabey (Bursa)",666311
"07/07/2025 07:08:57",28.31733,40.82778,7,0.58,"ML",1.4,"Marmara Denizi - [24.76 km] Büyükçekmece (İstanbul)",666287
"07/07/2025 04:48:44",28.93074,40.41027,7.02,0.52,"ML",1.3,"Marmara Denizi - Gemlik Körfezi - [05.76 km] Armutlu (Yalova)",666278
"07/07/2025 04:32:50",28.29657,40.85215,10.31,0.32,"ML",1.8,"Marmara Denizi - [23.34 km] Silivri (İstanbul)",666277
"07/07/2025 04:27:56",28.28722,40.82661,6.89,0.57,"ML",1.8,"Marmara Denizi - [25.51 km] Silivri (İstanbul)",666274
"07/07/2025 00:49:22",28.32381,40.794,6.1,0.42,"ML",1.7,"Marmara Denizi - [26.79 km] Büyükçekmece (İstanbul)",666262
"07/07/2025 00:32:08",28.3188,40.80135,6.99,0.64,"ML",2,"Marmara Denizi - [27.07 km] Büyükçekmece (İstanbul)",666261
"06/07/2025 15:34:54",28.28451,40.83937,14.62,0.41,"ML",2,"Marmara Denizi - [25.00 km] Silivri (İstanbul)",666228
"06/07/2025 05:39:33",27.81418,40.01872,9.31,0.17,"ML",1.6,"Manyas (Balıkesir)",666191
"05/07/2025 22:18:48",29.20909,40.47497,7.01,0.13,"ML",1.2,"Gemlik (Bursa)",666169
"05/07/2025 22:11:30",28.26861,40.83789,6.08,0.31,"ML",1.6,"Marmara Denizi - [24.93 km] Silivri (İstanbul)",666168
"05/07/2025 15:53:36",29.22279,40.48122,6.84,0.48,"ML",1.4,"Gemlik (Bursa)",666154
"05/07/2025 15:32:20",27.32632,40.15667,6.99,0.43,"ML",1.6,"Biga (Çanakkale)",666151
"05/07/2025 15:00:32",28.66974,40.83771,7,0.61,"ML",1.8,"Marmara Denizi - [14.43 km] Beylikdüzü (İstanbul)",666150
"05/07/2025 14:40:24",28.2843,40.81458,7.02,0.43,"ML",1.5,"Marmara Denizi - [26.77 km] Silivri (İstanbul)",666149
"05/07/2025 14:24:21",28.27399,40.83742,8.85,0.44,"MW",3.8,"Marmara Denizi - [24.69 km] Silivri (İstanbul)",666145
"05/07/2025 06:35:10",28.13219,40.81484,6.99,0.4,"ML",2,"Marmara Denizi - [22.00 km] Marmaraereğlisi (Tekirdağ)",666108
"05/07/2025 04:59:03",29.21824,40.48962,10.23,0.36,"ML",2,"Gemlik (Bursa)",666101
"05/07/2025 00:51:59",28.19784,40.8507,6.76,0.74,"ML",1.1,"Marmara Denizi - [23.79 km] Marmaraereğlisi (Tekirdağ)",666085
"04/07/2025 22:50:33",27.63735,40.01479,7.11,0.09,"ML",1.4,"Gönen (Balıkesir)",666078
"04/07/2025 19:56:09",28.28668,40.82203,9,0.75,"ML",2.1,"Marmara Denizi - [26.41 km] Silivri (İstanbul)",666068
"04/07/2025 16:53:15",28.08742,40.83771,7.14,0.54,"ML",2.7,"Marmara Denizi - [17.78 km] Marmaraereğlisi (Tekirdağ)",666063
"04/07/2025 09:14:01",28.33923,40.79467,13.88,0.73,"ML",1.2,"Marmara Denizi - [26.43 km] Büyükçekmece (İstanbul)",666034
"04/07/2025 05:48:56",28.59109,40.71876,12.13,0.67,"ML",1.5,"Marmara Denizi - [27.46 km] Beylikdüzü (İstanbul)",666031
"04/07/2025 01:56:32",29.22557,40.47688,7.89,0.41,"ML",1.1,"Orhangazi (Bursa)",666010
"04/07/2025 01:13:05",29.21218,40.49212,8.9,0.49,"ML",1.4,"Gemlik (Bursa)",666009
"03/07/2025 20:21:55",29.20337,40.48721,11.28,0.29,"ML",1.6,"Gemlik (Bursa)",665990
"03/07/2025 13:42:22",27.56585,40.65554,5.17,0.54,"ML",1.4,"Marmara Denizi - [05.23 km] Marmara (Balıkesir)",665979
"03/07/2025 07:55:57",29.20004,40.48125,11.93,0.36,"ML",2.1,"Gemlik (Bursa)",665954
"03/07/2025 04:46:47",28.1275,40.12818,8.12,0.47,"ML",1.6,"Bandırma (Balıkesir)",665938
"03/07/2025 01:50:14",28.88954,40.39232,6.98,0.28,"ML",1.4,"Marmara Denizi - Gemlik Körfezi - [02.49 km] Mudanya (Bursa)",665928
"02/07/2025 17:59:53",29.23337,40.48583,7.17,0.22,"ML",1.7,"Orhangazi (Bursa)",665911
"02/07/2025 17:07:06",29.20134,40.51702,6.98,0.2,"ML",1.5,"Gemlik (Bursa)",665907
"02/07/2025 14:04:50",28.1545,40.13281,6.49,0.23,"ML",1.4,"Karacabey (Bursa)",665903
"02/07/2025 13:57:43",29.20417,40.48482,7.13,0.45,"MW",4.3,"Gemlik (Bursa)",665900
"02/07/2025 05:42:21",29.21258,40.47939,7.02,0.31,"ML",1.4,"Gemlik (Bursa)",665875
"02/07/2025 05:32:49",29.20992,40.48445,6.91,0.29,"ML",1.5,"Gemlik (Bursa)",665874
"02/07/2025 01:58:46",29.21546,40.48348,7,0.6,"ML",3,"Gemlik (Bursa)",665862
"02/07/2025 01:32:52",29.22139,40.48646,8.01,0.52,"ML",2.7,"Gemlik (Bursa)",665860
"01/07/2025 17:14:03",29.21277,40.46527,6.89,0.2,"ML",1.4,"Gemlik (Bursa)",665834
"01/07/2025 14:35:17",28.07942,40.84498,13.14,0.17,"ML",1.7,"Marmara Denizi - [16.55 km] Marmaraereğlisi (Tekirdağ)",665826
"01/07/2025 13:28:54",28.33145,40.81783,7.02,0.25,"ML",2,"Marmara Denizi - [24.49 km] Büyükçekmece (İstanbul)",665818
"01/07/2025 13:03:23",29.21782,40.49045,11.66,0.19,"ML",1.7,"Gemlik (Bursa)",665815
"01/07/2025 13:00:45",29.20193,40.48306,9.4,0.28,"MW",3.3,"Gemlik (Bursa)",665814
"01/07/2025 12:57:34",29.20996,40.48822,10.14,0.36,"MW",4.2,"Gemlik (Bursa)",665813
"01/07/2025 11:47:20",29.1837,40.46774,8,0.77,"MW",3.9,"Gemlik (Bursa)",665809
"01/07/2025 09:15:40",29.19894,40.48775,11.14,0.29,"ML",2,"Gemlik (Bursa)",665804
"01/07/2025 03:22:48",28.28694,40.83184,6.42,0.42,"ML",1.6,"Marmara Denizi - [25.55 km] Silivri (İstanbul)",665785
"01/07/2025 01:27:11",28.07746,40.42452,12.83,0.39,"ML",1,"Marmara Denizi - Bandırma Körfezi - [05.27 km] Bandırma (Balıkesir)",665779
"30/06/2025 23:07:26",27.99537,40.40329,10.26,0.1,"ML",1.1,"Marmara Denizi - Bandırma Körfezi - [03.97 km] Erdek (Balıkesir)",665770
"30/06/2025 22:58:16",28.6218,40.73199,8.03,0.41,"ML",1.2,"Marmara Denizi - [25.64 km] Beylikdüzü (İstanbul)",665768
"30/06/2025 22:35:10",27.03285,40.21138,7,0.25,"ML",1.1,"Biga (Çanakkale)",665767
"30/06/2025 22:02:02",28.64434,40.71658,7,0.36,"ML",1.3,"Marmara Denizi - [24.75 km] Armutlu (Yalova)",665766
"30/06/2025 22:00:13",28.35111,40.85348,6.99,0.35,"ML",1.5,"Marmara Denizi - [20.78 km] Büyükçekmece (İstanbul)",665765
"30/06/2025 21:56:47",27.05079,40.23614,7,0.16,"ML",1.3,"Biga (Çanakkale)",665760
"30/06/2025 15:08:41",28.42608,40.84269,7.02,0.42,"ML",1.6,"Marmara Denizi - [18.50 km] Büyükçekmece (İstanbul)",665735
"30/06/2025 14:31:57",28.29277,40.86562,6.88,0.41,"ML",1.2,"Marmara Denizi - [21.46 km] Silivri (İstanbul)",665732
"30/06/2025 12:32:57",28.51927,40.07861,6.22,0.6,"ML",1.6,"Mustafakemalpaşa (Bursa)",665723
"30/06/2025 08:01:02",28.13261,40.83996,7.06,0.48,"ML",1.4,"Marmara Denizi - [20.27 km] Marmaraereğlisi (Tekirdağ)",665715
"30/06/2025 07:15:05",28.14333,40.82743,7.02,0.42,"ML",1.5,"Marmara Denizi - [22.28 km] Marmaraereğlisi (Tekirdağ)",665712
"30/06/2025 04:59:23",28.27289,40.85323,9.99,0.36,"ML",1.7,"Marmara Denizi - [23.46 km] Silivri (İstanbul)",665705
"30/06/2025 02:23:46",27.52521,40.52955,5.83,0.41,"ML",1.4,"Marmara Denizi - [04.33 km] Marmara (Balıkesir)",665692
"30/06/2025 00:44:07",28.27467,40.83333,6.99,0.77,"ML",2.4,"Marmara Denizi - [25.19 km] Silivri (İstanbul)",665682
"29/06/2025 23:35:39",28.13161,40.82874,7.04,0.68,"ML",1.7,"Marmara Denizi - [20.47 km] Marmaraereğlisi (Tekirdağ)",665681
"29/06/2025 21:43:35",28.45126,40.42685,10.29,0.36,"ML",1.5,"Marmara Denizi - [07.80 km] Karacabey (Bursa)",665676
"29/06/2025 20:57:30",27.02966,40.2492,7.07,0.45,"ML",1.9,"Biga (Çanakkale)",665674
"29/06/2025 20:20:02",28.10564,40.8315,7,0.71,"ML",2.1,"Marmara Denizi - [19.22 km] Marmaraereğlisi (Tekirdağ)",665673
"29/06/2025 07:18:18",28.27137,40.8565,6.98,0.43,"ML",2,"Marmara Denizi - [23.31 km] Silivri (İstanbul)",665644
"29/06/2025 04:33:24",28.11561,40.90532,7.37,0.43,"ML",1.6,"Marmara Denizi - [15.27 km] Marmaraereğlisi (Tekirdağ)",665632
"29/06/2025 03:01:55",26.97391,40.28833,11.39,0.3,"ML",1.4,"Lapseki (Çanakkale)",665624
"28/06/2025 08:24:46",27.57916,40.82456,11.43,0.4,"ML",1.5,"Marmara Denizi - [11.80 km] Süleymanpaşa (Tekirdağ)",665570
"28/06/2025 05:48:28",28.10073,40.85468,7.08,0.36,"ML",1.3,"Marmara Denizi - [17.42 km] Marmaraereğlisi (Tekirdağ)",665562
"27/06/2025 10:48:50",27.76788,40.33735,7,0.2,"ML",1.5,"Marmara Denizi - Erdek Körfezi - [04.42 km] Bandırma (Balıkesir)",665522
"27/06/2025 07:26:40",28.2658,40.83185,7.56,0.38,"ML",1.8,"Marmara Denizi - [25.19 km] Silivri (İstanbul)",665513
"27/06/2025 03:41:11",28.04551,40.85252,7,0.78,"ML",2,"Marmara Denizi - [14.55 km] Marmaraereğlisi (Tekirdağ)",665502
"26/06/2025 13:10:53",28.27037,40.84149,14.02,0.47,"ML",1.9,"Marmara Denizi - [24.45 km] Silivri (İstanbul)",665443
"26/06/2025 10:38:53",28.2327,40.89583,7.52,0.21,"ML",1.5,"Marmara Denizi - [18.40 km] Silivri (İstanbul)",665434
"26/06/2025 01:03:30",28.19833,40.84778,10.25,0.3,"ML",1.5,"Marmara Denizi - [24.56 km] Marmaraereğlisi (Tekirdağ)",665390
"25/06/2025 23:25:30",28.39524,40.83844,15.69,0.38,"ML",3.1,"Marmara Denizi - [19.65 km] Büyükçekmece (İstanbul)",665378
"25/06/2025 23:20:05",28.3979,40.85031,12.74,0.39,"ML",2.1,"Marmara Denizi - [19.15 km] Büyükçekmece (İstanbul)",665380
"25/06/2025 20:42:38",28.43004,40.86062,13.18,0.32,"ML",1.3,"Marmara Denizi - [16.20 km] Büyükçekmece (İstanbul)",665367
"25/06/2025 13:12:49",27.01132,40.30702,7,0.38,"ML",1.4,"Biga (Çanakkale)",665349
"25/06/2025 11:24:05",28.38119,40.83125,13.16,0.39,"ML",2.2,"Marmara Denizi - [21.29 km] Büyükçekmece (İstanbul)",665342
"25/06/2025 11:20:36",28.39869,40.82714,8.04,0.22,"ML",1.5,"Marmara Denizi - [21.04 km] Büyükçekmece (İstanbul)",665343
"24/06/2025 21:28:02",28.40641,40.8462,7,0.61,"ML",2.5,"Marmara Denizi - [18.85 km] Büyükçekmece (İstanbul)",665290
"24/06/2025 16:50:48",28.3975,40.83983,7,0.96,"ML",2.1,"Marmara Denizi - [20.20 km] Büyükçekmece (İstanbul)",665271
"24/06/2025 15:07:48",28.76692,40.8106,6.98,0.37,"ML",2.3,"Marmara Denizi - [16.38 km] Bakırköy (İstanbul)",665258
"24/06/2025 14:46:16",28.29413,40.86743,6.99,0.54,"ML",1.1,"Marmara Denizi - [21.35 km] Silivri (İstanbul)",665259
"24/06/2025 08:47:26",27.40849,40.6854,7,0.3,"ML",1.1,"Marmara Denizi - [08.51 km] Şarköy (Tekirdağ)",665227
"24/06/2025 05:24:01",28.37058,40.83373,8.33,0.34,"ML",1.5,"Marmara Denizi - [21.85 km] Büyükçekmece (İstanbul)",665211
"24/06/2025 04:57:02",28.37782,40.84173,5.71,0.33,"ML",2.1,"Marmara Denizi - [20.59 km] Büyükçekmece (İstanbul)",665209
"24/06/2025 03:41:04",28.35413,40.83541,8.06,0.3,"ML",1,"Marmara Denizi - [21.94 km] Büyükçekmece (İstanbul)",665203
"24/06/2025 00:44:44",28.29506,40.88484,6.81,0.46,"ML",0.9,"Marmara Denizi - [19.60 km] Silivri (İstanbul)",665191
"23/06/2025 18:49:26",28.76,40.81425,7,0.75,"ML",1.9,"Marmara Denizi - [16.44 km] Bakırköy (İstanbul)",665172
"22/06/2025 11:31:37",28.32822,40.83365,14.51,0.35,"ML",1.7,"Marmara Denizi - [23.02 km] Büyükçekmece (İstanbul)",665084
"22/06/2025 05:25:12",28.38597,40.86265,6.97,0.3,"ML",1.5,"Marmara Denizi - [18.57 km] Büyükçekmece (İstanbul)",665061
"21/06/2025 08:25:12",28.3515,40.85017,14.48,0.31,"ML",1.6,"Marmara Denizi - [20.72 km] Büyükçekmece (İstanbul)",664991
"21/06/2025 02:35:45",28.06981,40.82817,7.11,0.51,"ML",2.1,"Marmara Denizi - [17.93 km] Marmaraereğlisi (Tekirdağ)",664977
"20/06/2025 22:41:41",28.04922,40.81814,10.16,0.51,"ML",2.8,"Marmara Denizi - [17.85 km] Marmaraereğlisi (Tekirdağ)",664966
"20/06/2025 17:33:47",27.76554,40.57262,11.03,0.5,"ML",1.7,"Marmara Denizi - [06.56 km] Marmara (Balıkesir)",664955
"20/06/2025 15:31:29",26.28017,40.42126,7,0.25,"ML",1.9,"Ege Denizi - Saros Körfezi - [11.89 km] Eceabat (Çanakkale)",664950
"20/06/2025 08:20:58",28.7458,40.61295,10.85,0.32,"ML",1.6,"Marmara Denizi - [11.09 km] Armutlu (Yalova)",664922
"19/06/2025 23:27:23",28.41237,40.38138,7.01,0.41,"ML",1.7,"Karacabey (Bursa)",664882
"19/06/2025 19:37:23",28.70445,40.85767,7,0.44,"ML",1.5,"Marmara Denizi - [12.41 km] Beylikdüzü (İstanbul)",664865
"19/06/2025 07:51:05",28.26785,40.81823,6.98,0.57,"ML",1.8,"Marmara Denizi - [26.88 km] Silivri (İstanbul)",664825
"18/06/2025 18:22:31",28.86925,40.42846,10.65,0.34,"ML",2.1,"Marmara Denizi - Gemlik Körfezi - [05.67 km] Mudanya (Bursa)",664783
"18/06/2025 18:05:07",28.0968,40.83084,9,0.39,"ML",1.7,"Marmara Denizi - [18.82 km] Marmaraereğlisi (Tekirdağ)",664782
"18/06/2025 12:59:24",28.1306,40.81483,7.03,0.42,"ML",2.1,"Marmara Denizi - [21.50 km] Marmaraereğlisi (Tekirdağ)",664749
"17/06/2025 21:04:02",28.08577,40.841,6.98,0.85,"ML",2,"Marmara Denizi - [17.48 km] Marmaraereğlisi (Tekirdağ)",664691
"17/06/2025 19:05:24",28.39053,40.77345,7.07,0.64,"ML",1.2,"Marmara Denizi - [26.08 km] Büyükçekmece (İstanbul)",664687
"17/06/2025 06:55:33",28.37784,40.87031,12.24,0.47,"ML",1.3,"Marmara Denizi - [17.85 km] Büyükçekmece (İstanbul)",664631
"17/06/2025 05:33:03",26.11391,40.37278,7.03,0.5,"ML",1,"Ege Denizi - [18.79 km] Eceabat (Çanakkale)",664629
"17/06/2025 01:43:08",28.379,40.84191,7.72,0.35,"ML",1.7,"Marmara Denizi - [19.98 km] Büyükçekmece (İstanbul)",664611
"17/06/2025 01:20:30",27.20845,40.68236,13.23,0.09,"ML",1.1,"Şarköy (Tekirdağ)",664609
"16/06/2025 13:36:06",27.45207,40.71068,7.19,0.57,"ML",1,"Marmara Denizi - [11.10 km] Şarköy (Tekirdağ)",664582
"16/06/2025 12:05:34",28.41774,40.39999,7.57,0.58,"ML",1.8,"Marmara Denizi - [03.63 km] Karacabey (Bursa)",664573
"16/06/2025 03:48:26",28.39627,40.88898,16.49,0.33,"ML",1.3,"Marmara Denizi - [14.57 km] Büyükçekmece (İstanbul)",664548
"15/06/2025 02:44:50",28.90611,40.36462,7,0.41,"ML",1.4,"Marmara Denizi - Gemlik Körfezi - [01.16 km] Mudanya (Bursa)",664463
"14/06/2025 16:19:32",28.2488,40.83556,14.89,0.27,"ML",1.4,"Marmara Denizi - [24.89 km] Silivri (İstanbul)",664435
"14/06/2025 10:48:42",27.45632,40.35221,7.01,0.37,"ML",2.3,"Marmara Denizi - Erdek Körfezi - [08.06 km] Biga (Çanakkale)",664412
"14/06/2025 02:11:36",27.83852,40.03672,8.23,0.38,"ML",1.3,"Manyas (Balıkesir)",664376
"13/06/2025 21:49:37",27.02937,40.40435,7,0.09,"ML",1.3,"Marmara Denizi - [03.14 km] Biga (Çanakkale)",664364
"13/06/2025 21:45:13",27.03544,40.38465,6.86,0.18,"ML",1.4,"Biga (Çanakkale)",664363
"13/06/2025 14:34:07",27.05654,40.36389,7,0.46,"ML",1.4,"Biga (Çanakkale)",664329
"13/06/2025 03:37:05",26.11278,40.67327,10.61,0.54,"ML",3.2,"Enez (Edirne)",664282
"13/06/2025 03:28:21",28.2644,40.86333,15.79,0.67,"ML",1.7,"Marmara Denizi - [21.92 km] Silivri (İstanbul)",664281
"12/06/2025 08:31:14",28.36411,40.84968,8.84,0.33,"ML",1.9,"Marmara Denizi - [20.29 km] Büyükçekmece (İstanbul)",664225
"12/06/2025 06:38:09",28.94557,40.57687,7,0.32,"ML",1.3,"Çınarcık (Yalova)",664219
"12/06/2025 04:36:34",28.2622,40.83854,8.81,0.31,"ML",1.4,"Marmara Denizi - [24.74 km] Silivri (İstanbul)",664203
"12/06/2025 04:17:31",28.3875,40.85092,4.9,0.34,"ML",2.8,"Marmara Denizi - [19.05 km] Büyükçekmece (İstanbul)",664196
"12/06/2025 02:58:13",28.40194,40.8267,7,0.38,"ML",1.5,"Marmara Denizi - [21.11 km] Büyükçekmece (İstanbul)",664184
"12/06/2025 02:33:42",28.35945,40.84376,8.36,0.37,"ML",3.5,"Marmara Denizi - [21.55 km] Büyükçekmece (İstanbul)",664175
"11/06/2025 17:11:47",27.92833,40.79063,8.1,0.61,"ML",1.9,"Marmara Denizi - [18.84 km] Marmaraereğlisi (Tekirdağ)",664130
"11/06/2025 12:14:35",27.33639,40.72646,7.18,0.31,"ML",1.7,"Marmara Denizi - [01.45 km] Şarköy (Tekirdağ)",664115
"11/06/2025 09:57:56",26.04591,40.10192,7.15,0.3,"ML",1.2,"Ege Denizi - [10.27 km] Gökçeada (Çanakkale)",664103
"11/06/2025 09:38:46",28.23605,40.19123,6.98,0.34,"ML",2,"Karacabey (Bursa)",664101
"10/06/2025 16:36:11",26.99545,40.21777,17.16,0.7,"ML",1.7,"Biga (Çanakkale)",664019
"10/06/2025 15:37:39",28.9734,40.18339,13.71,0.97,"ML",1.7,"Nilüfer (Bursa)",664012
"10/06/2025 15:03:25",28.74086,40.83603,7,0.54,"ML",1.8,"Marmara Denizi - [14.81 km] Bakırköy (İstanbul)",664005
"10/06/2025 09:04:26",29.91433,40.36334,11.01,0.29,"ML",1,"Osmaneli (Bilecik)",663963
"10/06/2025 08:46:29",29.77443,40.39184,7,0.54,"ML",2,"İznik (Bursa)",663960
"10/06/2025 03:23:08",28.26999,40.83862,17.88,0.39,"ML",1.2,"Marmara Denizi - [24.75 km] Silivri (İstanbul)",663933
"10/06/2025 01:24:23",28.45921,40.86422,9.61,0.58,"ML",1.1,"Marmara Denizi - [14.95 km] Büyükçekmece (İstanbul)",663924
"09/06/2025 20:53:26",27.88804,40.40664,12.21,0.56,"ML",3.5,"Erdek (Balıkesir)",663901
"09/06/2025 19:16:27",28.15198,40.82253,8.18,0.5,"ML",1.5,"Marmara Denizi - [22.62 km] Marmaraereğlisi (Tekirdağ)",663891
"09/06/2025 08:33:07",28.15692,40.83171,8.52,0.33,"ML",1.5,"Marmara Denizi - [22.07 km] Marmaraereğlisi (Tekirdağ)",663834
"09/06/2025 01:20:39",27.83119,40.0262,7.55,0.41,"ML",2.2,"Manyas (Balıkesir)",663792
"08/06/2025 15:28:33",28.12473,40.84655,6.26,0.22,"ML",1.5,"Marmara Denizi - [19.36 km] Marmaraereğlisi (Tekirdağ)",663747
"08/06/2025 15:23:49",28.40937,40.8262,6.83,0.17,"ML",1.4,"Marmara Denizi - [20.50 km] Büyükçekmece (İstanbul)",663746
"08/06/2025 14:09:27",28.09761,40.81357,6.95,0.47,"ML",1.9,"Marmara Denizi - [20.61 km] Marmaraereğlisi (Tekirdağ)",663738
"08/06/2025 11:41:38",28.25468,40.79448,6.98,0.53,"ML",1.3,"Marmara Denizi - [29.47 km] Silivri (İstanbul)",663722
"08/06/2025 08:27:53",27.0181,40.21403,10.04,0.13,"ML",1.4,"Biga (Çanakkale)",663698
"08/06/2025 08:05:38",29.22287,40.02489,6.96,0.46,"ML",1.2,"Osmangazi (Bursa)",663699
"08/06/2025 05:48:01",28.26483,40.85472,17.83,0.46,"ML",3.1,"Marmara Denizi - [23.56 km] Silivri (İstanbul)",663679
"08/06/2025 05:16:10",28.40529,40.84151,7,0.44,"ML",1.8,"Marmara Denizi - [19.40 km] Büyükçekmece (İstanbul)",663677
"08/06/2025 04:22:06",27.44246,40.14977,7,0.45,"ML",1.1,"Gönen (Balıkesir)",663701
"08/06/2025 04:12:12",27.83712,40.01332,6.95,0.25,"ML",1.1,"Manyas (Balıkesir)",663700
"08/06/2025 02:08:14",28.40789,40.84057,8.99,0.79,"ML",1.2,"Marmara Denizi - [18.91 km] Büyükçekmece (İstanbul)",663668
"08/06/2025 02:06:08",28.38468,40.85717,9.88,0.65,"ML",1.6,"Marmara Denizi - [19.04 km] Büyükçekmece (İstanbul)",663667
"08/06/2025 00:26:27",28.26622,40.83992,4.83,0.31,"ML",1.3,"Marmara Denizi - [24.75 km] Silivri (İstanbul)",663659
"08/06/2025 00:14:13",27.65042,40.82619,14.74,0.58,"ML",1.6,"Marmara Denizi - [16.97 km] Süleymanpaşa (Tekirdağ)",663658
"07/06/2025 21:39:41",28.26349,40.82673,6.45,0.45,"ML",2.8,"Marmara Denizi - [26.17 km] Silivri (İstanbul)",663647
"07/06/2025 14:56:11",28.01312,40.83555,12.13,0.35,"ML",1.5,"Marmara Denizi - [14.69 km] Marmaraereğlisi (Tekirdağ)",663615
"07/06/2025 05:14:41",28.25633,40.81602,7,0.56,"ML",2,"Marmara Denizi - [27.57 km] Silivri (İstanbul)",663585
"07/06/2025 04:01:19",28.28038,40.85475,9.98,0.3,"ML",1.4,"Marmara Denizi - [23.12 km] Silivri (İstanbul)",663581
"07/06/2025 03:52:13",28.27105,40.82414,6.22,0.46,"ML",1.8,"Marmara Denizi - [25.86 km] Silivri (İstanbul)",663578
"07/06/2025 00:41:22",27.74274,40.07636,5.09,0.39,"ML",1.3,"Gönen (Balıkesir)",663560
"06/06/2025 16:58:57",28.15789,40.8511,7.65,0.32,"ML",1.3,"Marmara Denizi - [21.39 km] Marmaraereğlisi (Tekirdağ)",663528
"06/06/2025 14:57:34",27.67431,40.77988,7.38,0.39,"ML",1.2,"Marmara Denizi - [15.17 km] Marmara (Balıkesir)",663515
"06/06/2025 11:48:04",28.61539,40.72101,3.73,0.42,"ML",2.1,"Marmara Denizi - [26.76 km] Beylikdüzü (İstanbul)",663498
"06/06/2025 09:56:56",28.2065,40.84428,11.36,0.34,"ML",1.3,"Marmara Denizi - [24.45 km] Silivri (İstanbul)",663481
"06/06/2025 08:38:04",28.28315,40.82949,14.9,0.47,"ML",1.3,"Marmara Denizi - [25.59 km] Silivri (İstanbul)",663476
"06/06/2025 02:32:06",28.17728,40.82448,6.99,0.57,"ML",1.8,"Marmara Denizi - [24.55 km] Marmaraereğlisi (Tekirdağ)",663458
"05/06/2025 23:29:50",28.61599,40.71485,7,0.52,"ML",1.9,"Marmara Denizi - [26.77 km] Armutlu (Yalova)",663452
"05/06/2025 21:19:02",28.6333,40.73006,13.21,0.4,"ML",1.6,"Marmara Denizi - [26.02 km] Beylikdüzü (İstanbul)",663437
"05/06/2025 21:07:21",28.65814,40.71188,12.52,0.62,"ML",1.5,"Marmara Denizi - [23.59 km] Armutlu (Yalova)",663435
"05/06/2025 20:51:40",28.6099,40.72808,7.02,0.8,"ML",1.3,"Marmara Denizi - [25.56 km] Beylikdüzü (İstanbul)",663440
"05/06/2025 20:34:32",28.62851,40.71532,7.02,0.81,"ML",1.4,"Marmara Denizi - [25.88 km] Armutlu (Yalova)",663438
"05/06/2025 17:05:17",28.63448,40.73889,10.5,0.52,"ML",1.4,"Marmara Denizi - [25.27 km] Beylikdüzü (İstanbul)",663427
"05/06/2025 14:29:16",27.75227,40.69994,7.08,0.41,"ML",1.6,"Marmara Denizi - [10.16 km] Marmara (Balıkesir)",663417
"05/06/2025 13:29:38",28.27926,40.82949,7.01,0.55,"ML",1.2,"Marmara Denizi - [25.68 km] Silivri (İstanbul)",663414
"05/06/2025 12:59:26",28.27726,40.81221,6.93,0.3,"ML",1.5,"Marmara Denizi - [27.74 km] Silivri (İstanbul)",663413
"05/06/2025 10:33:06",28.53919,40.32625,7.01,0.24,"ML",1.4,"Karacabey (Bursa)",663393
"05/06/2025 10:08:51",27.0159,40.39074,7,0.51,"ML",1.2,"Marmara Denizi - [03.64 km] Biga (Çanakkale)",663390
"05/06/2025 01:54:23",28.2425,40.8301,7.04,0.56,"ML",1.1,"Marmara Denizi - [25.94 km] Silivri (İstanbul)",663343
"04/06/2025 22:30:54",28.26545,40.8289,11.52,0.46,"ML",1.7,"Marmara Denizi - [25.85 km] Silivri (İstanbul)",663327
"04/06/2025 22:25:40",28.27437,40.8333,6.09,0.5,"ML",1,"Marmara Denizi - [25.74 km] Silivri (İstanbul)",663326
"04/06/2025 21:51:56",28.13102,40.82044,7.02,0.61,"ML",2,"Marmara Denizi - [21.92 km] Marmaraereğlisi (Tekirdağ)",663323
"04/06/2025 21:08:02",28.28973,40.83035,8.63,0.59,"ML",1.5,"Marmara Denizi - [25.27 km] Silivri (İstanbul)",663319
"04/06/2025 20:35:41",28.29033,40.82225,8.51,0.67,"ML",3.1,"Marmara Denizi - [26.79 km] Silivri (İstanbul)",663317
"04/06/2025 04:06:12",28.91058,40.36677,7.07,0.59,"ML",2,"Marmara Denizi - Gemlik Körfezi - [01.70 km] Mudanya (Bursa)",663266
"04/06/2025 00:26:31",26.35035,40.44976,6.98,0.22,"ML",0.7,"Ege Denizi - Saros Körfezi - [12.06 km] Gelibolu (Çanakkale)",663236
"03/06/2025 23:58:05",28.45473,40.86452,6.35,0.37,"ML",1.8,"Marmara Denizi - [14.99 km] Büyükçekmece (İstanbul)",663232
"03/06/2025 18:57:46",28.10288,40.81116,7,0.42,"ML",2.6,"Marmara Denizi - [21.11 km] Marmaraereğlisi (Tekirdağ)",663219
"03/06/2025 18:47:21",27.75618,40.08052,7.01,0.29,"ML",2.3,"Gönen (Balıkesir)",663220
"03/06/2025 18:15:37",27.86206,40.0228,7.01,0.33,"ML",1.5,"Manyas (Balıkesir)",663221
"03/06/2025 18:00:41",28.21587,40.89439,6.76,0.15,"ML",0.9,"Marmara Denizi - [18.65 km] Silivri (İstanbul)",663218
"03/06/2025 15:29:23",28.38615,40.85149,7.01,0.53,"ML",1.4,"Marmara Denizi - [19.14 km] Büyükçekmece (İstanbul)",663206
"03/06/2025 05:37:23",28.27066,40.79722,7.1,0.82,"ML",2.2,"Marmara Denizi - [29.60 km] Silivri (İstanbul)",663167
"03/06/2025 00:37:41",28.18365,40.89852,6.17,0.44,"ML",1.5,"Marmara Denizi - [18.89 km] Silivri (İstanbul)",663134
"02/06/2025 03:24:34",27.94433,40.01037,8.2,0.13,"ML",1.3,"Manyas (Balıkesir)",663068
"01/06/2025 16:05:19",26.41977,40.4715,19.41,0.63,"ML",1.6,"Ege Denizi - Saros Körfezi - [10.40 km] Gelibolu (Çanakkale)",663008
"01/06/2025 10:18:30",27.82349,40.03996,7.2,0.34,"ML",1.6,"Manyas (Balıkesir)",662981
"01/06/2025 10:16:17",27.81884,40.03889,7.17,0.49,"ML",2.1,"Manyas (Balıkesir)",662980
"01/06/2025 10:15:32",27.85422,40.0367,14.42,0.49,"ML",2.9,"Manyas (Balıkesir)",662979
"01/06/2025 08:57:54",27.81941,40.02728,7.71,0.48,"ML",2.7,"Manyas (Balıkesir)",662974
"01/06/2025 08:56:33",27.85498,40.03113,7.02,0.3,"ML",2,"Manyas (Balıkesir)",662975
"01/06/2025 08:55:22",27.81253,40.04602,7.31,0.35,"ML",1.6,"Manyas (Balıkesir)",662977
"01/06/2025 08:50:11",27.85181,40.02233,7,0.47,"ML",1.7,"Manyas (Balıkesir)",662976
"01/06/2025 04:01:09",27.73526,40.0934,7.74,0.08,"ML",1.1,"Gönen (Balıkesir)",662957
"01/06/2025 03:53:34",28.41063,40.83261,7.01,0.67,"ML",1.3,"Marmara Denizi - [19.51 km] Büyükçekmece (İstanbul)",662948
"01/06/2025 02:20:15",28.67056,40.76923,7.02,0.59,"ML",1.5,"Marmara Denizi - [21.33 km] Beylikdüzü (İstanbul)",662935
"30/05/2025 23:41:29",27.38168,40.72654,8.53,0.3,"ML",1.2,"Marmara Denizi - [04.74 km] Şarköy (Tekirdağ)",662838
"30/05/2025 17:49:14",28.37789,40.82594,8.24,0.84,"ML",1.6,"Marmara Denizi - [22.19 km] Büyükçekmece (İstanbul)",662810
"30/05/2025 06:10:37",28.3525,40.90139,7.35,0.36,"ML",1.2,"Marmara Denizi - [16.94 km] Büyükçekmece (İstanbul)",662746
"30/05/2025 01:02:43",28.41263,40.82817,6.11,0.35,"ML",1.2,"Marmara Denizi - [20.29 km] Büyükçekmece (İstanbul)",662708
"30/05/2025 00:46:12",28.27902,40.83806,6.48,0.46,"ML",1.7,"Marmara Denizi - [25.40 km] Silivri (İstanbul)",662706
"29/05/2025 17:28:35",27.19606,40.35561,7.02,0.47,"ML",1.7,"Biga (Çanakkale)",662654
"29/05/2025 07:36:42",28.13536,40.82655,6.9,0.35,"ML",1.2,"Marmara Denizi - [21.51 km] Marmaraereğlisi (Tekirdağ)",662619
"29/05/2025 05:29:59",28.19209,40.89671,11.14,0.56,"ML",2,"Marmara Denizi - [19.36 km] Silivri (İstanbul)",662609
"29/05/2025 04:53:58",28.26697,40.8329,7.01,0.5,"ML",1,"Marmara Denizi - [25.41 km] Silivri (İstanbul)",662603
"28/05/2025 18:49:29",26.9382,40.26281,7,0.42,"ML",1.4,"Lapseki (Çanakkale)",662572
"28/05/2025 13:25:34",28.07671,40.78209,7.02,0.29,"ML",1.6,"Marmara Denizi - [22.48 km] Marmaraereğlisi (Tekirdağ)",662550
"28/05/2025 07:12:22",28.25874,40.83278,6.82,0.75,"ML",1.1,"Marmara Denizi - [26.00 km] Silivri (İstanbul)",662528
"28/05/2025 06:51:38",27.63427,40.79778,6.91,0.54,"ML",1,"Marmara Denizi - [16.18 km] Marmara (Balıkesir)",662526
"27/05/2025 17:17:11",28.29676,40.84057,6.69,0.36,"ML",1.5,"Marmara Denizi - [24.36 km] Silivri (İstanbul)",662477
"27/05/2025 16:44:53",27.66621,40.80556,6.71,0.36,"ML",2.5,"Marmara Denizi - [17.03 km] Marmara (Balıkesir)",662475
"27/05/2025 15:58:12",29.99506,40.73369,9.01,0.19,"ML",1.6,"Kartepe (Kocaeli)",662468
"27/05/2025 14:43:20",29.99733,40.72799,7.71,0.39,"ML",2.6,"Kartepe (Kocaeli)",662452
"27/05/2025 14:31:36",27.69395,40.77188,7.02,0.44,"ML",1.8,"Marmara Denizi - [14.49 km] Marmara (Balıkesir)",662456
"27/05/2025 14:00:59",27.67776,40.78282,4.77,0.31,"ML",2.2,"Marmara Denizi - [15.53 km] Marmara (Balıkesir)",662450
"27/05/2025 11:48:46",29.06959,40.16378,7,0.75,"ML",2,"Yıldırım (Bursa)",662449
"27/05/2025 08:58:44",27.7068,40.3291,7.01,0.21,"ML",1.7,"Marmara Denizi - Erdek Körfezi - [02.99 km] Bandırma (Balıkesir)",662436
"27/05/2025 01:31:30",27.98953,40.72706,6.88,0.66,"ML",1.4,"Marmara Denizi - [25.89 km] Marmaraereğlisi (Tekirdağ)",662420
"26/05/2025 11:13:30",28.33554,40.82138,11,0.81,"ML",1.8,"Marmara Denizi - [24.45 km] Büyükçekmece (İstanbul)",662373
"26/05/2025 04:31:08",28.25816,40.83378,5.31,0.32,"ML",1.8,"Marmara Denizi - [25.11 km] Silivri (İstanbul)",662354
"26/05/2025 03:57:17",28.30702,40.80861,7,0.86,"ML",2.1,"Marmara Denizi - [27.23 km] Büyükçekmece (İstanbul)",662350
"26/05/2025 01:03:54",28.26437,40.8493,10.61,0.65,"ML",2.4,"Marmara Denizi - [23.07 km] Silivri (İstanbul)",662337
"25/05/2025 20:29:05",28.29479,40.82005,7,0.56,"ML",1.4,"Marmara Denizi - [26.14 km] Büyükçekmece (İstanbul)",662316
"25/05/2025 09:08:40",28.20674,40.84644,7.08,0.41,"ML",1.4,"Marmara Denizi - [24.70 km] Silivri (İstanbul)",662267
"24/05/2025 23:02:37",28.14456,40.84236,6.04,0.4,"ML",1.8,"Marmara Denizi - [21.21 km] Marmaraereğlisi (Tekirdağ)",662239
"24/05/2025 16:20:40",28.40686,40.82639,6.96,0.48,"ML",1.3,"Marmara Denizi - [20.83 km] Büyükçekmece (İstanbul)",662213
"24/05/2025 11:13:50",27.51822,40.64705,12.75,0.7,"ML",1.5,"Marmara Denizi - [04.59 km] Marmara (Balıkesir)",662193
"24/05/2025 07:45:13",28.09244,40.8116,7,0.46,"ML",2,"Marmara Denizi - [20.71 km] Marmaraereğlisi (Tekirdağ)",662188
"24/05/2025 06:16:32",28.40371,40.85472,6.99,0.51,"ML",1.4,"Marmara Denizi - [18.79 km] Büyükçekmece (İstanbul)",662183
"24/05/2025 00:00:17",27.74067,40.81582,6.87,0.36,"ML",2,"Marmara Denizi - [20.70 km] Marmara (Balıkesir)",662161
"23/05/2025 19:38:44",28.259,40.92556,6.96,0.12,"ML",1.3,"Marmara Denizi - [15.71 km] Silivri (İstanbul)",662136
"23/05/2025 16:03:55",28.6684,40.79306,7.32,0.7,"ML",2,"Marmara Denizi - [19.38 km] Beylikdüzü (İstanbul)",662120
"23/05/2025 14:28:42",28.27966,40.81402,6.94,0.44,"ML",2.1,"Marmara Denizi - [27.29 km] Silivri (İstanbul)",662110
"23/05/2025 05:29:24",27.01842,40.41507,7.03,0.09,"ML",0.8,"Marmara Denizi - [03.35 km] Biga (Çanakkale)",662059
"23/05/2025 01:41:15",28.10031,40.14913,7,0.84,"ML",1,"Bandırma (Balıkesir)",662052
"22/05/2025 16:26:13",28.75554,40.8925,7,0.34,"ML",1.2,"Marmara Denizi - [09.18 km] Bakırköy (İstanbul)",662008
"22/05/2025 16:21:52",28.76398,40.84206,9.26,0.38,"ML",1.2,"Marmara Denizi - [12.89 km] Bakırköy (İstanbul)",662007
"22/05/2025 04:38:45",28.32755,40.84687,8.32,0.16,"ML",1.4,"Marmara Denizi - [21.43 km] Büyükçekmece (İstanbul)",666605
"22/05/2025 02:09:01",27.51063,40.76289,14.13,0.43,"ML",1,"Marmara Denizi - [11.58 km] Süleymanpaşa (Tekirdağ)",661941
"22/05/2025 01:09:49",27.61223,40.78809,12.66,0.25,"ML",1,"Marmara Denizi - [15.72 km] Süleymanpaşa (Tekirdağ)",661927
"21/05/2025 23:26:23",28.13679,40.80653,7.05,0.32,"ML",1.3,"Marmara Denizi - [22.76 km] Marmaraereğlisi (Tekirdağ)",666603
"21/05/2025 22:48:58",28.26284,40.7861,7.1,0.94,"ML",1,"Marmara Denizi - [30.57 km] Silivri (İstanbul)",666602
"21/05/2025 20:23:09",27.86642,40.34921,7,0.25,"ML",1.3,"Bandırma (Balıkesir)",661901
"21/05/2025 20:19:29",28.52151,40.96122,12.11,0.36,"ML",1.1,"Marmara Denizi - [03.22 km] Büyükçekmece (İstanbul)",661902
"21/05/2025 13:26:03",28.02428,40.84678,6.79,0.36,"ML",1.2,"Marmara Denizi - [13.47 km] Marmaraereğlisi (Tekirdağ)",661867
"21/05/2025 10:58:30",28.55799,40.09334,10.94,0.85,"ML",1.6,"Mustafakemalpaşa (Bursa)",661852
"21/05/2025 00:56:39",28.35057,40.80808,7.01,0.41,"ML",2.1,"Marmara Denizi - [24.39 km] Büyükçekmece (İstanbul)",661822
"21/05/2025 00:43:03",26.48326,40.1276,6.99,0.16,"ML",1.5,"Merkez (Çanakkale)",661823
"20/05/2025 23:36:53",28.38236,40.81068,8.16,0.26,"MW",4,"Marmara Denizi - [23.63 km] Büyükçekmece (İstanbul)",661816
"20/05/2025 21:40:44",28.28499,40.81456,8.15,0.34,"ML",1.2,"Marmara Denizi - [26.48 km] Büyükçekmece (İstanbul)",661811
"20/05/2025 15:06:05",27.44417,40.73405,8.32,0.59,"ML",1.8,"Marmara Denizi - [09.36 km] Şarköy (Tekirdağ)",661786
"20/05/2025 12:59:32",28.92725,40.03587,13.52,0.19,"ML",1.8,"Orhaneli (Bursa)",661780
"20/05/2025 08:46:15",28.41499,40.81897,7,0.73,"ML",1.9,"Marmara Denizi - [21.32 km] Büyükçekmece (İstanbul)",661770
"20/05/2025 07:02:07",28.42903,40.85439,7.01,0.34,"ML",1.5,"Marmara Denizi - [17.52 km] Büyükçekmece (İstanbul)",666601
"20/05/2025 06:54:12",28.41897,40.83308,10.03,0.49,"ML",2.6,"Marmara Denizi - [20.09 km] Büyükçekmece (İstanbul)",661760
"19/05/2025 20:57:31",28.28122,40.82095,7.01,0.54,"ML",1.7,"Marmara Denizi - [26.65 km] Silivri (İstanbul)",661713
"19/05/2025 18:57:48",28.70064,40.84862,7.23,0.51,"ML",1.7,"Marmara Denizi - [13.91 km] Beylikdüzü (İstanbul)",661705
"19/05/2025 11:53:33",28.72227,40.03523,6.96,0.76,"ML",1.3,"Mustafakemalpaşa (Bursa)",661677
"19/05/2025 07:46:47",28.01589,40.83225,15.27,0.38,"ML",1.4,"Marmara Denizi - [15.41 km] Marmaraereğlisi (Tekirdağ)",661661
"19/05/2025 07:29:27",29.6975,40.35002,7,0.17,"ML",1.5,"Yenişehir (Bursa)",661663
"19/05/2025 03:52:50",28.36562,40.85489,8.46,0.92,"ML",2,"Marmara Denizi - [19.96 km] Büyükçekmece (İstanbul)",661666
"18/05/2025 19:40:57",28.26344,40.81989,7,0.99,"ML",1.1,"Marmara Denizi - [26.25 km] Silivri (İstanbul)",661598
"18/05/2025 06:28:35",28.35121,40.83219,7.02,0.39,"ML",2.3,"Marmara Denizi - [22.56 km] Büyükçekmece (İstanbul)",666592
"18/05/2025 06:17:14",27.75373,40.08988,7.01,0.34,"ML",1.3,"Gönen (Balıkesir)",661535
"18/05/2025 05:36:59",28.29372,40.82038,7,0.36,"ML",1.3,"Marmara Denizi - [25.94 km] Büyükçekmece (İstanbul)",666590
"17/05/2025 23:33:38",28.26967,40.81817,7.02,0.84,"ML",2.2,"Marmara Denizi - [26.39 km] Silivri (İstanbul)",661517
"17/05/2025 15:29:31",28.26516,40.82479,6.98,0.68,"ML",2.3,"Marmara Denizi - [26.26 km] Silivri (İstanbul)",661495
"17/05/2025 13:09:54",27.02211,40.23022,12.66,0.39,"ML",1.8,"Biga (Çanakkale)",661488
"17/05/2025 07:38:08",28.2025,40.16105,12.89,0.24,"ML",1.6,"Karacabey (Bursa)",661459
"17/05/2025 05:53:27",28.34983,40.83169,4.22,0.32,"ML",1.7,"Marmara Denizi - [22.58 km] Büyükçekmece (İstanbul)",661448
"17/05/2025 05:28:09",28.2791,40.83024,6.28,0.39,"ML",2.2,"Marmara Denizi - [25.38 km] Silivri (İstanbul)",661447
"17/05/2025 02:15:45",28.41858,40.89197,6.39,0.29,"ML",1.7,"Marmara Denizi - [13.98 km] Büyükçekmece (İstanbul)",661432
"16/05/2025 16:58:15",28.26444,40.82694,8.3,0.39,"ML",2.5,"Marmara Denizi - [25.72 km] Silivri (İstanbul)",661414
"16/05/2025 14:45:04",28.4435,40.84671,7.01,0.43,"ML",1.4,"Marmara Denizi - [17.74 km] Büyükçekmece (İstanbul)",661412
"16/05/2025 13:27:44",27.80839,40.33655,7.01,0.22,"ML",1.4,"Marmara Denizi - Erdek Körfezi - [03.97 km] Bandırma (Balıkesir)",661409
"16/05/2025 04:27:49",28.27751,40.85938,15.19,0.64,"ML",2,"Marmara Denizi - [22.42 km] Silivri (İstanbul)",661385
"16/05/2025 02:04:19",28.29393,40.84743,9.18,0.64,"ML",2.1,"Marmara Denizi - [23.47 km] Silivri (İstanbul)",661382
"16/05/2025 00:57:30",28.43333,40.86904,5.06,0.65,"ML",1.5,"Marmara Denizi - [15.97 km] Büyükçekmece (İstanbul)",661377
"15/05/2025 19:42:11",28.27894,40.82083,4.96,0.74,"ML",2.1,"Marmara Denizi - [27.31 km] Silivri (İstanbul)",661361
"15/05/2025 19:27:06",28.66587,40.82428,7,0.71,"ML",1.3,"Marmara Denizi - [15.65 km] Beylikdüzü (İstanbul)",661359
"15/05/2025 16:43:34",28.46031,40.19498,7,0.16,"ML",1.5,"Ulubat Gölü - [03.02 km] Karacabey (Bursa)",661350
"15/05/2025 13:33:42",28.29081,40.8482,7.67,0.71,"ML",1.7,"Marmara Denizi - [23.57 km] Silivri (İstanbul)",661328
"15/05/2025 10:26:43",28.28275,40.81611,10.39,0.31,"ML",1.6,"Marmara Denizi - [27.76 km] Silivri (İstanbul)",661312
"15/05/2025 10:20:33",28.56581,40.10197,7.01,0.55,"ML",1.7,"Mustafakemalpaşa (Bursa)",661313
"15/05/2025 08:56:11",28.35022,40.84715,7.01,0.47,"ML",1.5,"Marmara Denizi - [20.58 km] Büyükçekmece (İstanbul)",661306
"15/05/2025 05:57:02",28.39362,40.84558,11.5,0.4,"ML",1.1,"Marmara Denizi - [19.15 km] Büyükçekmece (İstanbul)",661294
"15/05/2025 02:57:01",27.2824,40.35993,8.43,0.37,"ML",1,"Biga (Çanakkale)",661272
"15/05/2025 02:37:32",28.15262,40.82526,8.91,0.5,"ML",1.1,"Marmara Denizi - [22.61 km] Marmaraereğlisi (Tekirdağ)",661271
"15/05/2025 01:47:44",28.16556,40.83043,8.91,0.37,"ML",1.1,"Marmara Denizi - [23.58 km] Marmaraereğlisi (Tekirdağ)",661268
"14/05/2025 21:12:42",28.2815,40.80928,7.03,0.54,"ML",1.9,"Marmara Denizi - [28.37 km] Silivri (İstanbul)",661246
"14/05/2025 20:38:47",27.97384,40.8543,6.74,0.47,"ML",1,"Marmara Denizi - [12.00 km] Marmaraereğlisi (Tekirdağ)",661245
"14/05/2025 18:36:22",28.7081,40.79998,8.88,0.17,"ML",1.4,"Marmara Denizi - [18.85 km] Beylikdüzü (İstanbul)",661236
"14/05/2025 14:24:57",28.1176,40.80687,9.53,0.07,"ML",1.6,"Marmara Denizi - [21.79 km] Marmaraereğlisi (Tekirdağ)",661226
"14/05/2025 07:37:30",28.71673,40.8735,7.07,0.34,"ML",1.6,"Marmara Denizi - [11.02 km] Avcılar (İstanbul)",661205
"14/05/2025 07:34:34",28.7074,40.85244,7,0.62,"ML",2.5,"Marmara Denizi - [13.04 km] Beylikdüzü (İstanbul)",661204
"13/05/2025 22:24:52",28.09207,40.82675,7,0.89,"ML",1.4,"Marmara Denizi - [19.11 km] Marmaraereğlisi (Tekirdağ)",661167
"13/05/2025 22:22:54",28.08174,40.82893,7.06,0.7,"ML",1.8,"Marmara Denizi - [18.08 km] Marmaraereğlisi (Tekirdağ)",661166
"13/05/2025 22:19:37",28.12486,40.81502,6.95,0.72,"ML",2.1,"Marmara Denizi - [21.86 km] Marmaraereğlisi (Tekirdağ)",661165
"13/05/2025 20:46:30",28.21528,40.83544,10.86,0.42,"MW",3.8,"Marmara Denizi - [25.25 km] Silivri (İstanbul)",661160
"13/05/2025 16:17:07",28.25722,40.82199,6.99,0.55,"ML",3.1,"Marmara Denizi - [26.43 km] Silivri (İstanbul)",661144
"13/05/2025 16:06:54",28.24271,40.82076,7,0.44,"ML",1.8,"Marmara Denizi - [26.28 km] Silivri (İstanbul)",661142
"13/05/2025 16:03:43",28.26586,40.82547,6.99,0.53,"ML",2,"Marmara Denizi - [26.37 km] Silivri (İstanbul)",661141
"13/05/2025 14:49:47",29.15429,40.44304,12.1,0.51,"ML",3,"Gemlik (Bursa)",661135
"13/05/2025 14:22:12",28.18453,40.87473,6.43,0.16,"ML",1.2,"Marmara Denizi - [21.76 km] Marmaraereğlisi (Tekirdağ)",661131
"13/05/2025 13:51:15",28.25166,40.82706,6.99,0.78,"ML",1.4,"Marmara Denizi - [25.45 km] Silivri (İstanbul)",661129
"13/05/2025 12:37:38",28.27102,40.82004,5.37,0.54,"ML",2,"Marmara Denizi - [26.57 km] Silivri (İstanbul)",661119
"13/05/2025 12:15:25",28.24554,40.82039,6.95,0.69,"ML",2.5,"Marmara Denizi - [27.10 km] Silivri (İstanbul)",661118
"13/05/2025 07:18:15",28.39451,40.83086,6.84,0.59,"MW",3.8,"Marmara Denizi - [20.66 km] Büyükçekmece (İstanbul)",661091
"13/05/2025 04:42:20",28.39517,40.85253,7.03,0.56,"ML",1.5,"Marmara Denizi - [18.52 km] Büyükçekmece (İstanbul)",661074
"13/05/2025 04:30:06",28.30679,40.85392,7.01,0.45,"ML",1.5,"Marmara Denizi - [22.83 km] Silivri (İstanbul)",666588
"12/05/2025 20:38:53",28.27717,40.81704,8.59,0.71,"ML",2.2,"Marmara Denizi - [26.91 km] Silivri (İstanbul)",661038
"12/05/2025 17:24:14",27.44657,40.64832,13.73,0.06,"ML",1.2,"Marmara Denizi - [08.22 km] Marmara (Balıkesir)",661031
"12/05/2025 16:42:06",28.31683,40.86791,7.85,0.38,"ML",1.3,"Marmara Denizi - [20.54 km] Silivri (İstanbul)",661026
"12/05/2025 12:59:49",28.41622,40.84395,7.04,0.53,"ML",1.3,"Marmara Denizi - [19.02 km] Büyükçekmece (İstanbul)",661013
"12/05/2025 12:14:52",28.38667,40.63567,7.28,0.2,"ML",1.6,"Marmara Denizi - [29.04 km] Karacabey (Bursa)",661007
"12/05/2025 11:40:31",27.37092,40.75667,13.9,0.54,"ML",1.8,"Marmara Denizi - [03.72 km] Şarköy (Tekirdağ)",661001
"12/05/2025 10:35:55",26.89266,40.22594,17.74,0.14,"ML",1.2,"Lapseki (Çanakkale)",660995
"12/05/2025 09:41:29",28.34852,40.83271,6.98,0.64,"ML",2.8,"Marmara Denizi - [22.67 km] Büyükçekmece (İstanbul)",660994
"12/05/2025 08:47:37",28.18947,40.88662,6.85,0.22,"ML",1,"Marmara Denizi - [20.68 km] Silivri (İstanbul)",660992
"12/05/2025 06:54:37",28.36463,40.67952,7.15,0.23,"ML",1.2,"Marmara Denizi - [33.05 km] Karacabey (Bursa)",660987
"12/05/2025 05:23:11",28.1133,40.8406,6.97,0.46,"ML",1.3,"Marmara Denizi - [19.13 km] Marmaraereğlisi (Tekirdağ)",660982
"12/05/2025 01:31:27",27.98157,40.70666,6.93,0.31,"ML",1.5,"Marmara Denizi - [23.72 km] Erdek (Balıkesir)",660972
"11/05/2025 20:51:25",28.43641,40.87194,10.72,0.15,"ML",1.7,"Marmara Denizi - [15.78 km] Büyükçekmece (İstanbul)",660959
"11/05/2025 20:15:44",27.83358,40.80324,7.01,0.57,"ML",1.6,"Marmara Denizi - [19.71 km] Marmaraereğlisi (Tekirdağ)",660958
"11/05/2025 18:04:32",26.42894,40.94919,6.7,0.29,"ML",2.3,"İpsala (Edirne)",660953
"11/05/2025 15:51:37",28.2766,40.81955,7.77,0.63,"ML",2,"Marmara Denizi - [27.01 km] Silivri (İstanbul)",660949
"11/05/2025 12:01:53",28.27746,40.84652,19.73,0.67,"ML",2.1,"Marmara Denizi - [23.77 km] Silivri (İstanbul)",660941
"11/05/2025 04:24:28",28.31155,40.86862,6.77,0.35,"ML",1.5,"Marmara Denizi - [20.71 km] Silivri (İstanbul)",660916
"11/05/2025 04:21:37",27.27577,40.36242,7.68,0.19,"ML",1.4,"Biga (Çanakkale)",660915
"11/05/2025 02:19:02",28.61055,40.84708,7.01,0.45,"ML",1.4,"Marmara Denizi - [13.00 km] Beylikdüzü (İstanbul)",660901
"11/05/2025 01:10:55",28.43628,40.56972,7,0.43,"ML",1.6,"Marmara Denizi - [21.74 km] Karacabey (Bursa)",660893
"10/05/2025 18:07:28",29.22261,40.4656,11.14,0.73,"ML",1.4,"Orhangazi (Bursa)",660863
"10/05/2025 16:26:50",27.39929,40.194,7,0.63,"ML",2.6,"Biga (Çanakkale)",660861
"10/05/2025 14:43:59",28.87252,40.41019,6.97,0.48,"ML",2.9,"Marmara Denizi - Gemlik Körfezi - [04.36 km] Mudanya (Bursa)",660860
"10/05/2025 10:54:11",28.27318,40.83029,7.5,0.51,"ML",2,"Marmara Denizi - [25.50 km] Silivri (İstanbul)",660849
"10/05/2025 02:28:08",28.31784,40.79977,7.01,0.78,"ML",2.9,"Marmara Denizi - [27.58 km] Büyükçekmece (İstanbul)",660818
"10/05/2025 01:51:00",28.14979,40.829,7.49,0.68,"ML",1.8,"Marmara Denizi - [21.86 km] Marmaraereğlisi (Tekirdağ)",660817
"10/05/2025 01:06:50",27.48972,40.754,6.99,0.64,"ML",1.2,"Marmara Denizi - [10.26 km] Süleymanpaşa (Tekirdağ)",660815
"10/05/2025 00:25:42",28.26278,40.82188,5.13,0.73,"ML",1.9,"Marmara Denizi - [26.83 km] Silivri (İstanbul)",660807
"09/05/2025 17:25:22",26.41632,40.01221,6.16,0.2,"ML",1.3,"Merkez (Çanakkale)",660788
"09/05/2025 17:02:42",28.85354,40.01917,7.2,0.91,"ML",1.5,"Orhaneli (Bursa)",660787
"09/05/2025 13:29:28",28.38199,40.84441,6.98,0.43,"ML",1.5,"Marmara Denizi - [20.23 km] Büyükçekmece (İstanbul)",660780
"09/05/2025 08:57:07",28.27011,40.82648,6.98,0.55,"ML",1.7,"Marmara Denizi - [26.09 km] Silivri (İstanbul)",660757
"09/05/2025 08:20:26",28.40454,40.8405,10.64,0.32,"ML",1.9,"Marmara Denizi - [19.49 km] Büyükçekmece (İstanbul)",660755
"09/05/2025 06:30:13",28.15974,40.81735,7,0.54,"ML",1.4,"Marmara Denizi - [23.03 km] Marmaraereğlisi (Tekirdağ)",660749
"09/05/2025 03:37:38",27.83145,40.32997,7.02,0.22,"ML",1.8,"Bandırma (Balıkesir)",660734
"08/05/2025 23:12:35",27.56994,40.88029,7,0.38,"ML",1,"Marmara Denizi - [09.68 km] Süleymanpaşa (Tekirdağ)",660705
"08/05/2025 21:08:15",28.27614,40.85649,14.1,0.49,"ML",2.1,"Marmara Denizi - [22.90 km] Silivri (İstanbul)",660694
"08/05/2025 19:36:44",28.13472,40.82354,7.01,0.59,"ML",1.4,"Marmara Denizi - [21.73 km] Marmaraereğlisi (Tekirdağ)",660688
"08/05/2025 18:46:30",28.11777,40.82622,7,0.58,"ML",1.4,"Marmara Denizi - [20.09 km] Marmaraereğlisi (Tekirdağ)",660683
"08/05/2025 12:44:08",28.08065,40.83678,7.12,0.43,"ML",1.6,"Marmara Denizi - [17.37 km] Marmaraereğlisi (Tekirdağ)",660656
"08/05/2025 08:42:05",28.25528,40.8359,8.58,0.37,"ML",1.9,"Marmara Denizi - [25.52 km] Silivri (İstanbul)",660645
"08/05/2025 07:25:00",28.00291,40.75733,7.05,0.55,"ML",1.7,"Marmara Denizi - [22.37 km] Marmaraereğlisi (Tekirdağ)",660642
"08/05/2025 06:49:29",28.36405,40.83391,7.03,0.51,"ML",1.6,"Marmara Denizi - [21.78 km] Büyükçekmece (İstanbul)",660640
"08/05/2025 06:13:27",28.23301,40.8317,7.04,0.61,"ML",1.4,"Marmara Denizi - [25.90 km] Silivri (İstanbul)",660637
"08/05/2025 01:46:22",28.25425,40.84484,7.34,0.8,"ML",1.1,"Marmara Denizi - [24.20 km] Silivri (İstanbul)",660623
"08/05/2025 00:18:45",28.27355,40.84854,10.88,0.6,"ML",1.8,"Marmara Denizi - [24.07 km] Silivri (İstanbul)",660616
"07/05/2025 23:48:55",28.38513,40.84112,7.02,0.5,"ML",1.8,"Marmara Denizi - [19.90 km] Büyükçekmece (İstanbul)",660610
"07/05/2025 22:45:09",28.41567,40.85461,7.01,0.47,"ML",1.5,"Marmara Denizi - [18.22 km] Büyükçekmece (İstanbul)",660607
"07/05/2025 19:09:24",28.25802,40.83859,10.49,0.73,"ML",2.2,"Marmara Denizi - [24.81 km] Silivri (İstanbul)",660590
"07/05/2025 12:46:05",28.44761,40.84573,14.13,0.36,"ML",1.9,"Marmara Denizi - [16.88 km] Büyükçekmece (İstanbul)",660568
"07/05/2025 12:22:58",28.30469,40.83076,9.62,0.39,"ML",3.2,"Marmara Denizi - [24.79 km] Büyükçekmece (İstanbul)",660561
"07/05/2025 10:13:58",28.38252,40.82597,6.99,0.3,"ML",1.6,"Marmara Denizi - [21.23 km] Büyükçekmece (İstanbul)",660557
"07/05/2025 10:10:48",28.39567,40.84319,7.36,0.1,"ML",1.7,"Marmara Denizi - [19.63 km] Büyükçekmece (İstanbul)",660556
"07/05/2025 10:07:11",28.35878,40.8438,6.97,0.32,"ML",1.7,"Marmara Denizi - [21.11 km] Büyükçekmece (İstanbul)",660555
"07/05/2025 10:05:16",28.31198,40.89777,7.15,0.1,"ML",1.8,"Marmara Denizi - [17.55 km] Silivri (İstanbul)",660554
"07/05/2025 09:46:59",27.40559,40.72921,7.15,0.53,"ML",1.5,"Marmara Denizi - [06.93 km] Şarköy (Tekirdağ)",660546
"07/05/2025 08:07:28",28.00904,40.78185,12.1,0.47,"ML",3,"Marmara Denizi - [20.04 km] Marmaraereğlisi (Tekirdağ)",660539
"07/05/2025 07:22:29",28.24366,40.83354,9.12,0.38,"ML",1.5,"Marmara Denizi - [25.40 km] Silivri (İstanbul)",660538
"07/05/2025 05:10:46",28.05017,40.76716,7,0.47,"ML",1.4,"Marmara Denizi - [22.82 km] Marmaraereğlisi (Tekirdağ)",660525
"07/05/2025 03:49:44",28.40916,40.89649,13.68,0.43,"ML",1.3,"Marmara Denizi - [14.02 km] Büyükçekmece (İstanbul)",660513
"07/05/2025 00:59:10",28.17937,40.80357,7,0.42,"ML",2.3,"Marmara Denizi - [25.34 km] Marmaraereğlisi (Tekirdağ)",660486
"07/05/2025 00:06:05",27.44279,40.2862,5.04,0.42,"ML",1.1,"Biga (Çanakkale)",660485
"06/05/2025 21:44:55",27.42863,40.76905,7.42,0.34,"ML",1.1,"Marmara Denizi - [06.39 km] Şarköy (Tekirdağ)",660479
"06/05/2025 19:57:59",28.15823,40.83218,7.47,0.3,"ML",2.1,"Marmara Denizi - [22.13 km] Marmaraereğlisi (Tekirdağ)",660464
"06/05/2025 12:58:35",28.59058,40.07673,7.15,0.78,"ML",1.9,"Mustafakemalpaşa (Bursa)",660427
"06/05/2025 09:23:23",28.31644,40.8559,7.02,0.51,"ML",1.6,"Marmara Denizi - [22.22 km] Büyükçekmece (İstanbul)",660409
"06/05/2025 08:16:04",27.39295,40.20584,6.99,0.36,"ML",2.2,"Biga (Çanakkale)",660401
"06/05/2025 05:26:16",28.2134,40.8518,13.47,0.54,"ML",1.1,"Marmara Denizi - [23.59 km] Silivri (İstanbul)",660390
"05/05/2025 23:56:28",28.44806,40.87918,11.47,0.65,"ML",1.2,"Marmara Denizi - [14.26 km] Büyükçekmece (İstanbul)",660360
"05/05/2025 14:20:56",27.02278,40.33843,7.03,0.49,"ML",1.8,"Lapseki (Çanakkale)",660326
"05/05/2025 13:18:08",27.96833,40.83288,6.84,0.49,"ML",1.7,"Marmara Denizi - [14.21 km] Marmaraereğlisi (Tekirdağ)",660325
"05/05/2025 10:53:37",28.40028,40.83352,6.98,0.52,"ML",1.5,"Marmara Denizi - [20.41 km] Büyükçekmece (İstanbul)",660313
"05/05/2025 08:22:52",27.82265,40.34495,7.19,0.21,"ML",1.4,"Marmara Denizi - Erdek Körfezi - [02.68 km] Bandırma (Balıkesir)",660299
"05/05/2025 07:34:02",28.33238,40.82799,7.04,0.4,"ML",1.5,"Marmara Denizi - [23.67 km] Büyükçekmece (İstanbul)",660295
"05/05/2025 06:22:30",28.67094,40.84183,7.12,0.42,"ML",1.6,"Marmara Denizi - [13.62 km] Beylikdüzü (İstanbul)",660288
"05/05/2025 06:07:32",28.41411,40.84402,7.57,0.46,"ML",1.7,"Marmara Denizi - [18.55 km] Büyükçekmece (İstanbul)",660287
"04/05/2025 22:17:32",28.41078,40.83149,9.79,0.22,"ML",1.3,"Marmara Denizi - [20.41 km] Büyükçekmece (İstanbul)",660238
"04/05/2025 21:17:48",28.3923,40.82816,7.04,0.41,"ML",1.2,"Marmara Denizi - [21.12 km] Büyükçekmece (İstanbul)",660230
"04/05/2025 19:24:46",28.33823,40.82506,7,0.45,"ML",2.2,"Marmara Denizi - [23.45 km] Büyükçekmece (İstanbul)",660218
"04/05/2025 19:14:06",26.28126,40.41721,6.9,0.44,"ML",1.4,"Ege Denizi - Saros Körfezi - [11.29 km] Eceabat (Çanakkale)",660219
"04/05/2025 12:10:30",28.46167,40.85369,6.77,0.27,"ML",1.9,"Marmara Denizi - [16.23 km] Büyükçekmece (İstanbul)",660184
"04/05/2025 11:30:52",28.46975,40.83178,6.98,0.64,"ML",2.2,"Marmara Denizi - [17.61 km] Büyükçekmece (İstanbul)",660183
"04/05/2025 10:39:18",27.51244,40.68328,7.02,0.6,"ML",1.9,"Marmara Denizi - [08.06 km] Marmara (Balıkesir)",660180
"04/05/2025 09:57:12",28.43252,40.85937,7.02,0.55,"ML",1.5,"Marmara Denizi - [16.93 km] Büyükçekmece (İstanbul)",660175
"04/05/2025 08:37:58",28.19962,40.82072,5.14,0.33,"ML",2,"Marmara Denizi - [26.21 km] Marmaraereğlisi (Tekirdağ)",660172
"04/05/2025 07:52:26",27.43238,40.79109,5.31,0.24,"ML",1.9,"Marmara Denizi - [04.96 km] Süleymanpaşa (Tekirdağ)",660168
"04/05/2025 07:48:18",28.30388,40.8277,7,0.48,"ML",1.7,"Marmara Denizi - [24.81 km] Büyükçekmece (İstanbul)",660169
"04/05/2025 04:31:24",28.35784,40.84471,6.28,0.31,"ML",2,"Marmara Denizi - [21.43 km] Büyükçekmece (İstanbul)",660148
"04/05/2025 03:28:21",28.72487,40.84202,7,0.48,"ML",2.3,"Marmara Denizi - [14.68 km] Avcılar (İstanbul)",660163
"03/05/2025 22:18:12",28.39954,40.84529,7,0.37,"ML",2,"Marmara Denizi - [18.97 km] Büyükçekmece (İstanbul)",660124
"03/05/2025 19:33:10",28.241,40.82708,7,0.97,"ML",1.3,"Marmara Denizi - [26.12 km] Silivri (İstanbul)",660117
"03/05/2025 15:29:14",28.85521,40.82872,9.54,0.29,"ML",2.1,"Marmara Denizi - [11.80 km] Adalar (İstanbul)",660099
"03/05/2025 14:50:50",28.70651,40.92232,8.35,0.2,"ML",1.7,"Marmara Denizi - [05.44 km] Avcılar (İstanbul)",660096
"03/05/2025 13:47:21",28.7213,40.88682,17.81,0.26,"ML",1.6,"Marmara Denizi - [09.31 km] Avcılar (İstanbul)",660091
"03/05/2025 13:20:22",28.73694,40.88888,7.61,0.24,"ML",1.5,"Marmara Denizi - [09.27 km] Avcılar (İstanbul)",660084
"03/05/2025 13:14:09",28.73563,40.88939,12.26,0.33,"ML",2.1,"Marmara Denizi - [08.72 km] Avcılar (İstanbul)",660083
"03/05/2025 13:07:34",28.725,40.88048,7.02,0.27,"ML",2.6,"Marmara Denizi - [10.05 km] Avcılar (İstanbul)",660081
"03/05/2025 13:07:09",28.72985,40.88493,14.98,0.26,"ML",2.7,"Marmara Denizi - [09.27 km] Avcılar (İstanbul)",666587
"03/05/2025 11:36:55",28.19306,40.81668,15.7,0.82,"MW",3.7,"Marmara Denizi - [25.83 km] Marmaraereğlisi (Tekirdağ)",666586
"03/05/2025 11:20:23",28.4356,40.85313,12.43,0.3,"ML",1.6,"Marmara Denizi - [17.16 km] Büyükçekmece (İstanbul)",660072
"03/05/2025 10:36:54",28.42414,40.83333,13.41,0.4,"ML",1.8,"Marmara Denizi - [20.03 km] Büyükçekmece (İstanbul)",660068
"03/05/2025 10:15:39",28.426,40.8509,10.16,0.31,"ML",1.2,"Marmara Denizi - [17.31 km] Büyükçekmece (İstanbul)",660066
"03/05/2025 05:23:46",28.14548,40.83206,10.26,0.46,"ML",2.2,"Marmara Denizi - [21.18 km] Marmaraereğlisi (Tekirdağ)",660019
"03/05/2025 05:09:25",27.01708,40.21986,9.76,0.34,"ML",1.8,"Biga (Çanakkale)",660018
"02/05/2025 23:15:54",27.06445,40.17339,7.19,0.51,"ML",1.9,"Biga (Çanakkale)",660014
"02/05/2025 18:04:32",28.5639,40.63067,8.76,0.57,"ML",1.8,"Marmara Denizi - [24.88 km] Armutlu (Yalova)",659996
"02/05/2025 14:34:23",28.41198,40.83308,7,0.34,"ML",2,"Marmara Denizi - [20.53 km] Büyükçekmece (İstanbul)",659959
"02/05/2025 14:27:42",28.39437,40.85624,7.04,0.39,"ML",1.6,"Marmara Denizi - [18.60 km] Büyükçekmece (İstanbul)",659956
"02/05/2025 11:30:09",28.86154,40.85227,19.02,0.3,"ML",3.1,"Marmara Denizi - [10.76 km] Adalar (İstanbul)",666584
"02/05/2025 09:52:57",28.27139,40.83472,6.93,0.42,"ML",2.5,"Marmara Denizi - [25.60 km] Silivri (İstanbul)",659928
"02/05/2025 09:52:31",28.28762,40.84456,6.98,0.33,"ML",2.2,"Marmara Denizi - [24.40 km] Silivri (İstanbul)",659929
"02/05/2025 09:05:54",28.40327,40.83689,6.95,0.35,"ML",1.2,"Marmara Denizi - [20.00 km] Büyükçekmece (İstanbul)",659921
"02/05/2025 08:36:22",28.26429,40.82588,6.97,0.77,"ML",2.1,"Marmara Denizi - [26.13 km] Silivri (İstanbul)",659918
"02/05/2025 05:13:09",28.32844,40.83639,6.89,0.68,"ML",2.1,"Marmara Denizi - [22.66 km] Büyükçekmece (İstanbul)",659909
"02/05/2025 04:39:47",28.15087,40.82,5.69,0.76,"ML",1.4,"Marmara Denizi - [23.20 km] Marmaraereğlisi (Tekirdağ)",659906
"02/05/2025 04:24:52",28.20787,40.84462,7.01,0.65,"ML",1.4,"Marmara Denizi - [24.23 km] Silivri (İstanbul)",659901
"02/05/2025 03:01:28",28.63597,40.74323,5.46,0.42,"ML",1.5,"Marmara Denizi - [23.94 km] Beylikdüzü (İstanbul)",659896
"02/05/2025 02:57:26",26.09394,40.40558,6.88,0.37,"ML",2.2,"Ege Denizi - [21.94 km] Eceabat (Çanakkale)",659894
"02/05/2025 01:31:25",28.6083,40.71824,13.37,0.47,"ML",2.1,"Marmara Denizi - [26.64 km] Armutlu (Yalova)",666581
"02/05/2025 01:13:25",26.11224,40.40228,6.89,0.51,"ML",1.9,"Ege Denizi - [20.53 km] Eceabat (Çanakkale)",659888
"02/05/2025 01:02:12",28.62123,40.72254,12.56,0.34,"ML",1.8,"Marmara Denizi - [26.43 km] Armutlu (Yalova)",666579
"02/05/2025 00:59:09",28.85188,40.8384,16.32,0.3,"ML",2.5,"Marmara Denizi - [11.49 km] Adalar (İstanbul)",666576
"01/05/2025 22:46:45",27.93726,40.79221,6.68,0.77,"ML",2,"Marmara Denizi - [18.39 km] Marmaraereğlisi (Tekirdağ)",659869
"01/05/2025 21:20:18",28.73431,40.63273,8.25,0.63,"ML",1.5,"Marmara Denizi - [13.05 km] Armutlu (Yalova)",659862
"01/05/2025 19:33:50",28.42707,40.83683,7,0.52,"ML",2,"Marmara Denizi - [18.77 km] Büyükçekmece (İstanbul)",666574
"01/05/2025 19:30:03",28.39267,40.84616,7.53,0.25,"ML",2.4,"Marmara Denizi - [19.14 km] Büyükçekmece (İstanbul)",666573
"01/05/2025 13:54:28",28.36014,40.854,7.01,0.49,"ML",1.5,"Marmara Denizi - [19.32 km] Büyükçekmece (İstanbul)",659799
"01/05/2025 10:34:52",28.26369,40.82938,6.99,0.59,"ML",1.5,"Marmara Denizi - [25.54 km] Silivri (İstanbul)",659784
"01/05/2025 10:09:08",27.93539,40.80009,7.04,0.64,"ML",1.9,"Marmara Denizi - [17.62 km] Marmaraereğlisi (Tekirdağ)",659782
"01/05/2025 07:50:49",28.32341,40.85335,5.57,0.26,"ML",1.6,"Marmara Denizi - [21.95 km] Büyükçekmece (İstanbul)",659774
"01/05/2025 00:36:05",28.65229,40.73709,7.02,0.65,"ML",2.1,"Marmara Denizi - [24.47 km] Beylikdüzü (İstanbul)",659737
"01/05/2025 00:34:46",28.63384,40.75302,4.91,0.57,"ML",3,"Marmara Denizi - [23.58 km] Beylikdüzü (İstanbul)",659735
"01/05/2025 00:04:59",28.60658,40.72832,12.2,0.28,"ML",2.8,"Marmara Denizi - [26.04 km] Beylikdüzü (İstanbul)",659736
"30/04/2025 23:55:40",28.13688,40.84889,12.15,0.5,"ML",1.8,"Marmara Denizi - [20.46 km] Marmaraereğlisi (Tekirdağ)",659731
"30/04/2025 22:48:45",28.61711,40.69881,6.63,0.41,"ML",2.3,"Marmara Denizi - [25.83 km] Armutlu (Yalova)",659718
"30/04/2025 19:23:11",28.82511,40.46705,13.52,0.88,"ML",1.8,"Marmara Denizi - Gemlik Körfezi - [04.18 km] Armutlu (Yalova)",659707
"30/04/2025 15:21:50",28.65242,40.77251,7.73,0.38,"ML",1.8,"Marmara Denizi - [21.31 km] Beylikdüzü (İstanbul)",659681
"30/04/2025 12:32:30",28.43976,40.85585,12.9,0.51,"ML",1.5,"Marmara Denizi - [17.07 km] Büyükçekmece (İstanbul)",659662
"30/04/2025 10:18:01",28.13389,40.80986,6.89,0.32,"ML",1.6,"Marmara Denizi - [22.24 km] Marmaraereğlisi (Tekirdağ)",659647
"30/04/2025 09:48:55",28.39678,40.85812,6.8,0.59,"ML",2.1,"Marmara Denizi - [17.63 km] Büyükçekmece (İstanbul)",659638
"30/04/2025 09:07:06",28.29277,40.88514,6.99,0.4,"ML",3.2,"Marmara Denizi - [19.11 km] Silivri (İstanbul)",659628
"30/04/2025 08:46:48",28.69914,40.85517,16.16,0.35,"ML",2,"Marmara Denizi - [12.53 km] Beylikdüzü (İstanbul)",659625
"30/04/2025 01:36:50",28.29891,40.8317,14.9,0.36,"ML",2.5,"Marmara Denizi - [24.92 km] Büyükçekmece (İstanbul)",666572
"30/04/2025 00:05:24",28.52856,40.74955,8.7,0.19,"ML",1.8,"Marmara Denizi - [25.19 km] Beylikdüzü (İstanbul)",659546
"29/04/2025 23:48:32",28.30994,40.85413,10.59,0.31,"ML",2.1,"Marmara Denizi - [21.96 km] Silivri (İstanbul)",659542
"29/04/2025 20:06:08",28.78666,40.83399,5.37,0.48,"ML",1.7,"Marmara Denizi - [13.86 km] Bakırköy (İstanbul)",659506
"29/04/2025 19:21:37",28.73645,40.69544,6.76,0.43,"ML",1.6,"Marmara Denizi - [17.63 km] Armutlu (Yalova)",659502
"29/04/2025 18:00:43",28.16658,40.84221,13.69,0.49,"ML",2.1,"Marmara Denizi - [21.82 km] Marmaraereğlisi (Tekirdağ)",659496
"29/04/2025 17:59:28",28.15497,40.84,6.98,0.57,"ML",2.9,"Marmara Denizi - [21.66 km] Marmaraereğlisi (Tekirdağ)",666569
"29/04/2025 17:56:23",28.26263,40.85481,6.55,0.46,"ML",1.9,"Marmara Denizi - [23.17 km] Silivri (İstanbul)",659494
"29/04/2025 15:53:52",28.41431,40.93273,7.17,0.29,"ML",1.4,"Marmara Denizi - [10.45 km] Büyükçekmece (İstanbul)",659479
"29/04/2025 13:20:19",28.36737,40.84849,6.98,0.67,"ML",1.9,"Marmara Denizi - [20.33 km] Büyükçekmece (İstanbul)",659458
"29/04/2025 13:10:18",28.38515,40.83836,14.08,0.59,"ML",2,"Marmara Denizi - [20.85 km] Büyükçekmece (İstanbul)",659456
"29/04/2025 13:03:34",28.47216,40.79214,14.6,0.36,"ML",1.6,"Marmara Denizi - [21.88 km] Büyükçekmece (İstanbul)",659455
"29/04/2025 09:34:38",28.41765,40.84691,13.62,0.66,"ML",2.3,"Marmara Denizi - [18.27 km] Büyükçekmece (İstanbul)",659417
"29/04/2025 04:31:04",28.14262,40.84522,6.98,0.61,"ML",2.1,"Marmara Denizi - [20.52 km] Marmaraereğlisi (Tekirdağ)",659378
"29/04/2025 03:47:34",28.67162,40.81811,4.47,0.71,"ML",2.3,"Marmara Denizi - [16.34 km] Beylikdüzü (İstanbul)",659405
"29/04/2025 01:54:06",28.68853,40.93144,7.05,0.89,"ML",1.8,"Marmara Denizi - [04.22 km] Beylikdüzü (İstanbul)",659371
"28/04/2025 23:47:31",28.41972,40.85112,6.95,0.51,"ML",2.6,"Marmara Denizi - [17.80 km] Büyükçekmece (İstanbul)",666567
"28/04/2025 22:33:49",28.13766,40.82146,6.97,0.63,"ML",2.3,"Marmara Denizi - [21.92 km] Marmaraereğlisi (Tekirdağ)",659346
"28/04/2025 22:04:59",28.26255,40.83444,6.99,0.84,"ML",2,"Marmara Denizi - [25.84 km] Silivri (İstanbul)",659339
"28/04/2025 22:03:07",28.70057,40.8572,15.41,0.4,"ML",2.8,"Marmara Denizi - [12.47 km] Beylikdüzü (İstanbul)",659338
"28/04/2025 21:47:41",28.70084,40.86694,7.04,0.39,"ML",2.1,"Marmara Denizi - [11.88 km] Avcılar (İstanbul)",659335
"28/04/2025 19:34:53",28.28711,40.83392,7.02,0.45,"ML",2.4,"Marmara Denizi - [24.97 km] Silivri (İstanbul)",666565
"28/04/2025 16:27:52",28.46863,40.84292,7.79,0.25,"ML",1.7,"Marmara Denizi - [17.53 km] Büyükçekmece (İstanbul)",659290
"28/04/2025 12:58:30",28.24003,40.83334,10.6,0.65,"ML",3.4,"Marmara Denizi - [25.29 km] Silivri (İstanbul)",666562
"28/04/2025 11:32:49",28.30183,40.84483,5.7,0.65,"ML",1.6,"Marmara Denizi - [23.34 km] Silivri (İstanbul)",659237
"28/04/2025 05:34:33",28.31826,40.7943,7.07,0.74,"ML",2.5,"Marmara Denizi - [27.69 km] Büyükçekmece (İstanbul)",659160
"28/04/2025 04:24:12",28.28375,40.85668,7.58,0.42,"ML",3,"Marmara Denizi - [23.19 km] Silivri (İstanbul)",666560
"27/04/2025 23:32:17",27.83982,40.36576,7.2,0.32,"ML",2.3,"Marmara Denizi - Erdek Körfezi - [02.92 km] Erdek (Balıkesir)",659088
"27/04/2025 23:17:27",28.43269,40.89334,7.04,0.54,"ML",2.3,"Marmara Denizi - [13.09 km] Büyükçekmece (İstanbul)",659081
"27/04/2025 22:58:33",28.36456,40.85045,7,0.72,"ML",1.7,"Marmara Denizi - [19.71 km] Büyükçekmece (İstanbul)",659080
"27/04/2025 22:56:54",28.41318,40.86302,7.04,0.68,"ML",1.7,"Marmara Denizi - [17.06 km] Büyükçekmece (İstanbul)",659079
"27/04/2025 22:43:40",28.36956,40.85608,16.51,0.89,"MW",3.5,"Marmara Denizi - [19.44 km] Büyükçekmece (İstanbul)",666559
"27/04/2025 21:36:01",28.45011,40.84051,7,0.49,"ML",1.6,"Marmara Denizi - [17.61 km] Büyükçekmece (İstanbul)",659068
"27/04/2025 21:27:14",28.42687,40.82736,7.02,0.59,"ML",2.1,"Marmara Denizi - [19.50 km] Büyükçekmece (İstanbul)",659065
"27/04/2025 21:24:54",28.72427,40.08488,11.29,0.45,"ML",2.4,"Mustafakemalpaşa (Bursa)",659066
"27/04/2025 20:57:41",28.31567,40.86181,6.99,0.62,"ML",1.8,"Marmara Denizi - [21.36 km] Büyükçekmece (İstanbul)",659062
"27/04/2025 19:44:55",28.40306,40.84324,8.5,0.39,"ML",2.7,"Marmara Denizi - [19.57 km] Büyükçekmece (İstanbul)",666558
"27/04/2025 19:27:16",28.48673,40.86979,6.92,0.52,"ML",1.8,"Marmara Denizi - [13.47 km] Büyükçekmece (İstanbul)",659047
"27/04/2025 19:08:21",28.41169,40.83187,7.01,0.86,"ML",1.9,"Marmara Denizi - [20.06 km] Büyükçekmece (İstanbul)",659045
"27/04/2025 18:55:28",28.39546,40.86092,13.96,0.58,"ML",3,"Marmara Denizi - [17.65 km] Büyükçekmece (İstanbul)",666553
"27/04/2025 17:34:29",28.27417,40.85084,7,0.51,"ML",2.2,"Marmara Denizi - [22.85 km] Silivri (İstanbul)",659028
"27/04/2025 16:53:10",28.35296,40.85036,6.93,0.72,"ML",1.7,"Marmara Denizi - [20.76 km] Büyükçekmece (İstanbul)",659025
"27/04/2025 14:49:09",28.36708,40.84741,6.96,0.41,"ML",2.3,"Marmara Denizi - [20.45 km] Büyükçekmece (İstanbul)",659017
"27/04/2025 14:45:01",28.36273,40.84039,7,0.71,"ML",1.9,"Marmara Denizi - [20.69 km] Büyükçekmece (İstanbul)",659018
"27/04/2025 14:28:20",28.23254,40.85212,7,0.3,"ML",1.6,"Marmara Denizi - [22.97 km] Silivri (İstanbul)",659015
"27/04/2025 14:14:05",28.28319,40.89316,7.08,0.41,"ML",1.4,"Marmara Denizi - [18.18 km] Silivri (İstanbul)",659014
"27/04/2025 13:44:33",28.3668,40.83899,5.55,0.56,"ML",3.2,"Marmara Denizi - [21.00 km] Büyükçekmece (İstanbul)",659011
"27/04/2025 13:42:33",28.36557,40.84122,7,0.7,"ML",2.4,"Marmara Denizi - [20.95 km] Büyükçekmece (İstanbul)",659012
"27/04/2025 12:50:56",28.37866,40.8441,6.81,0.61,"ML",2.6,"Marmara Denizi - [20.02 km] Büyükçekmece (İstanbul)",659009
"27/04/2025 12:48:43",28.4016,40.83342,7.03,0.69,"ML",3.2,"Marmara Denizi - [20.57 km] Büyükçekmece (İstanbul)",659008
"27/04/2025 11:11:52",28.25449,40.83667,6.98,0.62,"ML",2.4,"Marmara Denizi - [25.63 km] Silivri (İstanbul)",659002
"27/04/2025 10:55:20",28.26233,40.84279,7.02,0.57,"ML",1.9,"Marmara Denizi - [23.96 km] Silivri (İstanbul)",658999
"27/04/2025 09:40:29",28.42769,40.86764,7.12,0.44,"ML",1.5,"Marmara Denizi - [16.01 km] Büyükçekmece (İstanbul)",658993
"27/04/2025 09:03:40",28.46748,40.83728,10.91,0.43,"ML",1.6,"Marmara Denizi - [18.00 km] Büyükçekmece (İstanbul)",658992
"27/04/2025 07:35:27",28.17078,40.82706,7.02,0.38,"ML",1.4,"Marmara Denizi - [23.30 km] Marmaraereğlisi (Tekirdağ)",658981
"27/04/2025 07:27:25",28.40326,40.84218,7,0.66,"ML",1.9,"Marmara Denizi - [19.94 km] Büyükçekmece (İstanbul)",658985
"27/04/2025 06:38:34",28.29465,40.86819,10.12,0.61,"ML",1.5,"Marmara Denizi - [21.37 km] Silivri (İstanbul)",658980
"27/04/2025 04:06:43",28.429,40.87961,16.45,0.37,"ML",1.3,"Marmara Denizi - [14.58 km] Büyükçekmece (İstanbul)",658961
"27/04/2025 03:13:45",28.16825,40.83033,6.97,0.46,"ML",1.7,"Marmara Denizi - [23.19 km] Marmaraereğlisi (Tekirdağ)",658953
"27/04/2025 01:02:51",28.27081,40.83924,17.18,0.93,"ML",1.2,"Marmara Denizi - [24.51 km] Silivri (İstanbul)",658943
"27/04/2025 00:48:03",28.31666,40.84713,5.6,0.95,"ML",1.3,"Marmara Denizi - [22.54 km] Büyükçekmece (İstanbul)",658942
"27/04/2025 00:35:35",28.2788,40.83695,10.18,0.79,"ML",2.2,"Marmara Denizi - [24.88 km] Silivri (İstanbul)",658939
"27/04/2025 00:30:46",28.36412,40.84465,10.22,0.84,"ML",1.8,"Marmara Denizi - [21.01 km] Büyükçekmece (İstanbul)",658940
"26/04/2025 23:16:19",28.2492,40.83351,14.64,0.63,"ML",2,"Marmara Denizi - [25.35 km] Silivri (İstanbul)",658931
"26/04/2025 22:32:35",28.30948,40.86577,14.18,0.48,"ML",1.4,"Marmara Denizi - [21.33 km] Silivri (İstanbul)",658927
"26/04/2025 21:47:13",28.12454,40.81716,12.53,0.41,"ML",2.2,"Marmara Denizi - [21.13 km] Marmaraereğlisi (Tekirdağ)",658921
"26/04/2025 21:42:01",28.30669,40.84169,13.99,0.53,"ML",1.4,"Marmara Denizi - [23.43 km] Büyükçekmece (İstanbul)",658920
"26/04/2025 21:40:38",28.43788,40.81652,12.68,0.34,"ML",1.4,"Marmara Denizi - [21.02 km] Büyükçekmece (İstanbul)",658919
"26/04/2025 21:37:24",28.41778,40.86679,16.64,0.38,"ML",1.6,"Marmara Denizi - [16.59 km] Büyükçekmece (İstanbul)",658918
"26/04/2025 21:33:55",28.30183,40.85951,13.71,0.5,"ML",1.3,"Marmara Denizi - [22.58 km] Silivri (İstanbul)",658917
"26/04/2025 21:10:53",28.45898,40.84989,13.01,0.35,"ML",1.2,"Marmara Denizi - [16.57 km] Büyükçekmece (İstanbul)",658913
"26/04/2025 21:08:27",28.36441,40.85021,13.12,0.4,"ML",1.8,"Marmara Denizi - [20.12 km] Büyükçekmece (İstanbul)",658912
"26/04/2025 20:45:07",28.19989,40.83963,10.75,0.74,"ML",3.4,"Marmara Denizi - [24.59 km] Marmaraereğlisi (Tekirdağ)",658910
"26/04/2025 20:19:26",28.18585,40.779,7,0.61,"ML",2.8,"Marmara Denizi - [27.57 km] Marmaraereğlisi (Tekirdağ)",658908
"26/04/2025 19:47:06",28.46717,40.85056,7.84,0.88,"ML",1.8,"Marmara Denizi - [16.80 km] Büyükçekmece (İstanbul)",658904
"26/04/2025 19:45:48",28.50724,40.87408,9.21,0.57,"ML",1.9,"Marmara Denizi - [12.77 km] Büyükçekmece (İstanbul)",658903
"26/04/2025 19:34:44",28.40793,40.84046,6.32,0.7,"ML",2.1,"Marmara Denizi - [19.25 km] Büyükçekmece (İstanbul)",658902
"26/04/2025 19:03:16",28.41032,40.86362,13.37,0.72,"ML",1.2,"Marmara Denizi - [16.74 km] Büyükçekmece (İstanbul)",658900
"26/04/2025 18:29:29",28.33749,40.8269,8.84,0.9,"ML",1.7,"Marmara Denizi - [23.32 km] Büyükçekmece (İstanbul)",658897
"26/04/2025 18:15:44",28.42511,40.83035,8.19,0.74,"ML",1.3,"Marmara Denizi - [19.46 km] Büyükçekmece (İstanbul)",658898
"26/04/2025 17:58:44",28.36651,40.83671,5.63,0.64,"ML",2.3,"Marmara Denizi - [21.23 km] Büyükçekmece (İstanbul)",658893
"26/04/2025 17:56:01",28.69725,40.84724,7,0.63,"ML",2.1,"Marmara Denizi - [13.90 km] Beylikdüzü (İstanbul)",658892
"26/04/2025 17:02:32",28.47136,40.82706,8.62,0.31,"ML",1.5,"Marmara Denizi - [18.14 km] Büyükçekmece (İstanbul)",658890
"26/04/2025 14:54:49",28.66154,40.81953,11.13,0.37,"ML",1.6,"Marmara Denizi - [15.76 km] Beylikdüzü (İstanbul)",658874
"26/04/2025 14:38:39",28.08855,40.83957,8.09,0.23,"ML",1.7,"Marmara Denizi - [17.89 km] Marmaraereğlisi (Tekirdağ)",658873
"26/04/2025 14:25:12",28.17727,40.80326,9.88,0.27,"ML",1.8,"Marmara Denizi - [25.98 km] Marmaraereğlisi (Tekirdağ)",658868
"26/04/2025 13:16:49",28.38578,40.82565,10.65,0.46,"ML",1.2,"Marmara Denizi - [21.68 km] Büyükçekmece (İstanbul)",658859
"26/04/2025 13:05:39",28.37069,40.84653,10.02,0.34,"ML",3.1,"Marmara Denizi - [20.18 km] Büyükçekmece (İstanbul)",658856
"26/04/2025 12:32:44",28.4474,40.83779,12.5,0.58,"ML",3.2,"Marmara Denizi - [18.56 km] Büyükçekmece (İstanbul)",658851
"26/04/2025 11:38:15",28.34913,40.81861,8.65,0.39,"ML",1.6,"Marmara Denizi - [23.51 km] Büyükçekmece (İstanbul)",658845
"26/04/2025 10:57:25",28.20242,40.90808,7,0.28,"ML",1.4,"Marmara Denizi - [17.71 km] Silivri (İstanbul)",658837
"26/04/2025 10:00:52",28.48509,40.81704,7.01,0.32,"ML",2.7,"Marmara Denizi - [19.75 km] Büyükçekmece (İstanbul)",658832
"26/04/2025 08:32:50",28.14505,40.81376,6.98,0.54,"ML",2.1,"Marmara Denizi - [22.65 km] Marmaraereğlisi (Tekirdağ)",658824
"26/04/2025 08:09:45",28.14652,40.83031,6.99,0.51,"ML",2.7,"Marmara Denizi - [21.83 km] Marmaraereğlisi (Tekirdağ)",658821
"26/04/2025 06:33:41",28.37732,40.85194,12.84,0.74,"ML",1.3,"Marmara Denizi - [19.86 km] Büyükçekmece (İstanbul)",658806
"26/04/2025 06:23:22",28.28474,40.84756,13.87,0.56,"ML",1.5,"Marmara Denizi - [23.76 km] Silivri (İstanbul)",658803
"26/04/2025 05:57:54",27.99291,40.79989,6.98,0.66,"ML",1.3,"Marmara Denizi - [18.04 km] Marmaraereğlisi (Tekirdağ)",658799
"26/04/2025 05:48:36",28.32781,40.84067,13.27,0.56,"ML",1.7,"Marmara Denizi - [22.20 km] Büyükçekmece (İstanbul)",658798
"26/04/2025 05:34:26",28.40237,40.83717,12.14,0.52,"ML",1.1,"Marmara Denizi - [19.65 km] Büyükçekmece (İstanbul)",658797
"26/04/2025 05:24:59",28.41064,40.83073,7.06,0.61,"ML",2.5,"Marmara Denizi - [20.49 km] Büyükçekmece (İstanbul)",658793
"26/04/2025 05:04:59",28.43259,40.86503,6.88,0.71,"ML",1.7,"Marmara Denizi - [15.82 km] Büyükçekmece (İstanbul)",658792
"26/04/2025 03:47:13",28.39799,40.84925,6.96,0.71,"ML",3,"Marmara Denizi - [18.82 km] Büyükçekmece (İstanbul)",658788
"26/04/2025 02:53:14",28.28075,40.84192,10.39,0.54,"ML",2.3,"Marmara Denizi - [24.04 km] Silivri (İstanbul)",658782
"26/04/2025 02:47:52",28.60001,40.89081,7.02,0.77,"ML",1.1,"Marmara Denizi - [08.98 km] Beylikdüzü (İstanbul)",658783
"26/04/2025 01:48:35",28.38143,40.84537,12.95,0.62,"ML",1.6,"Marmara Denizi - [19.35 km] Büyükçekmece (İstanbul)",658777
"26/04/2025 01:47:04",28.70243,40.86109,8.71,0.41,"ML",1.5,"Marmara Denizi - [12.14 km] Beylikdüzü (İstanbul)",658778
"26/04/2025 01:31:17",28.32756,40.85611,11.56,0.51,"ML",1.7,"Marmara Denizi - [21.47 km] Büyükçekmece (İstanbul)",658776
"26/04/2025 00:52:59",28.45859,40.8546,10.68,0.66,"ML",1.3,"Marmara Denizi - [16.56 km] Büyükçekmece (İstanbul)",658771
"26/04/2025 00:15:07",28.2921,40.84775,10.35,0.53,"ML",2.4,"Marmara Denizi - [23.11 km] Silivri (İstanbul)",658764
"25/04/2025 23:36:31",28.41982,40.83353,7,0.74,"ML",2.8,"Marmara Denizi - [19.23 km] Büyükçekmece (İstanbul)",658759
"25/04/2025 22:55:53",28.42333,40.83821,6.92,0.65,"ML",3.2,"Marmara Denizi - [19.61 km] Büyükçekmece (İstanbul)",658755
"25/04/2025 22:54:38",28.39733,40.83714,6.98,0.77,"ML",3.2,"Marmara Denizi - [19.72 km] Büyükçekmece (İstanbul)",658754
"25/04/2025 22:51:24",28.34365,40.79746,7.01,0.55,"ML",1.6,"Marmara Denizi - [26.56 km] Büyükçekmece (İstanbul)",658757
"25/04/2025 22:46:42",28.41762,40.84257,7.06,0.87,"ML",2.2,"Marmara Denizi - [19.15 km] Büyükçekmece (İstanbul)",658756
"25/04/2025 22:42:23",28.3517,40.83174,7.07,0.66,"ML",1.6,"Marmara Denizi - [22.37 km] Büyükçekmece (İstanbul)",658752
"25/04/2025 22:39:00",28.64002,40.82193,6.96,0.74,"ML",1.5,"Marmara Denizi - [15.42 km] Beylikdüzü (İstanbul)",658751
"25/04/2025 22:36:16",28.32174,40.83331,6.96,0.66,"ML",2.6,"Marmara Denizi - [23.87 km] Büyükçekmece (İstanbul)",658750
"25/04/2025 22:10:27",28.40728,40.82869,7,0.73,"ML",2.3,"Marmara Denizi - [20.56 km] Büyükçekmece (İstanbul)",658747
"25/04/2025 22:04:11",28.39986,40.84341,7.18,0.85,"ML",2.3,"Marmara Denizi - [19.72 km] Büyükçekmece (İstanbul)",658745
"25/04/2025 22:03:22",28.09489,40.81493,6.99,0.84,"ML",1.7,"Marmara Denizi - [20.28 km] Marmaraereğlisi (Tekirdağ)",658748
"25/04/2025 21:57:32",28.4626,40.84478,11.02,0.4,"ML",1.4,"Marmara Denizi - [16.73 km] Büyükçekmece (İstanbul)",658742
"25/04/2025 21:55:41",28.46867,40.85363,12,0.62,"ML",1.3,"Marmara Denizi - [16.14 km] Büyükçekmece (İstanbul)",658741
"25/04/2025 21:41:47",28.40908,40.85083,11.8,0.7,"ML",1.3,"Marmara Denizi - [18.63 km] Büyükçekmece (İstanbul)",658740
"25/04/2025 21:14:54",28.43258,40.85179,17.36,0.52,"ML",2.2,"Marmara Denizi - [17.30 km] Büyükçekmece (İstanbul)",658737
"25/04/2025 21:10:49",28.42337,40.83754,11.39,0.59,"ML",1.9,"Marmara Denizi - [18.93 km] Büyükçekmece (İstanbul)",658736
"25/04/2025 21:08:58",28.41231,40.84031,7,0.49,"ML",2.7,"Marmara Denizi - [19.33 km] Büyükçekmece (İstanbul)",658733
"25/04/2025 21:07:11",28.39046,40.83866,7.02,0.93,"ML",3.7,"Marmara Denizi - [19.88 km] Büyükçekmece (İstanbul)",658730
"25/04/2025 21:06:56",28.40477,40.85874,15.23,0.55,"ML",3.5,"Marmara Denizi - [17.56 km] Büyükçekmece (İstanbul)",658731
"25/04/2025 20:46:53",28.40467,40.83539,6.4,0.68,"ML",2.3,"Marmara Denizi - [20.30 km] Büyükçekmece (İstanbul)",658728
"25/04/2025 20:33:15",28.43001,40.85528,7.01,0.85,"MW",4.3,"Marmara Denizi - [17.82 km] Büyükçekmece (İstanbul)",658727
"25/04/2025 20:21:45",28.43039,40.83806,6.96,0.75,"ML",3.5,"Marmara Denizi - [19.46 km] Büyükçekmece (İstanbul)",658726
"25/04/2025 19:28:45",28.43974,40.85271,13.45,0.56,"ML",2.2,"Marmara Denizi - [17.37 km] Büyükçekmece (İstanbul)",658714
"25/04/2025 18:44:24",28.36806,40.83216,7.04,0.72,"ML",1.3,"Marmara Denizi - [21.80 km] Büyükçekmece (İstanbul)",658713
"25/04/2025 18:34:29",28.71208,40.87178,15.04,0.5,"ML",2.7,"Marmara Denizi - [11.03 km] Avcılar (İstanbul)",658710
"25/04/2025 18:32:03",28.69372,40.85563,7.03,0.43,"ML",3.4,"Marmara Denizi - [12.83 km] Beylikdüzü (İstanbul)",658709
"25/04/2025 18:30:04",28.42169,40.82788,6.96,0.79,"ML",2.2,"Marmara Denizi - [19.82 km] Büyükçekmece (İstanbul)",658711
"25/04/2025 17:34:44",28.43305,40.83559,7.06,0.61,"ML",1.7,"Marmara Denizi - [18.65 km] Büyükçekmece (İstanbul)",658703
"25/04/2025 17:34:06",28.41842,40.82894,7.03,0.78,"ML",1.7,"Marmara Denizi - [20.64 km] Büyükçekmece (İstanbul)",658702
"25/04/2025 17:29:26",28.43321,40.83585,6.99,0.65,"ML",2.1,"Marmara Denizi - [18.93 km] Büyükçekmece (İstanbul)",658701
"25/04/2025 17:26:20",28.30967,40.85207,6.94,0.68,"ML",1.9,"Marmara Denizi - [22.42 km] Büyükçekmece (İstanbul)",658700
"25/04/2025 17:22:10",28.41978,40.85124,7,0.73,"ML",2.7,"Marmara Denizi - [17.58 km] Büyükçekmece (İstanbul)",658699
"25/04/2025 17:21:21",28.39518,40.83947,7.73,0.83,"ML",3.1,"Marmara Denizi - [20.34 km] Büyükçekmece (İstanbul)",658698
"25/04/2025 17:20:11",28.45491,40.85096,11.13,0.15,"ML",1.8,"Marmara Denizi - [16.86 km] Büyükçekmece (İstanbul)",658697
"25/04/2025 17:03:48",28.46392,40.83527,13.83,0.29,"ML",1.6,"Marmara Denizi - [18.08 km] Büyükçekmece (İstanbul)",658696
"25/04/2025 15:15:41",28.48469,40.83403,14.46,0.35,"ML",1.8,"Marmara Denizi - [17.69 km] Büyükçekmece (İstanbul)",658684
"25/04/2025 15:12:15",28.24034,40.8233,14.8,0.88,"ML",2.3,"Marmara Denizi - [26.30 km] Silivri (İstanbul)",659220
"25/04/2025 15:07:28",28.40555,40.86638,17.3,0.51,"ML",1.7,"Marmara Denizi - [16.52 km] Büyükçekmece (İstanbul)",659219
"25/04/2025 14:49:17",28.45365,40.84604,16.24,0.46,"ML",3.1,"Marmara Denizi - [17.01 km] Büyükçekmece (İstanbul)",658680
"25/04/2025 14:42:34",28.37687,40.8395,11.53,0.22,"ML",1.6,"Marmara Denizi - [21.27 km] Büyükçekmece (İstanbul)",658679
"25/04/2025 14:41:13",28.30389,40.81537,8.4,0.5,"ML",1.1,"Marmara Denizi - [26.70 km] Büyükçekmece (İstanbul)",658678
"25/04/2025 14:20:22",27.56791,40.62088,15.16,0.55,"ML",2.1,"Marmara Denizi, Marmara Adası, Marmara (Balıkesir)",658675
"25/04/2025 14:14:06",28.37327,40.84269,6.96,0.32,"ML",1.6,"Marmara Denizi - [20.66 km] Büyükçekmece (İstanbul)",658672
"25/04/2025 14:01:43",28.16278,40.81563,7.04,0.26,"ML",1.2,"Marmara Denizi - [24.02 km] Marmaraereğlisi (Tekirdağ)",658671
"25/04/2025 13:57:52",28.40393,40.84524,14.99,0.33,"ML",1.6,"Marmara Denizi - [19.48 km] Büyükçekmece (İstanbul)",658670
"25/04/2025 13:53:26",28.45451,40.83978,8.45,0.17,"ML",1.1,"Marmara Denizi - [17.60 km] Büyükçekmece (İstanbul)",658669
"25/04/2025 13:33:27",28.27568,40.77583,11.59,0.24,"ML",1.5,"Marmara Denizi - [30.93 km] Büyükçekmece (İstanbul)",658668
"25/04/2025 13:19:28",28.31665,40.84291,15.2,0.5,"ML",2.3,"Marmara Denizi - [22.89 km] Büyükçekmece (İstanbul)",658665
"25/04/2025 13:03:16",28.37793,40.86592,7.08,0.17,"ML",1.2,"Marmara Denizi - [18.27 km] Büyükçekmece (İstanbul)",658663
"25/04/2025 13:01:20",28.71382,40.84026,6.9,0.4,"ML",1.3,"Marmara Denizi - [14.04 km] Avcılar (İstanbul)",658662
"25/04/2025 12:52:50",28.38275,40.83331,6.99,0.42,"ML",1.9,"Marmara Denizi - [20.99 km] Büyükçekmece (İstanbul)",658657
"25/04/2025 12:50:27",28.61441,40.81609,13.99,0.88,"ML",1.1,"Marmara Denizi - [16.52 km] Beylikdüzü (İstanbul)",658658
"25/04/2025 12:32:22",28.33694,40.86679,7.7,0.15,"ML",1.3,"Marmara Denizi - [20.14 km] Büyükçekmece (İstanbul)",658652
"25/04/2025 12:15:19",28.24523,40.83352,6.87,0.9,"ML",1.4,"Marmara Denizi - [25.61 km] Silivri (İstanbul)",658647
"25/04/2025 12:13:18",28.40448,40.99649,7,0.28,"ML",0.7,"Marmara Denizi - [05.07 km] Büyükçekmece (İstanbul)",658646
"25/04/2025 11:56:47",28.30329,40.82033,7.43,0.32,"ML",1,"Marmara Denizi - [25.95 km] Büyükçekmece (İstanbul)",658645
"25/04/2025 11:26:12",28.38795,40.86069,11.86,0.76,"ML",2.4,"Marmara Denizi - [18.71 km] Büyükçekmece (İstanbul)",658621
"25/04/2025 10:53:10",28.44972,40.85273,7.04,0.72,"ML",2.6,"Marmara Denizi - [16.68 km] Büyükçekmece (İstanbul)",658610
"25/04/2025 10:03:38",28.14981,40.83629,6.99,0.48,"ML",1.4,"Marmara Denizi - [21.94 km] Marmaraereğlisi (Tekirdağ)",658600
"25/04/2025 09:45:19",28.5022,40.84226,6.88,0.99,"ML",1.8,"Marmara Denizi - [16.24 km] Büyükçekmece (İstanbul)",658598
"25/04/2025 09:28:00",28.22278,40.78601,7.62,0.22,"ML",1.8,"Marmara Denizi - [29.56 km] Marmaraereğlisi (Tekirdağ)",658594
"25/04/2025 09:20:51",28.43017,40.8509,7.1,0.77,"ML",1.7,"Marmara Denizi - [17.66 km] Büyükçekmece (İstanbul)",658592
"25/04/2025 08:48:04",28.65828,40.81293,7.02,0.56,"ML",1.1,"Marmara Denizi - [16.06 km] Beylikdüzü (İstanbul)",658587
"25/04/2025 08:40:00",28.46592,40.83692,7.8,0.68,"MW",3.6,"Marmara Denizi - [17.93 km] Büyükçekmece (İstanbul)",658583
"25/04/2025 07:00:34",28.14511,40.81517,8.2,0.45,"ML",2.7,"Marmara Denizi - [23.11 km] Marmaraereğlisi (Tekirdağ)",658568
"25/04/2025 06:27:42",28.46505,40.84806,6.96,0.46,"ML",2,"Marmara Denizi - [16.47 km] Büyükçekmece (İstanbul)",658562
"25/04/2025 06:05:18",26.16363,40.384,7.03,0.34,"ML",1.3,"Ege Denizi - [15.58 km] Eceabat (Çanakkale)",658563
"25/04/2025 05:31:40",28.3989,40.85086,6.98,0.7,"ML",2.1,"Marmara Denizi - [18.78 km] Büyükçekmece (İstanbul)",658560
"25/04/2025 05:14:58",28.47139,40.83919,7,0.57,"ML",1.8,"Marmara Denizi - [17.69 km] Büyükçekmece (İstanbul)",658554
"25/04/2025 05:06:36",27.0669,40.35432,7.66,0.16,"ML",0.9,"Biga (Çanakkale)",658555
"25/04/2025 04:58:12",28.42718,40.83914,5.78,0.46,"ML",1.4,"Marmara Denizi - [18.86 km] Büyükçekmece (İstanbul)",658550
"25/04/2025 04:50:16",28.44719,40.84233,8.54,0.39,"ML",2.1,"Marmara Denizi - [17.21 km] Büyükçekmece (İstanbul)",658549
"25/04/2025 04:44:40",27.45844,40.69082,10.48,0.37,"ML",1.4,"Marmara Denizi - [10.74 km] Marmara (Balıkesir)",658551
"25/04/2025 04:37:02",28.24987,40.83242,7.03,0.73,"ML",1.3,"Marmara Denizi - [25.45 km] Silivri (İstanbul)",658552
"25/04/2025 04:22:16",28.35271,40.83952,7,0.57,"ML",2.4,"Marmara Denizi - [22.19 km] Büyükçekmece (İstanbul)",658546
"25/04/2025 04:13:35",28.27306,40.83185,6.97,0.79,"ML",1.2,"Marmara Denizi - [25.53 km] Silivri (İstanbul)",658547
"25/04/2025 04:00:15",28.25355,40.8346,6.94,0.54,"ML",2.5,"Marmara Denizi - [25.20 km] Silivri (İstanbul)",658545
"25/04/2025 03:05:34",28.46113,40.84139,7,0.76,"ML",1.9,"Marmara Denizi - [18.03 km] Büyükçekmece (İstanbul)",658540
"25/04/2025 03:04:30",28.4243,40.8342,7,0.64,"ML",2.2,"Marmara Denizi - [19.47 km] Büyükçekmece (İstanbul)",658539
"25/04/2025 02:58:35",28.31731,40.81266,6.99,0.79,"ML",2.7,"Marmara Denizi - [25.32 km] Büyükçekmece (İstanbul)",658536
"25/04/2025 02:55:55",28.38849,40.8392,6.25,0.77,"ML",2.5,"Marmara Denizi - [19.90 km] Büyükçekmece (İstanbul)",658535
"25/04/2025 02:38:14",28.11305,40.83815,7,0.77,"ML",1.4,"Marmara Denizi - [19.11 km] Marmaraereğlisi (Tekirdağ)",658538
"25/04/2025 02:02:27",28.11441,40.8498,6.96,0.59,"ML",1.3,"Marmara Denizi - [18.02 km] Marmaraereğlisi (Tekirdağ)",658534
"25/04/2025 01:17:05",28.3775,40.87313,6.96,0.52,"ML",1.3,"Marmara Denizi - [17.83 km] Büyükçekmece (İstanbul)",658528
"25/04/2025 00:42:14",28.39537,40.99429,6.53,0.89,"ML",1.4,"Marmara Denizi - [05.90 km] Büyükçekmece (İstanbul)",658527
"25/04/2025 00:39:09",28.41044,40.91576,7.04,0.69,"ML",1.7,"Marmara Denizi - [11.38 km] Büyükçekmece (İstanbul)",658526
"25/04/2025 00:36:33",28.48149,40.89012,10.12,0.65,"ML",2,"Marmara Denizi - [11.38 km] Büyükçekmece (İstanbul)",658525
"25/04/2025 00:24:00",28.45241,40.83139,7,0.61,"ML",1.4,"Marmara Denizi - [19.30 km] Büyükçekmece (İstanbul)",658522
"25/04/2025 00:23:01",28.32216,40.83509,7,0.6,"ML",1.7,"Marmara Denizi - [23.57 km] Büyükçekmece (İstanbul)",658521
"25/04/2025 00:21:09",28.41762,40.84171,5.73,0.69,"ML",2.1,"Marmara Denizi - [18.44 km] Büyükçekmece (İstanbul)",658520
"24/04/2025 23:39:36",28.40208,40.83477,7,0.57,"ML",1.8,"Marmara Denizi - [20.22 km] Büyükçekmece (İstanbul)",658518
"24/04/2025 23:36:22",28.37477,40.84605,5.15,0.47,"ML",1.8,"Marmara Denizi - [20.75 km] Büyükçekmece (İstanbul)",658517
"24/04/2025 23:15:43",28.21039,40.16497,6.92,0.26,"ML",1.3,"Karacabey (Bursa)",658516
"24/04/2025 22:57:23",28.32996,40.84886,5.4,0.53,"ML",1.6,"Marmara Denizi - [22.07 km] Büyükçekmece (İstanbul)",658508
"24/04/2025 22:56:11",28.45497,40.82227,7.92,0.36,"ML",1.6,"Marmara Denizi - [19.29 km] Büyükçekmece (İstanbul)",658507
"24/04/2025 22:50:22",28.38242,40.84125,5.92,0.57,"ML",1.5,"Marmara Denizi - [20.11 km] Büyükçekmece (İstanbul)",658509
"24/04/2025 22:43:47",28.39717,40.83203,7.03,0.57,"ML",1.6,"Marmara Denizi - [20.91 km] Büyükçekmece (İstanbul)",658506
"24/04/2025 22:26:37",27.13551,40.30345,7.16,0.66,"ML",1.1,"Biga (Çanakkale)",658504
"24/04/2025 22:12:46",28.23096,40.83473,6.97,0.72,"ML",1.8,"Marmara Denizi - [25.79 km] Silivri (İstanbul)",658502
"24/04/2025 22:06:25",28.3832,40.84191,5.89,0.44,"ML",1.7,"Marmara Denizi - [19.93 km] Büyükçekmece (İstanbul)",658503
"24/04/2025 21:56:05",28.33475,40.84456,7.02,0.63,"ML",3,"Marmara Denizi - [21.68 km] Büyükçekmece (İstanbul)",658498
"24/04/2025 21:54:47",28.34597,40.83595,7,0.68,"ML",3.3,"Marmara Denizi - [22.41 km] Büyükçekmece (İstanbul)",658497
"24/04/2025 21:48:53",28.43228,40.84725,7,0.43,"ML",2.3,"Marmara Denizi - [17.52 km] Büyükçekmece (İstanbul)",658496
"24/04/2025 21:43:31",28.42121,40.86537,8.48,0.44,"ML",1.7,"Marmara Denizi - [16.29 km] Büyükçekmece (İstanbul)",658499
"24/04/2025 21:33:35",28.23265,40.83767,6.96,0.58,"ML",1.9,"Marmara Denizi - [25.29 km] Silivri (İstanbul)",658500
"24/04/2025 21:11:51",28.28091,40.81165,7.68,0.71,"ML",2.9,"Marmara Denizi - [27.35 km] Silivri (İstanbul)",658494
"24/04/2025 20:11:35",28.39203,40.8425,8.46,0.76,"ML",1.4,"Marmara Denizi - [20.39 km] Büyükçekmece (İstanbul)",658493
"24/04/2025 20:04:09",28.42885,40.81459,7,0.48,"ML",1.5,"Marmara Denizi - [21.16 km] Büyükçekmece (İstanbul)",658492
"24/04/2025 19:37:26",28.42019,40.84414,6.9,0.79,"ML",1.2,"Marmara Denizi - [18.49 km] Büyükçekmece (İstanbul)",658490
"24/04/2025 19:24:47",28.27818,40.82867,5.66,0.74,"ML",3.5,"Marmara Denizi - [25.85 km] Silivri (İstanbul)",658488
"24/04/2025 19:04:17",28.4248,40.83282,7.47,0.67,"ML",2,"Marmara Denizi - [19.35 km] Büyükçekmece (İstanbul)",658489
"24/04/2025 18:52:46",28.35694,40.84894,15.22,0.43,"ML",1.3,"Marmara Denizi - [20.58 km] Büyükçekmece (İstanbul)",658486
"24/04/2025 18:16:15",28.28625,40.81408,7.05,0.63,"ML",1.9,"Marmara Denizi - [26.77 km] Silivri (İstanbul)",658484
"24/04/2025 17:52:53",28.29202,40.83886,7,0.69,"MW",3.7,"Marmara Denizi - [24.78 km] Silivri (İstanbul)",658483
"24/04/2025 17:37:17",28.24094,40.83247,7.03,0.79,"ML",2.2,"Marmara Denizi - [25.21 km] Silivri (İstanbul)",658482
"24/04/2025 16:04:07",28.42221,40.8674,7,0.22,"ML",1.7,"Marmara Denizi - [16.87 km] Büyükçekmece (İstanbul)",658479
"24/04/2025 15:56:45",28.34191,40.83753,11.29,0.31,"ML",1.3,"Marmara Denizi - [22.53 km] Büyükçekmece (İstanbul)",658473
"24/04/2025 15:38:19",28.23488,40.84235,6.59,0.35,"ML",1.3,"Marmara Denizi - [23.97 km] Silivri (İstanbul)",658470
"24/04/2025 15:25:21",28.41778,40.86667,7.08,0.37,"ML",1.6,"Marmara Denizi - [16.63 km] Büyükçekmece (İstanbul)",658478
"24/04/2025 15:23:23",28.14961,40.84806,6.78,0.19,"ML",1.5,"Marmara Denizi - [21.22 km] Marmaraereğlisi (Tekirdağ)",658477
"24/04/2025 14:51:09",28.41747,40.83974,7,0.58,"ML",1.8,"Marmara Denizi - [19.51 km] Büyükçekmece (İstanbul)",658469
"24/04/2025 14:40:30",28.431,40.84971,6.97,0.47,"ML",1.8,"Marmara Denizi - [17.03 km] Büyükçekmece (İstanbul)",658467
"24/04/2025 14:15:55",28.31505,40.8479,6.96,0.46,"ML",1.5,"Marmara Denizi - [22.82 km] Büyükçekmece (İstanbul)",658471
"24/04/2025 13:44:59",28.43252,40.84011,6.59,0.53,"ML",2.1,"Marmara Denizi - [17.90 km] Büyükçekmece (İstanbul)",658466
"24/04/2025 13:31:36",28.31331,40.82621,7,0.82,"ML",2.1,"Marmara Denizi - [24.50 km] Büyükçekmece (İstanbul)",658461
"24/04/2025 13:09:00",28.31761,40.85251,7.06,0.85,"ML",2.2,"Marmara Denizi - [22.14 km] Büyükçekmece (İstanbul)",658465
"24/04/2025 12:47:46",28.32086,40.81671,7.19,0.77,"ML",1.2,"Marmara Denizi - [25.19 km] Büyükçekmece (İstanbul)",658458
"24/04/2025 12:33:58",28.41531,40.82912,13.33,0.4,"ML",2.4,"Marmara Denizi - [20.02 km] Büyükçekmece (İstanbul)",658456
"24/04/2025 12:15:21",28.83099,40.93613,6.02,0.44,"ML",1.2,"Marmara Denizi - [02.47 km] Bakırköy (İstanbul)",658463
"24/04/2025 12:03:36",28.40439,40.83472,11.97,0.95,"ML",2.7,"Marmara Denizi - [19.99 km] Büyükçekmece (İstanbul)",658454
"24/04/2025 11:53:16",28.32719,40.84596,7.07,0.37,"ML",1.3,"Marmara Denizi - [22.25 km] Büyükçekmece (İstanbul)",658453
"24/04/2025 11:41:07",28.13696,40.80817,7.87,0.99,"ML",1.2,"Marmara Denizi - [23.07 km] Marmaraereğlisi (Tekirdağ)",658452
"24/04/2025 10:37:52",28.24818,40.84734,6.96,0.52,"ML",1.6,"Marmara Denizi - [23.75 km] Silivri (İstanbul)",658447
"24/04/2025 10:26:56",28.32059,40.85028,6.89,0.39,"ML",1.6,"Marmara Denizi - [22.34 km] Büyükçekmece (İstanbul)",658450
"24/04/2025 10:07:40",28.33506,40.84694,7.04,0.95,"ML",2.5,"Marmara Denizi - [22.37 km] Büyükçekmece (İstanbul)",658449
"24/04/2025 09:47:55",28.17115,40.81795,6.16,0.75,"ML",1.6,"Marmara Denizi - [24.33 km] Marmaraereğlisi (Tekirdağ)",658445
"24/04/2025 09:30:10",28.21158,40.84078,7.18,0.66,"ML",1.4,"Marmara Denizi - [24.79 km] Silivri (İstanbul)",658444
"24/04/2025 09:22:08",28.11692,40.82883,7,0.69,"ML",3.1,"Marmara Denizi - [20.22 km] Marmaraereğlisi (Tekirdağ)",658443
"24/04/2025 09:10:53",28.74917,40.95817,10.99,0.41,"ML",1.1,"Marmara Denizi - [02.44 km] Avcılar (İstanbul)",658446
"24/04/2025 08:58:19",28.27345,40.85311,6.9,0.45,"ML",1.3,"Marmara Denizi - [23.53 km] Silivri (İstanbul)",658440
"24/04/2025 08:31:37",28.3016,40.85515,7.01,0.65,"ML",1.6,"Marmara Denizi - [22.98 km] Silivri (İstanbul)",658438
"24/04/2025 08:22:47",28.0016,40.87245,7.01,0.26,"ML",1.3,"Marmara Denizi - [10.72 km] Marmaraereğlisi (Tekirdağ)",658437
"24/04/2025 08:08:50",28.22795,40.89229,6.91,0.39,"ML",1.3,"Marmara Denizi - [18.75 km] Silivri (İstanbul)",658436
"24/04/2025 07:51:06",28.40446,40.85143,7,0.65,"ML",1.4,"Marmara Denizi - [18.23 km] Büyükçekmece (İstanbul)",658433
"24/04/2025 07:46:00",28.41685,40.84445,5.34,0.34,"ML",1.9,"Marmara Denizi - [18.51 km] Büyükçekmece (İstanbul)",658432
"24/04/2025 07:35:32",28.40677,40.84573,6.99,0.62,"ML",2,"Marmara Denizi - [19.08 km] Büyükçekmece (İstanbul)",658430
"24/04/2025 07:33:36",28.45696,40.85572,6.98,0.52,"ML",1.3,"Marmara Denizi - [16.24 km] Büyükçekmece (İstanbul)",658431
"24/04/2025 07:22:19",28.3074,40.836,6.51,0.54,"ML",2.4,"Marmara Denizi - [23.99 km] Büyükçekmece (İstanbul)",658429
"24/04/2025 07:19:19",28.30611,40.83673,7,0.84,"MW",4.1,"Marmara Denizi - [24.56 km] Büyükçekmece (İstanbul)",658424
"24/04/2025 07:08:29",28.3587,40.85077,6.99,0.7,"ML",3.3,"Marmara Denizi - [20.29 km] Büyükçekmece (İstanbul)",658426
"24/04/2025 07:01:32",28.34949,40.84939,6.99,0.64,"ML",1.9,"Marmara Denizi - [21.41 km] Büyükçekmece (İstanbul)",658427
"24/04/2025 06:50:34",27.99865,40.80687,7.01,0.88,"ML",1.3,"Marmara Denizi - [17.48 km] Marmaraereğlisi (Tekirdağ)",658425
"24/04/2025 06:49:42",28.41696,40.91911,6.95,0.65,"ML",1.3,"Marmara Denizi - [11.16 km] Büyükçekmece (İstanbul)",658423
"24/04/2025 06:42:05",28.20367,40.87369,7.1,0.74,"ML",1.1,"Marmara Denizi - [21.21 km] Silivri (İstanbul)",658422
"24/04/2025 06:39:03",28.17469,40.80984,6.98,0.34,"ML",1.8,"Marmara Denizi - [24.69 km] Marmaraereğlisi (Tekirdağ)",658421
"24/04/2025 06:21:04",28.32803,40.76275,7.03,0.28,"ML",1.8,"Marmara Denizi - [30.08 km] Büyükçekmece (İstanbul)",658420
"24/04/2025 06:16:06",28.13444,40.83289,6.82,0.45,"ML",3.7,"Marmara Denizi - [20.56 km] Marmaraereğlisi (Tekirdağ)",658419
"24/04/2025 06:11:12",28.11828,40.8274,7.01,0.72,"ML",1.8,"Marmara Denizi - [20.76 km] Marmaraereğlisi (Tekirdağ)",658418
"24/04/2025 06:00:47",28.26778,40.83583,7.08,0.56,"ML",2.1,"Marmara Denizi - [25.66 km] Silivri (İstanbul)",658416
"24/04/2025 05:49:08",28.34522,40.83915,7.01,0.61,"ML",1.8,"Marmara Denizi - [21.45 km] Büyükçekmece (İstanbul)",658415
"24/04/2025 05:47:38",28.36535,40.83873,6.99,0.51,"ML",1.5,"Marmara Denizi - [20.88 km] Büyükçekmece (İstanbul)",658414
"24/04/2025 05:41:12",28.29615,40.86695,7.02,0.57,"ML",1.4,"Marmara Denizi - [21.36 km] Silivri (İstanbul)",658412
"24/04/2025 05:40:02",28.26909,40.84583,7,0.66,"ML",1.7,"Marmara Denizi - [24.55 km] Silivri (İstanbul)",658411
"24/04/2025 05:31:37",28.4237,40.85954,5.2,0.38,"ML",2,"Marmara Denizi - [17.15 km] Büyükçekmece (İstanbul)",658410
"24/04/2025 05:19:12",28.39327,40.86111,7.02,0.75,"ML",1.5,"Marmara Denizi - [18.33 km] Büyükçekmece (İstanbul)",658407
"24/04/2025 05:10:08",28.36414,40.84387,7.01,0.63,"ML",1.9,"Marmara Denizi - [20.49 km] Büyükçekmece (İstanbul)",658406
"24/04/2025 04:57:44",28.16186,40.85285,7.98,0.44,"ML",1.5,"Marmara Denizi - [21.46 km] Marmaraereğlisi (Tekirdağ)",658405
"24/04/2025 04:52:36",28.16646,40.85113,7,0.43,"ML",1.7,"Marmara Denizi - [21.65 km] Marmaraereğlisi (Tekirdağ)",658404
"24/04/2025 04:20:03",28.13252,40.81822,7.02,0.59,"ML",3.9,"Marmara Denizi - [21.77 km] Marmaraereğlisi (Tekirdağ)",658402
"24/04/2025 04:11:57",28.43806,40.86846,7.85,0.82,"ML",1.7,"Marmara Denizi - [16.11 km] Büyükçekmece (İstanbul)",658401
"24/04/2025 03:59:52",28.37759,40.83613,6.99,0.67,"ML",2.9,"Marmara Denizi - [20.69 km] Büyükçekmece (İstanbul)",658400
"24/04/2025 03:47:49",28.18412,40.83722,8.23,0.5,"ML",1.4,"Marmara Denizi - [24.25 km] Marmaraereğlisi (Tekirdağ)",658399
"24/04/2025 03:23:59",28.27379,40.85525,5.1,0.36,"ML",1.8,"Marmara Denizi - [22.66 km] Silivri (İstanbul)",658398
"24/04/2025 03:17:50",28.45206,40.839,7.9,0.42,"ML",2.6,"Marmara Denizi - [17.70 km] Büyükçekmece (İstanbul)",658397
"24/04/2025 03:06:12",28.69317,40.86888,6.99,0.68,"ML",1.7,"Marmara Denizi - [10.99 km] Beylikdüzü (İstanbul)",658396
"24/04/2025 02:45:11",28.44711,40.85502,6.98,0.52,"ML",1.5,"Marmara Denizi - [16.48 km] Büyükçekmece (İstanbul)",658393
"24/04/2025 02:42:31",28.31514,40.84338,7.03,0.75,"ML",2.6,"Marmara Denizi - [22.44 km] Büyükçekmece (İstanbul)",658390
"24/04/2025 02:41:32",28.28028,40.89716,6.98,0.6,"ML",1.4,"Marmara Denizi - [18.68 km] Silivri (İstanbul)",658391
"24/04/2025 02:39:05",28.41965,40.83519,6.99,0.76,"ML",1.4,"Marmara Denizi - [19.40 km] Büyükçekmece (İstanbul)",658392
"24/04/2025 02:03:56",28.33111,40.888,7.01,0.84,"ML",1.9,"Marmara Denizi - [19.07 km] Silivri (İstanbul)",658388
"24/04/2025 02:01:02",28.33004,40.8529,7.02,0.33,"ML",1.6,"Marmara Denizi - [21.37 km] Büyükçekmece (İstanbul)",658389
"24/04/2025 01:57:47",28.37679,40.9395,7,0.95,"ML",1.4,"Marmara Denizi - [11.26 km] Büyükçekmece (İstanbul)",658385
"24/04/2025 01:55:19",28.39308,40.90415,7.15,0.72,"ML",1.4,"Marmara Denizi - [13.64 km] Büyükçekmece (İstanbul)",658386
"24/04/2025 01:52:53",28.20262,40.88614,6.9,0.85,"ML",1.6,"Marmara Denizi - [20.19 km] Silivri (İstanbul)",658387
"24/04/2025 01:41:08",28.39208,40.83365,6.98,0.95,"ML",1.8,"Marmara Denizi - [20.45 km] Büyükçekmece (İstanbul)",658382
"24/04/2025 01:33:21",28.32375,40.83907,8.37,0.29,"ML",1.6,"Marmara Denizi - [22.97 km] Büyükçekmece (İstanbul)",658384
"24/04/2025 01:31:46",28.4115,40.88782,9.65,0.3,"ML",1.4,"Marmara Denizi - [14.38 km] Büyükçekmece (İstanbul)",658383
"24/04/2025 01:25:38",28.33112,40.86423,6.97,0.53,"ML",1.4,"Marmara Denizi - [20.91 km] Büyükçekmece (İstanbul)",658381
"24/04/2025 01:20:25",28.39697,40.85364,7.01,0.6,"ML",1.6,"Marmara Denizi - [18.87 km] Büyükçekmece (İstanbul)",658379
"24/04/2025 01:18:39",28.30244,40.85028,6.99,0.76,"ML",1.7,"Marmara Denizi - [23.07 km] Silivri (İstanbul)",658378
"24/04/2025 01:17:32",28.44374,40.90028,7.01,0.73,"ML",1.7,"Marmara Denizi - [12.71 km] Büyükçekmece (İstanbul)",658377
"24/04/2025 01:16:06",28.38562,40.85023,5.48,0.57,"ML",1.4,"Marmara Denizi - [19.58 km] Büyükçekmece (İstanbul)",658376
"24/04/2025 01:02:25",28.12831,40.82067,5.88,0.7,"ML",1.5,"Marmara Denizi - [21.32 km] Marmaraereğlisi (Tekirdağ)",658375
"24/04/2025 00:43:26",28.40471,40.83545,7.94,0.62,"ML",1.5,"Marmara Denizi - [20.14 km] Büyükçekmece (İstanbul)",658373
"24/04/2025 00:38:05",28.38882,40.84946,6.99,0.83,"ML",2.1,"Marmara Denizi - [19.13 km] Büyükçekmece (İstanbul)",658372
"24/04/2025 00:29:15",28.30475,40.84078,5.31,0.47,"ML",2.5,"Marmara Denizi - [23.87 km] Silivri (İstanbul)",658371
"24/04/2025 00:17:41",28.26024,40.82664,7.41,0.5,"ML",2.5,"Marmara Denizi - [25.61 km] Silivri (İstanbul)",658370
"24/04/2025 00:00:15",28.28225,40.84722,6.99,0.73,"ML",3.7,"Marmara Denizi - [24.39 km] Silivri (İstanbul)",658367
"23/04/2025 23:59:10",28.39977,40.83486,5.14,0.41,"ML",1.6,"Marmara Denizi - [20.11 km] Büyükçekmece (İstanbul)",658368
"23/04/2025 23:57:56",28.43756,40.885,9.45,0.63,"ML",1.4,"Marmara Denizi - [14.38 km] Büyükçekmece (İstanbul)",658366
"23/04/2025 23:32:35",28.32571,40.85333,6.99,0.62,"ML",1.9,"Marmara Denizi - [21.74 km] Büyükçekmece (İstanbul)",658365
"23/04/2025 23:31:48",28.13657,40.8299,7.01,0.76,"ML",1.5,"Marmara Denizi - [21.39 km] Marmaraereğlisi (Tekirdağ)",658364
"23/04/2025 23:28:30",28.2669,40.84934,7.03,0.93,"ML",3.1,"Marmara Denizi - [23.04 km] Silivri (İstanbul)",658361
"23/04/2025 23:18:49",28.37014,40.85751,7,0.41,"ML",1.7,"Marmara Denizi - [19.75 km] Büyükçekmece (İstanbul)",658362
"23/04/2025 23:16:42",28.38439,40.83911,6.96,0.51,"ML",1.5,"Marmara Denizi - [19.98 km] Büyükçekmece (İstanbul)",658363
"23/04/2025 23:06:01",28.37752,40.84445,6.95,0.64,"ML",1.7,"Marmara Denizi - [20.22 km] Büyükçekmece (İstanbul)",658360
"23/04/2025 23:04:36",28.33279,40.84784,7.02,0.75,"ML",1.8,"Marmara Denizi - [21.52 km] Büyükçekmece (İstanbul)",658359
"23/04/2025 23:01:31",28.43483,40.85539,6.98,0.52,"ML",1.9,"Marmara Denizi - [17.03 km] Büyükçekmece (İstanbul)",658358
"23/04/2025 22:59:20",28.39866,40.84131,7.04,0.89,"ML",2.1,"Marmara Denizi - [20.34 km] Büyükçekmece (İstanbul)",658353
"23/04/2025 22:58:08",28.30567,40.81702,7.01,0.6,"ML",2.1,"Marmara Denizi - [25.25 km] Büyükçekmece (İstanbul)",658354
"23/04/2025 22:55:10",28.41694,40.83009,7.14,0.07,"ML",1.4,"Marmara Denizi - [20.02 km] Büyükçekmece (İstanbul)",658355
"23/04/2025 22:48:31",28.75185,40.83866,7.15,0.75,"ML",1.9,"Marmara Denizi - [14.23 km] Bakırköy (İstanbul)",658356
"23/04/2025 22:47:22",28.66216,40.8957,7.13,0.68,"ML",1.5,"Marmara Denizi - [07.15 km] Beylikdüzü (İstanbul)",658357
"23/04/2025 22:39:13",28.52733,40.82256,6.98,0.81,"ML",2,"Marmara Denizi - [17.54 km] Beylikdüzü (İstanbul)",658351
"23/04/2025 22:37:40",28.41941,40.86667,7.13,0.56,"ML",1.9,"Marmara Denizi - [16.93 km] Büyükçekmece (İstanbul)",658350
"23/04/2025 22:33:17",28.152,40.82338,6.6,0.85,"ML",1.7,"Marmara Denizi - [22.46 km] Marmaraereğlisi (Tekirdağ)",658352
"23/04/2025 22:28:05",28.40606,40.85309,6.99,0.56,"ML",2.1,"Marmara Denizi - [18.23 km] Büyükçekmece (İstanbul)",658349
"23/04/2025 22:26:10",28.38303,40.85149,6.99,0.7,"ML",2.6,"Marmara Denizi - [19.35 km] Büyükçekmece (İstanbul)",658348
"23/04/2025 22:18:12",28.39704,40.8645,7,0.67,"ML",1.9,"Marmara Denizi - [17.74 km] Büyükçekmece (İstanbul)",658347
"23/04/2025 22:10:47",28.36494,40.83554,7,0.61,"ML",1.4,"Marmara Denizi - [21.42 km] Büyükçekmece (İstanbul)",658346
"23/04/2025 22:07:48",28.27356,40.84979,7,0.61,"ML",2.1,"Marmara Denizi - [23.33 km] Silivri (İstanbul)",658345
"23/04/2025 22:00:29",28.4213,40.82876,7,0.58,"ML",1.7,"Marmara Denizi - [20.06 km] Büyükçekmece (İstanbul)",658344
"23/04/2025 21:56:33",28.42299,40.84352,6.97,0.29,"ML",1.6,"Marmara Denizi - [18.74 km] Büyükçekmece (İstanbul)",658341
"23/04/2025 21:46:28",28.20935,40.83401,7,0.76,"ML",3.3,"Marmara Denizi - [25.63 km] Marmaraereğlisi (Tekirdağ)",658340
"23/04/2025 21:39:22",28.38978,40.84498,8.12,0.49,"ML",1.9,"Marmara Denizi - [19.76 km] Büyükçekmece (İstanbul)",658342
"23/04/2025 21:34:47",28.40702,40.86261,7,0.45,"ML",1.6,"Marmara Denizi - [16.79 km] Büyükçekmece (İstanbul)",658343
"23/04/2025 21:32:15",28.12905,40.83677,7,0.76,"ML",2.8,"Marmara Denizi - [20.12 km] Marmaraereğlisi (Tekirdağ)",658339
"23/04/2025 21:14:13",28.3191,40.84861,6.98,0.66,"ML",2.1,"Marmara Denizi - [22.89 km] Büyükçekmece (İstanbul)",658337
"23/04/2025 20:59:11",28.43576,40.87239,7.02,0.44,"ML",1.2,"Marmara Denizi - [15.40 km] Büyükçekmece (İstanbul)",658336
"23/04/2025 20:48:50",28.40439,40.82492,7,0.58,"ML",1.7,"Marmara Denizi - [21.70 km] Büyükçekmece (İstanbul)",658335
"23/04/2025 20:42:03",28.12011,40.79823,5.2,0.33,"ML",1.5,"Marmara Denizi - [23.43 km] Marmaraereğlisi (Tekirdağ)",658334
"23/04/2025 20:33:07",28.31825,40.88183,0.97,0.22,"ML",1.4,"Marmara Denizi - [18.92 km] Silivri (İstanbul)",658333
"23/04/2025 20:31:43",28.3456,40.85467,7,0.84,"ML",1.4,"Marmara Denizi - [20.36 km] Büyükçekmece (İstanbul)",658332
"23/04/2025 20:29:23",28.29022,40.82083,6.99,0.45,"ML",1.5,"Marmara Denizi - [26.95 km] Büyükçekmece (İstanbul)",658331
"23/04/2025 20:25:54",28.34905,40.83799,7.07,0.73,"ML",2.7,"Marmara Denizi - [21.98 km] Büyükçekmece (İstanbul)",658329
"23/04/2025 20:18:55",28.37672,40.8345,7.05,0.5,"ML",2.1,"Marmara Denizi - [21.37 km] Büyükçekmece (İstanbul)",658330
"23/04/2025 20:17:51",28.25935,40.83839,6.99,0.86,"ML",3.3,"Marmara Denizi - [25.17 km] Silivri (İstanbul)",658324
"23/04/2025 20:12:24",28.37615,40.84427,5.94,0.32,"ML",1.5,"Marmara Denizi - [20.19 km] Büyükçekmece (İstanbul)",658327
"23/04/2025 20:06:47",28.28366,40.8449,5.19,0.68,"ML",2.3,"Marmara Denizi - [24.18 km] Silivri (İstanbul)",658325
"23/04/2025 20:05:01",28.38468,40.8656,7,0.52,"ML",2.2,"Marmara Denizi - [17.60 km] Büyükçekmece (İstanbul)",658323
"23/04/2025 19:59:20",28.34367,40.85344,7.1,0.32,"ML",1.2,"Marmara Denizi - [20.06 km] Büyükçekmece (İstanbul)",658320
"23/04/2025 19:52:26",28.5542,40.82244,6.03,0.6,"ML",1.3,"Marmara Denizi - [16.56 km] Beylikdüzü (İstanbul)",658317
"23/04/2025 19:51:12",28.40856,40.83784,7.02,0.64,"ML",1.9,"Marmara Denizi - [19.70 km] Büyükçekmece (İstanbul)",658315
"23/04/2025 19:46:48",28.3625,40.83404,7,0.52,"ML",2.2,"Marmara Denizi - [21.98 km] Büyükçekmece (İstanbul)",658314
"23/04/2025 19:43:22",28.36257,40.84592,7.01,0.66,"ML",2.5,"Marmara Denizi - [20.01 km] Büyükçekmece (İstanbul)",658313
"23/04/2025 19:43:04",28.45324,40.82098,7,0.23,"ML",2.4,"Marmara Denizi - [20.00 km] Büyükçekmece (İstanbul)",658328
"23/04/2025 19:42:42",28.43465,40.84021,7.04,0.29,"ML",1.6,"Marmara Denizi - [18.70 km] Büyükçekmece (İstanbul)",658326
"23/04/2025 19:41:37",28.40553,40.86152,6.99,0.59,"ML",1.6,"Marmara Denizi - [17.60 km] Büyükçekmece (İstanbul)",658316
"23/04/2025 19:40:01",28.26298,40.8327,8.55,0.78,"ML",2.4,"Marmara Denizi - [25.20 km] Silivri (İstanbul)",658311
"23/04/2025 19:32:32",28.33544,40.84592,7.03,0.69,"ML",2.2,"Marmara Denizi - [21.76 km] Büyükçekmece (İstanbul)",658310
"23/04/2025 19:30:12",28.38846,40.85183,6.98,0.53,"ML",2.1,"Marmara Denizi - [19.18 km] Büyükçekmece (İstanbul)",658309
"23/04/2025 19:27:23",28.37734,40.84657,5.56,0.56,"ML",3.1,"Marmara Denizi - [19.90 km] Büyükçekmece (İstanbul)",658303
"23/04/2025 19:23:05",28.16306,40.83179,7,0.58,"ML",1.9,"Marmara Denizi - [22.98 km] Marmaraereğlisi (Tekirdağ)",658305
"23/04/2025 19:17:56",28.3475,40.83625,7,0.61,"ML",1.5,"Marmara Denizi - [22.10 km] Büyükçekmece (İstanbul)",658322
"23/04/2025 19:14:08",28.40485,40.82627,6.97,0.61,"ML",1.8,"Marmara Denizi - [20.64 km] Büyükçekmece (İstanbul)",658319
"23/04/2025 19:12:24",28.3902,40.83678,7.02,0.89,"ML",3.3,"Marmara Denizi - [19.83 km] Büyükçekmece (İstanbul)",658299
"23/04/2025 19:07:21",28.34352,40.85566,7.09,0.91,"ML",3.5,"Marmara Denizi - [20.70 km] Büyükçekmece (İstanbul)",658297
"23/04/2025 19:05:47",28.35733,40.84645,7.12,0.79,"ML",3.4,"Marmara Denizi - [20.58 km] Büyükçekmece (İstanbul)",658295
"23/04/2025 19:05:02",28.26039,40.81228,6.99,0.65,"ML",1.9,"Marmara Denizi - [27.97 km] Silivri (İstanbul)",658321
"23/04/2025 19:03:31",28.38521,40.85153,6.98,0.57,"ML",2.7,"Marmara Denizi - [19.40 km] Büyükçekmece (İstanbul)",658294
"23/04/2025 19:02:28",28.4166,40.88312,7,0.61,"ML",1.7,"Marmara Denizi - [14.85 km] Büyükçekmece (İstanbul)",658318
"23/04/2025 18:54:28",28.26917,40.85295,6.99,0.39,"ML",1.5,"Marmara Denizi - [22.91 km] Silivri (İstanbul)",658292
"23/04/2025 18:51:26",28.14611,40.82,7.06,0.73,"ML",1.3,"Marmara Denizi - [22.79 km] Marmaraereğlisi (Tekirdağ)",658312
"23/04/2025 18:49:57",28.47345,40.84167,13.37,0.31,"ML",1.6,"Marmara Denizi - [17.70 km] Büyükçekmece (İstanbul)",658291
"23/04/2025 18:48:59",28.40533,40.83205,14.64,0.5,"ML",1.4,"Marmara Denizi - [20.22 km] Büyükçekmece (İstanbul)",658293
"23/04/2025 18:40:38",28.38971,40.83206,15.05,0.4,"ML",2.5,"Marmara Denizi - [20.67 km] Büyükçekmece (İstanbul)",658290
"23/04/2025 18:37:15",28.30973,40.83478,5.23,0.49,"ML",2.6,"Marmara Denizi - [24.05 km] Büyükçekmece (İstanbul)",658289
"23/04/2025 18:31:33",28.41691,40.88689,5.8,0.38,"ML",1.5,"Marmara Denizi - [14.72 km] Büyükçekmece (İstanbul)",658306
"23/04/2025 18:22:21",28.33344,40.83157,7,0.43,"ML",1.9,"Marmara Denizi - [23.03 km] Büyükçekmece (İstanbul)",658304
"23/04/2025 18:21:28",28.36414,40.84286,6.96,0.43,"ML",1.5,"Marmara Denizi - [20.75 km] Büyükçekmece (İstanbul)",658302
"23/04/2025 18:17:35",28.35204,40.85757,7.05,0.87,"ML",1.9,"Marmara Denizi - [20.21 km] Büyükçekmece (İstanbul)",658286
"23/04/2025 18:16:38",28.30882,40.85453,7,0.66,"ML",1.6,"Marmara Denizi - [22.23 km] Büyükçekmece (İstanbul)",658301
"23/04/2025 18:15:33",28.38499,40.8142,10.13,0.61,"ML",1.6,"Marmara Denizi - [23.30 km] Büyükçekmece (İstanbul)",658285
"23/04/2025 18:13:25",28.36454,40.85219,6.99,0.46,"ML",1.5,"Marmara Denizi - [19.72 km] Büyükçekmece (İstanbul)",658298
"23/04/2025 18:05:50",28.38917,40.83803,5.5,0.32,"ML",1.9,"Marmara Denizi - [20.71 km] Büyükçekmece (İstanbul)",658281
"23/04/2025 18:03:52",28.36872,40.75224,10.91,1.17,"ML",1.7,"Marmara Denizi - [29.46 km] Büyükçekmece (İstanbul)",658282
"23/04/2025 18:00:45",28.38859,40.84334,7.01,0.69,"ML",1.7,"Marmara Denizi - [19.68 km] Büyükçekmece (İstanbul)",658296
"23/04/2025 17:55:43",28.29412,40.85045,14.58,0.51,"ML",3.5,"Marmara Denizi - [23.07 km] Silivri (İstanbul)",658280
"23/04/2025 17:47:55",28.40766,40.84057,8.33,0.5,"ML",2.8,"Marmara Denizi - [19.63 km] Büyükçekmece (İstanbul)",658279
"23/04/2025 17:43:32",28.33062,40.84249,7.02,0.83,"ML",3.4,"Marmara Denizi - [22.48 km] Büyükçekmece (İstanbul)",658275
"23/04/2025 17:37:00",28.3991,40.83197,8.02,0.46,"ML",1.9,"Marmara Denizi - [20.75 km] Büyükçekmece (İstanbul)",658277
"23/04/2025 17:30:38",28.26665,40.83782,6.88,0.46,"ML",2.3,"Marmara Denizi - [24.74 km] Silivri (İstanbul)",658276
"23/04/2025 17:27:38",28.38612,40.82629,7.03,0.42,"ML",1.9,"Marmara Denizi - [21.40 km] Büyükçekmece (İstanbul)",658269
"23/04/2025 17:24:39",28.23832,40.84355,6.92,0.36,"ML",1.9,"Marmara Denizi - [24.57 km] Silivri (İstanbul)",658271
"23/04/2025 17:16:50",28.42656,40.82891,6.99,0.44,"ML",1.6,"Marmara Denizi - [19.96 km] Büyükçekmece (İstanbul)",658273
"23/04/2025 17:15:02",28.41187,40.84428,7.93,0.25,"ML",1.8,"Marmara Denizi - [19.28 km] Büyükçekmece (İstanbul)",658272
"23/04/2025 17:13:00",28.37794,40.84465,6.95,0.73,"ML",2.2,"Marmara Denizi - [19.71 km] Büyükçekmece (İstanbul)",658287
"23/04/2025 17:11:53",28.29221,40.85333,7,0.39,"ML",2.1,"Marmara Denizi - [23.63 km] Silivri (İstanbul)",658284
"23/04/2025 17:06:42",28.35568,40.84887,18.99,0.63,"ML",2.9,"Marmara Denizi - [20.89 km] Büyükçekmece (İstanbul)",658278
"23/04/2025 17:04:57",28.3654,40.8381,6.97,0.96,"ML",2.6,"Marmara Denizi - [21.05 km] Büyükçekmece (İstanbul)",658274
"23/04/2025 17:03:08",28.31216,40.81322,6.93,0.22,"ML",2.1,"Marmara Denizi - [25.91 km] Büyükçekmece (İstanbul)",658270
"23/04/2025 16:59:57",28.0324,40.81599,12.79,0.65,"ML",2.9,"Marmara Denizi - [17.86 km] Marmaraereğlisi (Tekirdağ)",658266
"23/04/2025 16:59:57",28.02336,40.8019,7.01,0.94,"ML",2.9,"Marmara Denizi - [18.54 km] Marmaraereğlisi (Tekirdağ)",658262
"23/04/2025 16:57:28",28.27278,40.87168,6.96,0.34,"ML",1.5,"Marmara Denizi - [21.25 km] Silivri (İstanbul)",658258
"23/04/2025 16:55:25",28.27415,40.83302,7,0.86,"ML",2.2,"Marmara Denizi - [25.09 km] Silivri (İstanbul)",658255
"23/04/2025 16:53:10",28.37627,40.83164,6.97,0.61,"ML",1.7,"Marmara Denizi - [21.61 km] Büyükçekmece (İstanbul)",658254
"23/04/2025 16:51:20",28.36445,40.82999,7,0.81,"ML",1.7,"Marmara Denizi - [22.21 km] Büyükçekmece (İstanbul)",658252
"23/04/2025 16:45:40",28.444,40.83861,6.52,0.75,"ML",2.6,"Marmara Denizi - [19.00 km] Büyükçekmece (İstanbul)",658250
"23/04/2025 16:43:15",28.40671,40.84857,6.97,0.5,"ML",1.5,"Marmara Denizi - [18.94 km] Büyükçekmece (İstanbul)",658249
"23/04/2025 16:34:17",28.42151,40.83609,7,0.32,"ML",1.3,"Marmara Denizi - [19.89 km] Büyükçekmece (İstanbul)",658245
"23/04/2025 16:32:08",28.36725,40.82836,7.01,0.83,"ML",2.1,"Marmara Denizi - [21.71 km] Büyükçekmece (İstanbul)",658239
"23/04/2025 16:29:13",28.35474,40.83175,6.97,0.59,"ML",2.8,"Marmara Denizi - [22.12 km] Büyükçekmece (İstanbul)",658236
"23/04/2025 16:25:17",28.21286,40.80266,6.98,0.48,"ML",2.8,"Marmara Denizi - [28.69 km] Marmaraereğlisi (Tekirdağ)",658235
"23/04/2025 16:16:10",28.32016,40.84705,6.92,0.93,"ML",2,"Marmara Denizi - [22.75 km] Büyükçekmece (İstanbul)",658234
"23/04/2025 16:14:25",28.33281,40.84781,7.7,0.4,"ML",2,"Marmara Denizi - [22.04 km] Büyükçekmece (İstanbul)",658228
"23/04/2025 16:13:31",28.33412,40.84222,7,0.35,"ML",1.7,"Marmara Denizi - [22.84 km] Büyükçekmece (İstanbul)",658227
"23/04/2025 16:12:25",28.28178,40.84993,6.94,0.68,"ML",1.6,"Marmara Denizi - [23.22 km] Silivri (İstanbul)",658224
"23/04/2025 16:09:50",28.25669,40.85067,7.05,0.93,"ML",2.5,"Marmara Denizi - [22.86 km] Silivri (İstanbul)",658222
"23/04/2025 16:08:39",28.42741,40.82553,7.06,0.71,"ML",2.5,"Marmara Denizi - [20.03 km] Büyükçekmece (İstanbul)",658219
"23/04/2025 16:07:30",28.38264,40.85549,7.17,0.97,"ML",2.6,"Marmara Denizi - [19.10 km] Büyükçekmece (İstanbul)",658216
"23/04/2025 16:03:55",28.38761,40.85728,7,0.42,"ML",1.9,"Marmara Denizi - [18.83 km] Büyükçekmece (İstanbul)",658214
"23/04/2025 16:00:09",28.4507,40.85007,8.78,0.32,"ML",1.9,"Marmara Denizi - [16.99 km] Büyükçekmece (İstanbul)",658210
"23/04/2025 15:49:10",28.3823,40.85222,7.01,0.48,"ML",1.9,"Marmara Denizi - [19.28 km] Büyükçekmece (İstanbul)",658207
"23/04/2025 15:47:53",28.39461,40.83573,6.93,0.39,"ML",1.7,"Marmara Denizi - [20.27 km] Büyükçekmece (İstanbul)",658206
"23/04/2025 15:47:02",28.43681,40.83807,6.99,0.25,"ML",1.6,"Marmara Denizi - [18.91 km] Büyükçekmece (İstanbul)",658205
"23/04/2025 15:45:05",28.28236,40.83802,7.02,0.77,"ML",2.5,"Marmara Denizi - [24.45 km] Silivri (İstanbul)",658204
"23/04/2025 15:44:01",28.4045,40.84462,6.99,0.53,"ML",2.7,"Marmara Denizi - [19.73 km] Büyükçekmece (İstanbul)",658233
"23/04/2025 15:42:28",28.31802,40.85602,7.01,0.63,"ML",2,"Marmara Denizi - [22.36 km] Büyükçekmece (İstanbul)",658230
"23/04/2025 15:40:06",28.40693,40.85098,7.01,0.57,"ML",2.6,"Marmara Denizi - [18.23 km] Büyükçekmece (İstanbul)",658226
"23/04/2025 15:37:27",28.42026,40.84997,6.92,0.4,"ML",2.5,"Marmara Denizi - [18.57 km] Büyükçekmece (İstanbul)",658223
"23/04/2025 15:36:38",28.26965,40.84737,7,0.42,"ML",2.6,"Marmara Denizi - [23.34 km] Silivri (İstanbul)",658221
"23/04/2025 15:36:03",28.32158,40.83623,7,0.56,"ML",2.7,"Marmara Denizi - [23.72 km] Büyükçekmece (İstanbul)",658218
"23/04/2025 15:35:34",28.29355,40.81654,7,0.31,"ML",2.2,"Marmara Denizi - [26.53 km] Büyükçekmece (İstanbul)",658215
"23/04/2025 15:34:22",28.27428,40.79606,7,0.88,"ML",3,"Marmara Denizi - [29.23 km] Büyükçekmece (İstanbul)",658212
"23/04/2025 15:33:53",28.16357,40.83001,6.81,0.98,"ML",2.8,"Marmara Denizi - [22.89 km] Marmaraereğlisi (Tekirdağ)",658208
"23/04/2025 15:32:57",28.32401,40.76282,7,0.94,"ML",2.7,"Marmara Denizi - [30.42 km] Büyükçekmece (İstanbul)",658202
"23/04/2025 15:30:46",28.49758,40.85252,7.69,0.14,"ML",2.2,"Marmara Denizi - [15.16 km] Büyükçekmece (İstanbul)",658201
"23/04/2025 15:27:02",28.22428,40.86322,7.05,0.49,"ML",1.9,"Marmara Denizi - [22.24 km] Silivri (İstanbul)",658200
"23/04/2025 15:19:07",28.38622,40.854,6.85,0.9,"ML",2,"Marmara Denizi - [19.12 km] Büyükçekmece (İstanbul)",658199
"23/04/2025 15:17:21",28.35167,40.83257,8.28,0.4,"ML",2.7,"Marmara Denizi - [22.99 km] Büyükçekmece (İstanbul)",658198
"23/04/2025 15:12:57",28.31369,40.8265,7.02,0.75,"MW",4.9,"Marmara Denizi - [24.82 km] Büyükçekmece (İstanbul)",658188
"23/04/2025 15:12:07",28.38444,40.83019,8.17,0.47,"ML",3.3,"Marmara Denizi - [21.44 km] Büyükçekmece (İstanbul)",658189
"23/04/2025 15:09:40",28.42045,40.79742,7,0.07,"ML",1.6,"Marmara Denizi - [22.87 km] Büyükçekmece (İstanbul)",658196
"23/04/2025 15:03:47",28.44674,40.92142,7,0.91,"ML",3.1,"Marmara Denizi - [10.39 km] Büyükçekmece (İstanbul)",658193
"23/04/2025 14:58:26",28.35995,40.83728,6.97,0.82,"ML",2,"Marmara Denizi - [21.78 km] Büyükçekmece (İstanbul)",658192
"23/04/2025 14:55:21",28.38737,40.82456,7.44,0.28,"ML",1.7,"Marmara Denizi - [21.20 km] Büyükçekmece (İstanbul)",658191
"23/04/2025 14:53:46",28.25139,40.86969,7.68,0.78,"ML",2.1,"Marmara Denizi - [21.30 km] Silivri (İstanbul)",658190
"23/04/2025 14:50:35",28.33202,40.85301,14.88,0.7,"ML",3.9,"Marmara Denizi - [21.50 km] Büyükçekmece (İstanbul)",658185
"23/04/2025 14:47:18",28.26233,40.84038,6.99,0.74,"ML",2.4,"Marmara Denizi - [24.36 km] Silivri (İstanbul)",658194
"23/04/2025 14:46:20",28.38185,40.87135,7.36,0.68,"ML",2.1,"Marmara Denizi - [17.40 km] Büyükçekmece (İstanbul)",658195
"23/04/2025 14:43:06",28.42158,40.8289,7,0.31,"ML",2,"Marmara Denizi - [19.65 km] Büyükçekmece (İstanbul)",658187
"23/04/2025 14:39:39",28.3419,40.85667,11.64,0.97,"ML",3.5,"Marmara Denizi - [21.07 km] Büyükçekmece (İstanbul)",658186
"23/04/2025 14:38:46",28.35087,40.83742,7,0.98,"ML",2.6,"Marmara Denizi - [21.86 km] Büyükçekmece (İstanbul)",658184
"23/04/2025 14:37:19",28.2637,40.83298,7.01,0.54,"ML",2.4,"Marmara Denizi - [25.73 km] Silivri (İstanbul)",658183
"23/04/2025 14:34:15",28.33166,40.83202,7.04,0.84,"ML",2.8,"Marmara Denizi - [22.89 km] Büyükçekmece (İstanbul)",658182
"23/04/2025 14:33:58",28.36339,40.83756,7,0.71,"ML",2.9,"Marmara Denizi - [21.17 km] Büyükçekmece (İstanbul)",658180
"23/04/2025 14:32:38",28.29195,40.82994,7.42,0.37,"ML",2.3,"Marmara Denizi - [25.00 km] Silivri (İstanbul)",658176
"23/04/2025 14:29:58",28.36689,40.86692,7,0.57,"ML",2.4,"Marmara Denizi - [18.72 km] Büyükçekmece (İstanbul)",658283
"23/04/2025 14:29:57",28.32375,40.85181,7.17,0.76,"ML",2.6,"Marmara Denizi - [21.81 km] Büyükçekmece (İstanbul)",658175
"23/04/2025 14:28:19",28.22087,40.89722,6.33,0.24,"ML",2.3,"Marmara Denizi - [19.22 km] Silivri (İstanbul)",658181
"23/04/2025 14:25:44",28.68716,40.80058,7,0.75,"ML",1.9,"Marmara Denizi - [18.57 km] Beylikdüzü (İstanbul)",658178
"23/04/2025 14:23:32",28.30263,40.84537,7.02,0.83,"ML",3.4,"Marmara Denizi - [23.47 km] Silivri (İstanbul)",658172
"23/04/2025 14:21:40",28.3855,40.83857,7.98,0.48,"MW",3.6,"Marmara Denizi - [20.22 km] Büyükçekmece (İstanbul)",658166
"23/04/2025 14:17:53",28.20084,40.77249,6.92,0.32,"ML",1.9,"Marmara Denizi - [29.00 km] Marmaraereğlisi (Tekirdağ)",658174
"23/04/2025 14:15:03",28.38435,40.84282,7.02,0.34,"ML",1.6,"Marmara Denizi - [19.96 km] Büyükçekmece (İstanbul)",658173
"23/04/2025 14:14:07",28.4555,40.90133,6.41,0.57,"ML",2,"Marmara Denizi - [11.74 km] Büyükçekmece (İstanbul)",658167
"23/04/2025 14:12:54",28.38365,40.83729,7.18,0.54,"ML",3.1,"Marmara Denizi - [20.39 km] Büyükçekmece (İstanbul)",658165
"23/04/2025 14:10:57",28.2842,40.8569,7.03,0.7,"ML",1.9,"Marmara Denizi - [22.21 km] Silivri (İstanbul)",658171
"23/04/2025 14:09:02",28.38555,40.8498,7.25,0.77,"ML",1.9,"Marmara Denizi - [18.89 km] Büyükçekmece (İstanbul)",658170
"23/04/2025 14:07:06",28.45711,40.82199,7.05,0.1,"ML",1.9,"Marmara Denizi - [19.77 km] Büyükçekmece (İstanbul)",658169
"23/04/2025 14:03:53",28.27524,40.86192,6.97,0.43,"ML",1.6,"Marmara Denizi - [21.95 km] Silivri (İstanbul)",658168
"23/04/2025 14:00:29",28.45295,40.89433,7.03,0.81,"ML",2.6,"Marmara Denizi - [12.30 km] Büyükçekmece (İstanbul)",658164
"23/04/2025 13:57:20",28.38503,40.84772,10.89,0.96,"ML",2.9,"Marmara Denizi - [19.35 km] Büyükçekmece (İstanbul)",658163
"23/04/2025 13:53:54",28.33178,40.87194,7.1,0.43,"ML",2.7,"Marmara Denizi - [19.95 km] Büyükçekmece (İstanbul)",658162
"23/04/2025 13:48:47",28.40607,40.82925,7,0.49,"ML",2.3,"Marmara Denizi - [20.60 km] Büyükçekmece (İstanbul)",658268
"23/04/2025 13:47:05",28.33743,40.81934,7,0.48,"ML",3.2,"Marmara Denizi - [24.36 km] Büyükçekmece (İstanbul)",658267
"23/04/2025 13:46:13",28.21252,40.85026,10.01,0.65,"MW",4,"Marmara Denizi - [24.46 km] Silivri (İstanbul)",658161
"23/04/2025 13:45:34",28.285,40.82622,6.96,0.86,"ML",2.8,"Marmara Denizi - [25.50 km] Silivri (İstanbul)",658159
"23/04/2025 13:43:53",28.39132,40.85504,7,0.39,"ML",2.2,"Marmara Denizi - [18.99 km] Büyükçekmece (İstanbul)",658265
"23/04/2025 13:42:34",28.24448,40.83606,7,0.48,"ML",2.8,"Marmara Denizi - [25.21 km] Silivri (İstanbul)",658264
"23/04/2025 13:41:19",28.40998,40.82976,8.19,0.49,"ML",3.2,"Marmara Denizi - [20.49 km] Büyükçekmece (İstanbul)",658157
"23/04/2025 13:39:31",28.43026,40.88,7,0.53,"ML",2.5,"Marmara Denizi - [14.59 km] Büyükçekmece (İstanbul)",658263
"23/04/2025 13:39:02",28.25513,40.79732,7.01,0.57,"ML",2.7,"Marmara Denizi - [29.21 km] Silivri (İstanbul)",658261
"23/04/2025 13:33:14",28.41495,40.82544,7,0.68,"ML",3.1,"Marmara Denizi - [20.70 km] Büyükçekmece (İstanbul)",658260
"23/04/2025 13:32:15",28.38381,40.83779,10.08,0.72,"ML",3.5,"Marmara Denizi - [20.73 km] Büyükçekmece (İstanbul)",658155
"23/04/2025 13:31:56",28.32944,40.81441,7,0.49,"ML",3.1,"Marmara Denizi - [24.75 km] Büyükçekmece (İstanbul)",658259
"23/04/2025 13:31:15",28.26472,40.80356,7,0.51,"ML",2.9,"Marmara Denizi - [29.20 km] Silivri (İstanbul)",658257
"23/04/2025 13:30:00",28.27912,40.8412,7.01,0.48,"ML",2.7,"Marmara Denizi - [24.85 km] Silivri (İstanbul)",658256
"23/04/2025 13:29:33",28.40683,40.84225,7,0.33,"ML",2.5,"Marmara Denizi - [19.19 km] Büyükçekmece (İstanbul)",658253
"23/04/2025 13:28:18",28.47483,40.90361,7,0.67,"ML",2.7,"Marmara Denizi - [11.33 km] Büyükçekmece (İstanbul)",658251
"23/04/2025 13:26:33",28.31389,40.83248,7,0.58,"ML",2.7,"Marmara Denizi - [24.28 km] Büyükçekmece (İstanbul)",658248
"23/04/2025 13:26:05",28.23007,40.84733,7.08,0.89,"ML",3,"Marmara Denizi - [23.48 km] Silivri (İstanbul)",658247
"23/04/2025 13:24:10",28.28796,40.8447,7,0.58,"ML",2.2,"Marmara Denizi - [23.99 km] Silivri (İstanbul)",658246
"23/04/2025 13:22:31",28.2886,40.83131,6.96,0.6,"ML",2.2,"Marmara Denizi - [25.86 km] Silivri (İstanbul)",658244
"23/04/2025 13:20:26",28.35281,40.8748,6.97,0.55,"ML",2,"Marmara Denizi - [18.56 km] Büyükçekmece (İstanbul)",658243
"23/04/2025 13:18:51",28.24332,40.83821,7,0.69,"ML",2.1,"Marmara Denizi - [24.84 km] Silivri (İstanbul)",658241
"23/04/2025 13:16:23",28.42862,40.85194,7,0.7,"ML",3.4,"Marmara Denizi - [17.54 km] Büyükçekmece (İstanbul)",658238
"23/04/2025 13:15:19",28.33359,40.90197,7,0.92,"ML",2.4,"Marmara Denizi - [16.99 km] Silivri (İstanbul)",658237
"23/04/2025 13:13:56",28.42283,40.87761,7,0.52,"ML",2.7,"Marmara Denizi - [14.74 km] Büyükçekmece (İstanbul)",658232
"23/04/2025 13:12:33",28.39685,40.87226,7.02,0.38,"ML",2.3,"Marmara Denizi - [16.73 km] Büyükçekmece (İstanbul)",658231
"23/04/2025 13:07:30",28.30306,40.80761,7,0.59,"ML",3.2,"Marmara Denizi - [26.53 km] Büyükçekmece (İstanbul)",658229
"23/04/2025 13:07:01",28.38906,40.86891,7,0.88,"ML",3.4,"Marmara Denizi - [18.03 km] Büyükçekmece (İstanbul)",658154
"23/04/2025 13:05:43",28.24693,40.83246,7,0.38,"ML",3,"Marmara Denizi - [25.36 km] Silivri (İstanbul)",658225
"23/04/2025 13:02:32",28.3919,40.87694,7.02,0.95,"MW",4.9,"Marmara Denizi - [16.77 km] Büyükçekmece (İstanbul)",658150
"23/04/2025 13:02:10",28.43694,40.8863,7.09,0.94,"MW",4.5,"Marmara Denizi - [14.24 km] Büyükçekmece (İstanbul)",658151
"23/04/2025 13:01:02",28.33476,40.8331,7.01,0.65,"MW",4.8,"Marmara Denizi - [23.15 km] Büyükçekmece (İstanbul)",658152
"23/04/2025 12:59:29",28.2953,40.82843,7,0.93,"ML",3.6,"Marmara Denizi - [25.61 km] Büyükçekmece (İstanbul)",658220
"23/04/2025 12:56:13",28.388,40.84565,7.03,0.57,"ML",3.2,"Marmara Denizi - [19.48 km] Büyükçekmece (İstanbul)",658213
"23/04/2025 12:55:49",28.39466,40.86054,7,0.62,"ML",2.8,"Marmara Denizi - [17.73 km] Büyükçekmece (İstanbul)",658211
"23/04/2025 12:55:03",28.40505,40.86153,6.97,0.76,"ML",3.3,"Marmara Denizi - [17.40 km] Büyükçekmece (İstanbul)",658209
"23/04/2025 12:52:19",28.28648,40.83351,6.99,0.59,"ML",4.5,"Marmara Denizi - [25.43 km] Silivri (İstanbul)",658149
"23/04/2025 12:51:19",28.32342,40.82814,6.99,0.49,"MW",5.9,"Marmara Denizi - [23.88 km] Büyükçekmece (İstanbul)",658153
"23/04/2025 12:49:10",28.21539,40.84373,4.91,0.64,"MW",6.2,"Marmara Denizi - [24.05 km] Silivri (İstanbul)",658148
"23/04/2025 12:13:05",28.21628,40.83833,6.99,0.61,"ML",3.9,"Marmara Denizi - [25.54 km] Silivri (İstanbul)",658146
"23/04/2025 05:53:19",28.21927,40.03831,7.11,0.08,"ML",1.1,"Mustafakemalpaşa (Bursa)",658130
"23/04/2025 04:00:26",27.54792,40.28844,6.49,0.4,"ML",1.2,"Gönen (Balıkesir)",658122
"23/04/2025 01:52:09",27.17944,40.5445,5.93,0.41,"ML",1.1,"Marmara Denizi - [08.59 km] Şarköy (Tekirdağ)",658100
"22/04/2025 23:24:50",28.03021,40.38689,7.68,0.48,"ML",3.2,"Marmara Denizi - Bandırma Körfezi - [02.10 km] Bandırma (Balıkesir)",658086
"22/04/2025 16:08:10",28.1454,40.82278,6.99,0.54,"ML",2,"Marmara Denizi - [22.73 km] Marmaraereğlisi (Tekirdağ)",658054
"21/04/2025 16:18:37",28.74756,40.37208,7.18,0.37,"ML",1.7,"Mudanya (Bursa)",657918
"21/04/2025 01:55:55",29.44428,40.22096,7,0.22,"ML",1.2,"Yenişehir (Bursa)",657864
"20/04/2025 00:40:14",26.34931,40.48227,17.23,0.3,"ML",1.8,"Ege Denizi - Saros Körfezi - [14.19 km] Gelibolu (Çanakkale)",657771
"19/04/2025 07:10:00",26.24179,40.43092,19.75,0.18,"ML",3.4,"Ege Denizi - Saros Körfezi - [14.69 km] Eceabat (Çanakkale)",657726
"18/04/2025 19:35:20",28.21539,40.83527,35.24,0.88,"ML",1.8,"Marmara Denizi - [25.74 km] Silivri (İstanbul)",657694
"18/04/2025 05:17:33",27.68889,40.00709,9.73,0.32,"ML",1.8,"Gönen (Balıkesir)",657640
"18/04/2025 03:54:15",28.91058,40.13197,12.41,0.44,"ML",1.2,"Nilüfer (Bursa)",657631
"18/04/2025 03:51:49",28.89623,40.16809,5.04,0.46,"ML",1.6,"Nilüfer (Bursa)",657630
"18/04/2025 03:12:32",27.38425,40.15927,11.83,0.5,"ML",1.1,"Biga (Çanakkale)",657629
"18/04/2025 03:11:56",26.41067,40.42898,10.86,0.29,"ML",1.6,"Ege Denizi - Saros Körfezi - [06.49 km] Gelibolu (Çanakkale)",657628
"17/04/2025 20:49:49",28.829,40.42137,4.77,0.43,"ML",1.5,"Marmara Denizi - Gemlik Körfezi - [04.72 km] Mudanya (Bursa)",657590
"16/04/2025 22:44:18",27.61257,40.07039,7,0.31,"ML",1.5,"Gönen (Balıkesir)",657520
"15/04/2025 06:58:16",28.5369,40.1169,12.06,0.36,"ML",3.2,"Mustafakemalpaşa (Bursa)",657427
"15/04/2025 06:49:09",28.86598,40.42207,7.01,0.24,"ML",1.8,"Marmara Denizi - Gemlik Körfezi - [04.79 km] Mudanya (Bursa)",657428
"13/04/2025 21:38:08",27.71891,40.09733,6.93,0.29,"ML",1.1,"Gönen (Balıkesir)",657329
"13/04/2025 17:19:12",29.15687,40.78665,10.31,0.21,"ML",1.2,"Marmara Denizi - [06.95 km] Adalar (İstanbul)",657319
"13/04/2025 11:36:28",26.09198,40.09319,11.69,0.54,"ML",1,"Ege Denizi - [09.81 km] Eceabat (Çanakkale)",657293
"13/04/2025 09:03:44",26.13344,40.08012,11.08,0.46,"ML",1.3,"Ege Denizi - [06.30 km] Eceabat (Çanakkale)",657274
"13/04/2025 08:08:57",27.02039,40.23114,6.96,0.11,"ML",0.9,"Biga (Çanakkale)",657271
"13/04/2025 06:22:47",27.76612,40.6385,11.34,0.77,"ML",1.6,"Marmara Denizi - [06.05 km] Marmara (Balıkesir)",657265
"12/04/2025 17:09:01",26.11903,40.15538,9.48,0.17,"ML",1.8,"Ege Denizi - [11.07 km] Eceabat (Çanakkale)",657199
"12/04/2025 16:45:10",28.26822,40.80678,6.98,0.59,"ML",1.6,"Marmara Denizi - [27.67 km] Silivri (İstanbul)",657197
"12/04/2025 13:27:18",27.02819,40.36057,7,0.36,"ML",1.5,"Biga (Çanakkale)",657192
"12/04/2025 03:20:20",26.15288,40.0971,7,0.13,"ML",1.4,"Ege Denizi - [05.79 km] Eceabat (Çanakkale)",657146
"11/04/2025 21:30:54",26.12283,40.14461,7,0.27,"ML",1.5,"Ege Denizi - [10.48 km] Eceabat (Çanakkale)",657130
"11/04/2025 19:37:40",28.13722,40.48317,7,0.17,"ML",1.2,"Marmara Denizi - [09.91 km] Erdek (Balıkesir)",657125
"11/04/2025 10:53:44",27.01602,40.20796,10.18,0.24,"ML",1.6,"Biga (Çanakkale)",657097
"11/04/2025 10:51:00",27.03282,40.23175,7.04,0.39,"ML",2.1,"Biga (Çanakkale)",657095
"10/04/2025 15:31:31",27.37768,40.71606,12.57,0.14,"ML",1.6,"Marmara Denizi - [04.79 km] Şarköy (Tekirdağ)",657042
"09/04/2025 21:57:08",27.44203,40.67063,7,0.47,"ML",1,"Marmara Denizi - [10.58 km] Marmara (Balıkesir)",657004
"09/04/2025 04:27:18",28.12966,40.81306,11.93,0.43,"ML",1.2,"Marmara Denizi - [22.43 km] Marmaraereğlisi (Tekirdağ)",656951
"08/04/2025 21:20:58",29.08595,40.76667,8.07,0.47,"ML",1.3,"Marmara Denizi - [09.89 km] Adalar (İstanbul)",656914
"08/04/2025 18:46:45",28.10652,40.8173,6.98,0.53,"ML",1.7,"Marmara Denizi - [20.77 km] Marmaraereğlisi (Tekirdağ)",656909
"08/04/2025 10:16:55",28.20041,40.8284,6.98,0.55,"ML",1.9,"Marmara Denizi - [25.41 km] Marmaraereğlisi (Tekirdağ)",656874
"07/04/2025 22:18:34",27.54583,40.15821,7.01,0.68,"ML",1.4,"Gönen (Balıkesir)",656830
"07/04/2025 20:39:59",28.56228,40.10583,6.99,0.62,"ML",3.5,"Mustafakemalpaşa (Bursa)",656826
"07/04/2025 13:59:01",27.33485,40.71928,7.06,0.41,"ML",1.7,"Marmara Denizi - [02.62 km] Şarköy (Tekirdağ)",656818
"07/04/2025 13:54:32",27.33778,40.73028,9.63,0.27,"ML",2,"Marmara Denizi - [01.98 km] Şarköy (Tekirdağ)",656817
"07/04/2025 00:30:17",28.76866,40.79884,7.31,0.45,"ML",1.6,"Marmara Denizi - [17.84 km] Bakırköy (İstanbul)",656789
"06/04/2025 06:01:14",26.92255,40.00172,7.13,0.35,"ML",1.6,"Çan (Çanakkale)",656750
"06/04/2025 05:00:15",28.77872,40.36982,7,0.25,"ML",1,"Mudanya (Bursa)",656742
"06/04/2025 00:02:11",27.30999,40.72211,12.09,0.68,"ML",1.8,"Şarköy (Tekirdağ)",656737
"05/04/2025 14:04:40",29.43312,40.25455,6.92,0.51,"ML",2,"Yenişehir (Bursa)",656709
"04/04/2025 04:11:34",28.02979,40.3365,5.05,0.4,"ML",1,"Bandırma (Balıkesir)",656613
"04/04/2025 03:24:22",27.45456,40.7826,12.97,0.33,"ML",1.4,"Marmara Denizi - [06.33 km] Süleymanpaşa (Tekirdağ)",656604
"03/04/2025 20:55:50",26.07551,40.05708,10.62,0.36,"ML",2.1,"Ege Denizi - [09.13 km] Eceabat (Çanakkale)",656571
"03/04/2025 16:46:52",27.19845,40.38235,5.04,0.25,"ML",1,"Biga (Çanakkale)",656557
"03/04/2025 12:50:59",26.36488,40.42128,10.34,0.4,"ML",1.5,"Ege Denizi - Saros Körfezi - [09.13 km] Gelibolu (Çanakkale)",656544
"03/04/2025 10:46:06",29.95466,40.174,6.59,0.26,"ML",1.1,"Merkez (Bilecik)",656529
"03/04/2025 07:24:55",27.06051,40.42769,7,0.42,"ML",1.2,"Marmara Denizi - [01.95 km] Biga (Çanakkale)",656516
"03/04/2025 05:55:27",27.94363,40.44678,10.72,0.51,"ML",1.5,"Erdek (Balıkesir)",656513
"03/04/2025 00:31:56",27.37111,40.29712,6.96,0.42,"ML",2.4,"Biga (Çanakkale)",656499
"02/04/2025 23:51:15",27.36832,40.28843,9.33,0.3,"ML",1.4,"Biga (Çanakkale)",656498
"01/04/2025 04:07:51",28.72837,40.8653,8.4,0.35,"ML",1.6,"Marmara Denizi - [11.80 km] Avcılar (İstanbul)",656399
"31/03/2025 22:24:23",27.68163,40.5098,7.65,0.36,"ML",1.4,"Marmara Denizi - [00.96 km] Erdek (Balıkesir)",656380
"31/03/2025 05:04:24",26.2825,40.3955,6.99,0.2,"ML",1.1,"Ege Denizi - Saros Körfezi - [09.67 km] Eceabat (Çanakkale)",656353
"30/03/2025 11:36:16",28.97139,40.19976,6.75,0.18,"ML",0.9,"Nilüfer (Bursa)",656285
"30/03/2025 01:44:00",27.41697,40.75422,7,0.6,"ML",1.2,"Marmara Denizi - [06.45 km] Şarköy (Tekirdağ)",656242
"29/03/2025 05:24:47",28.98882,40.41199,6.16,0.55,"ML",2.4,"Marmara Denizi - Gemlik Körfezi - [05.61 km] Armutlu (Yalova)",656185
"29/03/2025 04:43:21",28.94292,40.18094,9,0.66,"ML",2,"Nilüfer (Bursa)",656180
"28/03/2025 13:18:41",27.68161,40.79854,6.97,0.54,"ML",1.5,"Marmara Denizi - [16.58 km] Marmara (Balıkesir)",656144
"28/03/2025 03:07:11",27.22418,40.37081,7,0.6,"ML",2.4,"Biga (Çanakkale)",656109
"28/03/2025 00:01:29",26.94846,40.24404,7.66,0.68,"ML",1.4,"Lapseki (Çanakkale)",656103
"27/03/2025 08:42:34",26.13552,40.16638,7.73,0.26,"ML",1.2,"Ege Denizi - [11.25 km] Eceabat (Çanakkale)",656052
"27/03/2025 07:24:38",26.11493,40.12431,12.27,0.23,"ML",2.1,"Ege Denizi - [09.58 km] Eceabat (Çanakkale)",656050
"27/03/2025 03:37:50",28.31322,40.04787,7,0.42,"ML",1,"Mustafakemalpaşa (Bursa)",656040
"26/03/2025 21:14:43",27.71752,40.78238,7.01,0.49,"ML",1,"Marmara Denizi - [15.85 km] Marmara (Balıkesir)",656020
"26/03/2025 00:56:45",29.46953,40.27856,7,0.44,"ML",2,"Yenişehir (Bursa)",655962
"25/03/2025 02:26:04",27.41761,40.44957,5.11,0.27,"ML",2.8,"Marmara Denizi - [08.87 km] Marmara (Balıkesir)",655893
"24/03/2025 06:35:52",27.1563,40.41466,10.62,0.4,"ML",2.1,"Biga (Çanakkale)",655852
"24/03/2025 02:03:00",29.24366,40.68299,10.12,0.15,"ML",1.8,"Marmara Denizi - [03.99 km] Merkez (Yalova)",655835
"23/03/2025 22:00:29",27.41397,40.6689,7,0.34,"ML",1.4,"Marmara Denizi - [09.98 km] Şarköy (Tekirdağ)",655817
"23/03/2025 21:57:02",28.12755,40.08962,8.53,0.35,"ML",1.9,"Susurluk (Balıkesir)",655814
"23/03/2025 18:58:31",27.33813,40.66693,7.56,0.45,"ML",1.9,"Marmara Denizi - [05.00 km] Şarköy (Tekirdağ)",655812
"23/03/2025 01:30:16",27.37039,40.30446,6.98,0.49,"ML",1.8,"Biga (Çanakkale)",655776
"22/03/2025 16:41:17",26.34722,40.46957,13.82,0.37,"ML",2,"Ege Denizi - Saros Körfezi - [13.34 km] Gelibolu (Çanakkale)",655753
"22/03/2025 11:32:10",29.49601,40.78157,7.12,0.45,"ML",1,"Gebze (Kocaeli)",655715
"22/03/2025 10:32:05",26.99888,40.28694,7,0.28,"ML",1.2,"Biga (Çanakkale)",655710
"21/03/2025 21:56:01",27.90751,40.81927,6.94,0.52,"ML",1.4,"Marmara Denizi - [16.15 km] Marmaraereğlisi (Tekirdağ)",655662
"21/03/2025 21:28:06",26.9857,40.12167,7.01,0.72,"ML",1.1,"Çan (Çanakkale)",655660
"21/03/2025 06:10:21",27.47035,40.67995,15.26,0.36,"ML",1.9,"Marmara Denizi - [09.26 km] Marmara (Balıkesir)",655632
"21/03/2025 01:58:39",27.43621,40.65536,9.62,0.17,"ML",1.3,"Marmara Denizi - [09.70 km] Marmara (Balıkesir)",655620
"20/03/2025 21:00:22",27.4029,40.01907,12.19,0.25,"ML",1.9,"Yenice (Çanakkale)",655602
"20/03/2025 19:11:51",27.67102,40.82852,6.98,0.32,"ML",1.3,"Marmara Denizi - [17.90 km] Süleymanpaşa (Tekirdağ)",655596
"20/03/2025 09:02:54",28.82972,40.41307,7,0.44,"ML",1.9,"Marmara Denizi - Gemlik Körfezi - [04.14 km] Mudanya (Bursa)",655559
"20/03/2025 07:08:12",29.01208,40.73317,7,0.38,"ML",1.5,"Marmara Denizi - [12.20 km] Çınarcık (Yalova)",655555
"19/03/2025 00:11:24",28.92391,40.45051,13.54,0.34,"ML",1.9,"Marmara Denizi - Gemlik Körfezi - [03.61 km] Armutlu (Yalova)",655489
"18/03/2025 00:53:23",27.99011,40.43273,7.18,0.44,"ML",1.9,"Marmara Denizi - Bandırma Körfezi - [00.93 km] Erdek (Balıkesir)",655420
"17/03/2025 19:28:28",27.59222,40.6248,5.86,0.21,"ML",1.3,"Marmara Denizi, Marmara Adası, Marmara (Balıkesir)",655399
"17/03/2025 16:15:10",27.47958,40.77201,9.05,0.54,"ML",1.6,"Marmara Denizi - [08.82 km] Süleymanpaşa (Tekirdağ)",655389
"17/03/2025 07:07:01",28.40566,40.79139,5.54,0.29,"ML",1.5,"Marmara Denizi - [24.92 km] Büyükçekmece (İstanbul)",655377
"17/03/2025 06:28:18",27.03908,40.22783,11.09,0.26,"ML",2.5,"Biga (Çanakkale)",655375
"17/03/2025 00:47:24",27.98716,40.17173,7,0.3,"ML",1,"Kuş Gölü - [07.92 km] Bandırma (Balıkesir)",655353
"16/03/2025 00:49:36",29.18587,40.78407,7,0.83,"ML",1.3,"Marmara Denizi - [08.00 km] Adalar (İstanbul)",655303
"15/03/2025 00:05:15",27.31778,40.17722,5.89,0.42,"ML",1.9,"Biga (Çanakkale)",655244
"14/03/2025 21:46:23",29.11631,40.77526,6.81,0.5,"ML",1.2,"Marmara Denizi - [07.65 km] Adalar (İstanbul)",655235
"14/03/2025 08:19:37",28.8219,40.43444,11.04,0.78,"ML",2,"Marmara Denizi - Gemlik Körfezi - [05.55 km] Mudanya (Bursa)",655187
"14/03/2025 05:06:19",27.4236,40.21418,13.27,0.37,"ML",1.5,"Biga (Çanakkale)",655178
"13/03/2025 19:29:56",27.49944,40.42358,8.82,0.58,"ML",1.9,"Marmara Denizi - [08.57 km] Marmara (Balıkesir)",655139
"13/03/2025 12:24:25",27.4286,40.75039,7.32,0.97,"ML",1.5,"Marmara Denizi - [07.54 km] Şarköy (Tekirdağ)",655126
"13/03/2025 08:34:48",28.97261,40.73057,7.09,0.22,"ML",2,"Marmara Denizi - [11.77 km] Çınarcık (Yalova)",655120
"13/03/2025 08:24:05",28.99833,40.72838,8.54,0.38,"ML",2.6,"Marmara Denizi - [11.53 km] Çınarcık (Yalova)",655118
"13/03/2025 06:27:46",27.16255,40.51862,7.02,0.09,"ML",1.3,"Marmara Denizi - [09.29 km] Biga (Çanakkale)",655116
"12/03/2025 21:08:36",27.36754,40.75339,13.7,0.2,"ML",1.7,"Marmara Denizi - [03.63 km] Şarköy (Tekirdağ)",655089
"12/03/2025 20:25:20",28.98198,40.18044,11.57,0.5,"ML",1.7,"Nilüfer (Bursa)",655094
"12/03/2025 08:24:11",27.67364,40.60093,6.27,0.67,"ML",1.6,"Marmara Denizi, Marmara Adası, Marmara (Balıkesir)",655054
"11/03/2025 05:13:19",29.17,40.63361,7.63,0.63,"ML",1.4,"Termal (Yalova)",654903
"11/03/2025 03:26:29",27.74696,40.32846,6.99,0.48,"ML",2.9,"Marmara Denizi - Erdek Körfezi - [04.82 km] Bandırma (Balıkesir)",654887
"11/03/2025 01:39:12",29.01483,40.42138,10.84,0.74,"ML",2.3,"Marmara Denizi - Gemlik Körfezi - [05.97 km] Gemlik (Bursa)",654891
"10/03/2025 23:28:39",28.94794,40.22328,7,0.67,"ML",1.6,"Nilüfer (Bursa)",654880
"10/03/2025 22:50:32",29.00135,40.61673,7,0.61,"ML",1.7,"Çınarcık (Yalova)",654879
"09/03/2025 20:59:12",29.19306,40.47072,10.03,0.38,"ML",2.1,"Gemlik (Bursa)",654770
"09/03/2025 00:08:27",28.67456,40.74766,7.57,0.49,"ML",1.5,"Marmara Denizi - [23.96 km] Beylikdüzü (İstanbul)",654700
"08/03/2025 11:20:17",28.88976,40.59546,7,0.71,"ML",1.9,"Marmara Denizi - [02.99 km] Çınarcık (Yalova)",654661
"08/03/2025 09:58:50",27.85989,40.03444,10.41,0.44,"ML",1.5,"Manyas (Balıkesir)",654660
"07/03/2025 22:22:51",27.31938,40.1524,7.61,0.06,"ML",1.2,"Biga (Çanakkale)",654628
"07/03/2025 12:52:55",27.47085,40.68496,12.84,0.53,"ML",1.9,"Marmara Denizi - [09.58 km] Marmara (Balıkesir)",654596
"07/03/2025 08:58:11",27.36498,40.39776,14.9,0.2,"ML",1.3,"Marmara Denizi - Erdek Körfezi - [04.30 km] Biga (Çanakkale)",654582
"07/03/2025 07:36:16",28.8758,40.58313,7,0.68,"ML",1.2,"Marmara Denizi - [01.94 km] Armutlu (Yalova)",654578
"07/03/2025 05:49:18",29.1636,40.61889,7,0.44,"ML",1.7,"Termal (Yalova)",654571
"07/03/2025 01:15:00",27.67018,40.07907,7,0.32,"ML",1.1,"Gönen (Balıkesir)",654551
"07/03/2025 01:08:20",28.91598,40.20468,7,0.72,"ML",1.1,"Nilüfer (Bursa)",654550
"06/03/2025 22:33:16",28.24529,40.73857,13.28,0.73,"ML",1.4,"Marmara Denizi - [35.11 km] Marmaraereğlisi (Tekirdağ)",654539
"06/03/2025 09:09:56",28.81715,40.44417,8.79,0.37,"ML",2,"Marmara Denizi - Gemlik Körfezi - [06.46 km] Mudanya (Bursa)",654496
"06/03/2025 07:42:19",27.19485,40.36608,7,0.15,"ML",1,"Biga (Çanakkale)",654491
"06/03/2025 07:01:55",29.28123,40.46383,6.71,0.32,"ML",1,"Orhangazi (Bursa)",654489
"06/03/2025 03:41:32",27.43336,40.34638,8.68,0.41,"ML",1.9,"Marmara Denizi - Erdek Körfezi - [06.52 km] Biga (Çanakkale)",654470
"05/03/2025 23:47:20",27.61498,40.28513,11.82,0.31,"ML",1.8,"Gönen (Balıkesir)",654446
"05/03/2025 18:57:28",28.07944,40.04346,11.56,0.49,"ML",1.2,"Manyas (Balıkesir)",654431
"05/03/2025 18:04:35",29.42266,40.21371,6.98,0.31,"ML",1.6,"Kestel (Bursa)",654428
"05/03/2025 12:45:07",28.53459,40.11209,7,0.23,"ML",1.4,"Mustafakemalpaşa (Bursa)",654407
"05/03/2025 02:59:05",28.8998,40.38652,7.01,0.29,"ML",1.2,"Marmara Denizi - Gemlik Körfezi - [02.51 km] Mudanya (Bursa)",654381
"04/03/2025 08:28:58",28.13575,40.53332,6.92,0.44,"ML",1.5,"Marmara Denizi - [12.94 km] Erdek (Balıkesir)",654309
"02/03/2025 08:07:59",28.03706,40.27216,6.94,0.48,"ML",1.2,"Bandırma (Balıkesir)",654165
"02/03/2025 06:33:06",29.1482,40.68687,8.73,0.35,"ML",1.3,"Marmara Denizi - [04.10 km] Çınarcık (Yalova)",654161
"02/03/2025 05:18:54",29.1475,40.68515,7.01,0.53,"ML",1.4,"Marmara Denizi - [04.42 km] Çınarcık (Yalova)",654157
"01/03/2025 23:32:40",28.49052,40.09083,7.01,0.34,"ML",1.1,"Mustafakemalpaşa (Bursa)",654141
"01/03/2025 22:29:04",27.55215,40.79697,13.6,0.3,"ML",1.1,"Marmara Denizi - [11.37 km] Süleymanpaşa (Tekirdağ)",654136
"01/03/2025 02:18:13",28.92513,40.61718,7.09,0.73,"ML",2.4,"Marmara Denizi - [02.26 km] Çınarcık (Yalova)",654064
"28/02/2025 20:08:23",27.30982,40.14704,11.69,0.4,"ML",2.2,"Biga (Çanakkale)",654026
"28/02/2025 07:20:22",27.88939,40.82666,7,0.47,"ML",1.5,"Marmara Denizi - [16.20 km] Marmaraereğlisi (Tekirdağ)",653970
"27/02/2025 14:27:54",27.52684,40.48206,14.5,0.46,"ML",3,"Marmara Denizi - [01.14 km] Marmara (Balıkesir)",653924
"26/02/2025 11:42:06",27.73694,40.68525,8.41,0.17,"ML",1.7,"Marmara Denizi - [07.94 km] Marmara (Balıkesir)",653858
"25/02/2025 22:02:08",27.14976,40.08103,7,0.37,"ML",1,"Çan (Çanakkale)",653815
"25/02/2025 11:25:34",28.83196,40.84714,9.74,0.41,"ML",1.4,"Marmara Denizi - [12.11 km] Bakırköy (İstanbul)",653753
"25/02/2025 05:43:03",28.82306,40.39789,7,0.49,"ML",1.9,"Marmara Denizi - Gemlik Körfezi - [02.73 km] Mudanya (Bursa)",653732
"24/02/2025 21:04:57",27.17234,40.07038,12.78,0.27,"ML",1,"Çan (Çanakkale)",653670
"24/02/2025 13:21:57",27.18177,40.51588,10.08,0.38,"ML",2.8,"Marmara Denizi - [08.79 km] Biga (Çanakkale)",653648
"23/02/2025 19:53:39",26.98948,40.28314,7.28,0.24,"ML",1.4,"Lapseki (Çanakkale)",653595
"23/02/2025 19:29:59",29.02946,40.55468,7.01,0.2,"ML",1.2,"Gemlik (Bursa)",653592
"23/02/2025 06:06:14",29.13532,40.23101,5.41,0.43,"ML",1.5,"Yıldırım (Bursa)",653573
"22/02/2025 21:58:55",28.91626,40.38803,6.78,0.43,"ML",1.4,"Marmara Denizi - Gemlik Körfezi - [03.82 km] Mudanya (Bursa)",653544
"22/02/2025 20:33:01",28.91767,40.54678,10.38,0.52,"ML",2.8,"Armutlu (Yalova)",653543
"22/02/2025 02:42:20",28.86998,40.37932,7.04,0.73,"ML",1.7,"Marmara Denizi - Gemlik Körfezi - [01.01 km] Mudanya (Bursa)",653492
"22/02/2025 02:23:54",27.20403,40.09206,7,0.52,"ML",1.8,"Biga (Çanakkale)",653490
"22/02/2025 02:05:56",28.83532,40.41791,7,0.5,"ML",1.8,"Marmara Denizi - Gemlik Körfezi - [04.57 km] Mudanya (Bursa)",653489
"21/02/2025 05:30:53",28.93335,40.5699,7,0.5,"ML",1.8,"Çınarcık (Yalova)",653387
"20/02/2025 21:36:30",27.53435,40.39099,9.87,0.31,"ML",2.3,"Marmara Denizi - Erdek Körfezi - [10.19 km] Erdek (Balıkesir)",653336
"20/02/2025 11:57:04",27.5352,40.39658,7.8,0.13,"ML",1.3,"Marmara Denizi - Erdek Körfezi - [10.09 km] Erdek (Balıkesir)",653300
"19/02/2025 18:37:45",28.43914,40.60287,7,0.8,"ML",2,"Marmara Denizi - [25.84 km] Karacabey (Bursa)",653250
"19/02/2025 09:20:06",26.85113,40.93248,7,0.63,"ML",2.2,"Malkara (Tekirdağ)",653207
"18/02/2025 01:09:19",28.90048,40.20079,7,0.68,"ML",1.6,"Nilüfer (Bursa)",653067
"17/02/2025 21:23:07",27.80699,40.6141,7.16,0.37,"ML",1.2,"Marmara Denizi - [09.04 km] Marmara (Balıkesir)",653042
"17/02/2025 21:09:51",28.49753,40.66117,8.24,0.4,"ML",1.7,"Marmara Denizi - [31.50 km] Armutlu (Yalova)",653041
"17/02/2025 15:10:43",28.4898,40.7176,13.8,0.77,"ML",2.3,"Marmara Denizi - [29.51 km] Beylikdüzü (İstanbul)",653011
"17/02/2025 15:09:26",28.48704,40.6991,13.15,0.49,"ML",2.3,"Marmara Denizi - [31.55 km] Beylikdüzü (İstanbul)",653010
"17/02/2025 14:30:38",28.50318,40.68413,10.2,0.41,"ML",2.6,"Marmara Denizi - [32.63 km] Armutlu (Yalova)",653012
"17/02/2025 05:03:31",28.49077,40.7048,14.2,0.35,"ML",1.8,"Marmara Denizi - [31.28 km] Beylikdüzü (İstanbul)",652959
"17/02/2025 03:58:39",28.50049,40.69626,7.17,0.63,"ML",1.6,"Marmara Denizi - [32.19 km] Beylikdüzü (İstanbul)",652977
"16/02/2025 23:07:41",27.88544,40.25078,6.82,0.11,"ML",1.2,"Bandırma (Balıkesir)",652937
"16/02/2025 07:27:50",28.50512,40.71901,11.79,0.22,"ML",1.4,"Marmara Denizi - [29.19 km] Beylikdüzü (İstanbul)",652876
"16/02/2025 06:03:17",29.38806,40.32536,8.68,0.56,"ML",1.6,"Yenişehir (Bursa)",652871
"16/02/2025 00:52:04",29.41533,40.29452,7,0.55,"ML",1.8,"Yenişehir (Bursa)",652833
"15/02/2025 17:28:08",28.2106,40.30788,7.3,0.32,"ML",1.5,"Karacabey (Bursa)",652796
"15/02/2025 13:14:52",29.9635,40.4022,11.64,0.32,"ML",1,"Osmaneli (Bilecik)",652766
"14/02/2025 12:11:47",27.43956,40.79236,6.99,0.42,"ML",1.3,"Marmara Denizi - [05.69 km] Süleymanpaşa (Tekirdağ)",652602
"13/02/2025 23:18:08",28.84911,40.4159,10.32,0.3,"ML",2.1,"Marmara Denizi - Gemlik Körfezi - [04.44 km] Mudanya (Bursa)",652536
"13/02/2025 07:34:52",28.82796,40.41638,8.99,0.31,"ML",1.9,"Marmara Denizi - Gemlik Körfezi - [04.54 km] Mudanya (Bursa)",652446
"13/02/2025 07:33:28",28.84368,40.42515,4.66,0.35,"ML",1.4,"Marmara Denizi - Gemlik Körfezi - [05.34 km] Mudanya (Bursa)",652448
"13/02/2025 05:47:06",26.99117,40.28141,11.65,0.32,"ML",1.7,"Lapseki (Çanakkale)",652436
"13/02/2025 00:50:43",27.40611,40.36279,11.05,0.25,"ML",1.4,"Marmara Denizi - Erdek Körfezi - [06.56 km] Biga (Çanakkale)",652389
"12/02/2025 23:42:04",28.84838,40.41594,7,0.38,"ML",1.5,"Marmara Denizi - Gemlik Körfezi - [05.06 km] Mudanya (Bursa)",652381
"12/02/2025 23:37:05",28.82729,40.41686,7.65,0.35,"ML",1.8,"Marmara Denizi - Gemlik Körfezi - [03.83 km] Mudanya (Bursa)",652380
"12/02/2025 23:36:46",27.00169,40.42579,10.33,0.25,"ML",1.6,"Marmara Denizi - [05.39 km] Biga (Çanakkale)",652379
"12/02/2025 19:02:33",28.8318,40.40682,6.96,0.36,"ML",1.6,"Marmara Denizi - Gemlik Körfezi - [03.00 km] Mudanya (Bursa)",652345
"12/02/2025 01:21:25",27.63082,40.10976,7,0.43,"ML",1.3,"Gönen (Balıkesir)",652239
"09/02/2025 21:27:05",27.66635,40.59779,10.7,0.51,"ML",1.7,"Marmara Denizi - [00.90 km] Marmara (Balıkesir)",651895
"09/02/2025 20:18:11",27.62242,40.61588,6,0.63,"ML",3.4,"Marmara Denizi, Marmara Adası, Marmara (Balıkesir)",651892
"09/02/2025 19:06:51",28.8504,40.45639,7,0.5,"ML",1.5,"Marmara Denizi - Gemlik Körfezi - [04.63 km] Armutlu (Yalova)",651888
"09/02/2025 00:02:31",27.81489,40.61576,5.89,0.52,"ML",1.8,"Marmara Denizi - [09.30 km] Marmara (Balıkesir)",651762
"07/02/2025 16:24:49",27.89085,40.57066,7,0.47,"ML",2.2,"Marmara Denizi - [07.69 km] Erdek (Balıkesir)",651554
"07/02/2025 09:54:57",28.95145,40.20836,7.04,0.72,"ML",1.5,"Nilüfer (Bursa)",651499
"03/02/2025 21:53:22",27.13851,40.51464,12.32,0.37,"ML",1.8,"Marmara Denizi - [09.68 km] Biga (Çanakkale)",650895
"03/02/2025 06:05:13",28.71746,40.86011,6.98,0.41,"ML",1.5,"Marmara Denizi - [11.63 km] Avcılar (İstanbul)",650743
"01/02/2025 13:07:20",28.79971,40.11933,9.12,0.39,"ML",1,"Nilüfer (Bursa)",650543
"01/02/2025 12:01:19",29.22583,40.26729,9.34,0.46,"ML",1.8,"Gürsu (Bursa)",650533
"31/01/2025 17:28:32",29.2419,40.64029,6.23,0.8,"ML",1.3,"Merkez (Yalova)",650451
"31/01/2025 10:54:17",29.13797,40.43195,7.56,0.22,"ML",1.8,"Marmara Denizi - Gemlik Körfezi - [00.45 km] Gemlik (Bursa)",650415
"31/01/2025 05:34:05",27.53184,40.7865,11.98,0.31,"ML",1.6,"Marmara Denizi - [11.01 km] Süleymanpaşa (Tekirdağ)",650386
"30/01/2025 22:50:14",28.12465,40.45921,16.03,0.48,"ML",1.6,"Marmara Denizi - [08.86 km] Erdek (Balıkesir)",650355
"30/01/2025 06:53:57",28.18199,40.88253,7,0.45,"ML",1.4,"Marmara Denizi - [20.42 km] Silivri (İstanbul)",650298
"30/01/2025 00:53:14",29.04206,40.06689,7,0.51,"ML",1.2,"Osmangazi (Bursa)",650279
"30/01/2025 00:26:30",28.97317,40.19796,7,0.42,"ML",1.6,"Nilüfer (Bursa)",650278
"29/01/2025 23:57:22",28.96741,40.20092,6.33,0.43,"ML",2.5,"Nilüfer (Bursa)",650276
"29/01/2025 22:48:37",26.92232,40.21111,19.36,0.13,"ML",0.9,"Lapseki (Çanakkale)",650274
"29/01/2025 02:55:33",28.96983,40.20118,10.75,0.49,"ML",1.4,"Nilüfer (Bursa)",650196
"28/01/2025 23:54:38",27.813,40.20132,6.95,0.25,"ML",1.4,"Gönen (Balıkesir)",650171
"28/01/2025 20:52:21",28.96118,40.19712,10.98,0.33,"ML",2.2,"Nilüfer (Bursa)",650158
"28/01/2025 20:50:09",27.50594,40.46749,7.17,0.36,"ML",1.5,"Marmara Denizi - [02.91 km] Marmara (Balıkesir)",650159
"28/01/2025 19:07:14",28.9511,40.20566,7.28,0.79,"ML",1.4,"Nilüfer (Bursa)",650151
"28/01/2025 16:50:32",27.53185,40.45941,7,0.34,"ML",2.4,"Marmara Denizi - [04.30 km] Marmara (Balıkesir)",650143
"28/01/2025 12:31:29",26.59458,40.05407,6.99,0.54,"ML",1,"Merkez (Çanakkale)",650129
"28/01/2025 11:44:37",27.62949,40.81948,6.99,0.59,"ML",1.4,"Marmara Denizi - [15.75 km] Süleymanpaşa (Tekirdağ)",650126
"28/01/2025 10:57:25",28.95426,40.20537,7,0.24,"ML",1.2,"Nilüfer (Bursa)",650124
"28/01/2025 06:01:22",27.62228,40.07392,6.92,0.11,"ML",0.8,"Gönen (Balıkesir)",650108
"28/01/2025 04:56:09",28.97597,40.18795,9.41,0.22,"ML",1.3,"Nilüfer (Bursa)",650099
"28/01/2025 04:42:12",27.61718,40.77176,7.13,0.41,"ML",1.4,"Marmara Denizi - [14.34 km] Marmara (Balıkesir)",650097
"28/01/2025 02:48:54",28.82881,40.56386,7.02,0.31,"ML",1.9,"Armutlu (Yalova)",650085
"28/01/2025 01:43:34",29.32961,40.68259,7,0.24,"ML",1.2,"Marmara Denizi - İzmit Körfezi - [02.29 km] Çiftlikköy (Yalova)",650076
"27/01/2025 21:25:24",28.94395,40.19122,8.88,0.17,"ML",1.2,"Nilüfer (Bursa)",650061
"27/01/2025 20:16:13",28.96479,40.1991,8.76,0.21,"ML",1.3,"Nilüfer (Bursa)",650057
"27/01/2025 17:57:21",28.90747,40.20329,7.29,0.41,"ML",1.2,"Nilüfer (Bursa)",650048
"27/01/2025 15:01:46",28.97935,40.16206,10.08,0.11,"ML",1.5,"Nilüfer (Bursa)",650030
"27/01/2025 13:43:46",28.96336,40.19761,12.14,0.42,"MW",4,"Nilüfer (Bursa)",666606
"27/01/2025 09:51:03",28.8123,40.42881,14.4,0.84,"ML",2,"Marmara Denizi - Gemlik Körfezi - [05.35 km] Mudanya (Bursa)",650015
"27/01/2025 06:59:40",29.22259,40.24511,9.49,0.33,"ML",1.4,"Gürsu (Bursa)",650008
"27/01/2025 06:43:24",29.23117,40.24845,9.88,0.29,"ML",1.4,"Gürsu (Bursa)",650001
"26/01/2025 16:09:59",27.63635,40.06042,8.32,0.18,"ML",1.7,"Gönen (Balıkesir)",649949
"25/01/2025 20:44:17",27.89708,40.80999,8.96,0.62,"ML",1.8,"Marmara Denizi - [17.15 km] Marmaraereğlisi (Tekirdağ)",649888
"25/01/2025 07:28:02",29.12778,40.7188,10.62,0.36,"ML",1.5,"Marmara Denizi - [08.17 km] Çınarcık (Yalova)",649843
"25/01/2025 00:24:06",27.40373,40.76818,8.72,0.29,"ML",1.8,"Marmara Denizi - [04.28 km] Şarköy (Tekirdağ)",649812
"24/01/2025 13:31:52",29.22902,40.43445,10.43,0.32,"ML",1.5,"Orhangazi (Bursa)",649756
"24/01/2025 12:31:43",29.26778,40.4406,7,0.24,"ML",1,"Orhangazi (Bursa)",649748
"24/01/2025 01:10:13",26.12197,40.36709,7.01,0.68,"ML",1.1,"Ege Denizi - [18.07 km] Eceabat (Çanakkale)",649695
"23/01/2025 16:54:56",26.97295,40.28169,10.6,0.47,"ML",2.1,"Lapseki (Çanakkale)",649673
"23/01/2025 14:14:23",27.18156,40.08216,6.7,0.24,"ML",1.8,"Çan (Çanakkale)",649666
"23/01/2025 02:33:38",27.7919,40.08298,8.12,0.28,"ML",1.4,"Manyas (Balıkesir)",649638
"22/01/2025 13:22:19",29.61186,40.75236,6.57,0.45,"ML",0.7,"Marmara Denizi - İzmit Körfezi - [02.54 km] Körfez (Kocaeli)",649573
"22/01/2025 03:21:32",27.44509,40.65137,6.72,0.27,"ML",1,"Marmara Denizi - [08.92 km] Marmara (Balıkesir)",649509
"21/01/2025 20:11:19",27.3264,40.12586,5.12,0.32,"ML",1,"Biga (Çanakkale)",649462
"21/01/2025 19:03:58",27.71958,40.05722,7.04,0.43,"ML",1.1,"Gönen (Balıkesir)",649460
"21/01/2025 18:42:02",27.1178,40.52553,10.13,0.48,"ML",1.5,"Marmara Denizi - [09.03 km] Şarköy (Tekirdağ)",649452
"21/01/2025 13:51:13",27.68865,40.44654,6.23,0.47,"ML",1.7,"Marmara Denizi - [02.62 km] Erdek (Balıkesir)",649428
"21/01/2025 10:19:47",29.1685,40.66125,9.51,0.5,"ML",1.6,"Marmara Denizi - [01.66 km] Çınarcık (Yalova)",649407
"19/01/2025 02:00:16",29.21456,40.45987,7,0.1,"ML",1,"Gemlik (Bursa)",649199
"18/01/2025 19:02:14",28.93743,40.20668,9.61,0.37,"ML",1.2,"Nilüfer (Bursa)",649169
"18/01/2025 17:56:53",29.41028,40.24089,7,0.64,"ML",1.4,"Kestel (Bursa)",649165
"17/01/2025 16:07:17",27.01868,40.32611,7,0.12,"ML",1,"Lapseki (Çanakkale)",649082
"17/01/2025 03:27:31",28.92209,40.19694,7,0.38,"ML",1.3,"Nilüfer (Bursa)",649034
"17/01/2025 03:18:44",28.98334,40.19994,7.85,0.16,"ML",1.4,"Nilüfer (Bursa)",649033
"16/01/2025 23:20:13",27.98727,40.81504,7.07,0.81,"ML",1.5,"Marmara Denizi - [16.34 km] Marmaraereğlisi (Tekirdağ)",649027
"16/01/2025 22:12:25",29.71263,40.37415,7.02,0.39,"ML",1.2,"İznik (Bursa)",649025
"16/01/2025 19:09:59",28.97137,40.18651,7.01,0.32,"ML",1.3,"Nilüfer (Bursa)",649016
"16/01/2025 15:43:57",27.46975,40.79445,6.99,0.57,"ML",1.2,"Marmara Denizi - [07.06 km] Süleymanpaşa (Tekirdağ)",649008
"16/01/2025 11:14:10",29.19918,40.45333,7,0.13,"ML",1.7,"Gemlik (Bursa)",648998
"16/01/2025 07:44:20",28.96697,40.18499,10.37,0.71,"ML",1.9,"Nilüfer (Bursa)",648985
"16/01/2025 03:40:29",28.95383,40.20159,10.82,0.56,"ML",1.8,"Nilüfer (Bursa)",648964
"16/01/2025 00:53:47",28.96417,40.21898,4.42,0.42,"ML",1.6,"Nilüfer (Bursa)",648949
"15/01/2025 11:49:28",28.8647,40.39114,7.01,0.26,"ML",1.6,"Marmara Denizi - Gemlik Körfezi - [01.51 km] Mudanya (Bursa)",648901
"14/01/2025 22:09:04",29.28215,40.64412,10.42,0.53,"ML",2.4,"Merkez (Yalova)",648850
"14/01/2025 16:35:27",29.22184,40.67287,10.6,0.5,"ML",2.2,"Marmara Denizi - [03.17 km] Merkez (Yalova)",648823
"14/01/2025 02:54:43",28.94185,40.18567,7.08,0.67,"ML",1.7,"Nilüfer (Bursa)",648789
"13/01/2025 17:33:28",29.25099,40.71584,10.49,0.26,"ML",1.6,"Marmara Denizi - [07.59 km] Merkez (Yalova)",648740
"12/01/2025 05:31:36",29.09292,40.77887,6.99,0.25,"ML",1.5,"Marmara Denizi - [08.43 km] Adalar (İstanbul)",648623
"12/01/2025 05:03:49",29.08612,40.78426,6.95,0.24,"ML",1.4,"Marmara Denizi - [07.96 km] Adalar (İstanbul)",648622
"11/01/2025 20:22:59",28.9845,40.43203,7,0.44,"ML",1.4,"Marmara Denizi - Gemlik Körfezi - [03.03 km] Armutlu (Yalova)",648590
"11/01/2025 17:10:53",26.96522,40.25879,8.84,0.19,"ML",1.6,"Lapseki (Çanakkale)",648576
"11/01/2025 06:46:19",28.43326,40.81332,7.17,0.66,"ML",2,"Marmara Denizi - [20.81 km] Büyükçekmece (İstanbul)",648521
"11/01/2025 06:30:18",28.45546,40.74841,7.08,0.74,"ML",1.7,"Marmara Denizi - [27.23 km] Büyükçekmece (İstanbul)",648523
"11/01/2025 06:27:20",28.4375,40.81213,6.97,0.68,"ML",2,"Marmara Denizi - [21.06 km] Büyükçekmece (İstanbul)",648522
"11/01/2025 00:54:05",28.44205,40.8112,7,0.53,"ML",1.7,"Marmara Denizi - [21.10 km] Büyükçekmece (İstanbul)",648477
"10/01/2025 21:59:05",28.45639,40.82472,6.96,0.68,"ML",2.3,"Marmara Denizi - [20.03 km] Büyükçekmece (İstanbul)",648467
"10/01/2025 18:52:04",28.37871,40.82083,7.01,0.59,"ML",2.5,"Marmara Denizi - [22.91 km] Büyükçekmece (İstanbul)",648456
"10/01/2025 16:20:14",27.44848,40.75668,7,0.21,"ML",1.1,"Marmara Denizi - [08.37 km] Şarköy (Tekirdağ)",648446
"10/01/2025 12:24:55",28.43713,40.81758,6.83,0.46,"ML",3.3,"Marmara Denizi - [20.45 km] Büyükçekmece (İstanbul)",648421
"09/01/2025 18:20:57",29.18836,40.46428,4.78,0.1,"ML",1.3,"Gemlik (Bursa)",648334
"09/01/2025 14:31:54",28.93983,40.77044,9.54,0.49,"ML",2.2,"Marmara Denizi - [10.16 km] Adalar (İstanbul)",648319
"09/01/2025 07:49:32",29.18489,40.47535,7.63,0.33,"ML",1.4,"Gemlik (Bursa)",648298
"09/01/2025 07:40:41",28.82012,40.01217,13.45,0.49,"ML",1.5,"Orhaneli (Bursa)",648297
"09/01/2025 05:39:38",28.86683,40.41981,7,0.32,"ML",1.3,"Marmara Denizi - Gemlik Körfezi - [04.88 km] Mudanya (Bursa)",648288
"08/01/2025 17:34:30",28.97459,40.20624,8.14,0.57,"ML",1.4,"Nilüfer (Bursa)",648218
"07/01/2025 01:59:47",27.51785,40.18331,9.41,0.18,"ML",1.8,"Gönen (Balıkesir)",648061
"06/01/2025 18:03:22",27.58468,40.63318,7,0.46,"ML",1.5,"Marmara Denizi, Marmara Adası, Marmara (Balıkesir)",648028
"06/01/2025 13:19:11",27.52328,40.46686,10.27,0.4,"ML",1.3,"Marmara Denizi - [02.34 km] Marmara (Balıkesir)",648009
"06/01/2025 12:58:34",29.41568,40.20723,6.99,0.92,"ML",1.2,"Kestel (Bursa)",648006
"05/01/2025 18:00:05",27.50894,40.81179,7.72,0.35,"ML",3.3,"Marmara Denizi - [07.27 km] Süleymanpaşa (Tekirdağ)",647879
"05/01/2025 17:29:32",28.12417,40.8189,11.27,0.7,"ML",1.3,"Marmara Denizi - [21.14 km] Marmaraereğlisi (Tekirdağ)",647878
"05/01/2025 12:39:20",28.05621,40.81081,7,0.91,"ML",3.1,"Marmara Denizi - [18.51 km] Marmaraereğlisi (Tekirdağ)",647868
"05/01/2025 08:20:04",28.92928,40.19849,11.47,0.57,"ML",1.6,"Nilüfer (Bursa)",647859
"05/01/2025 07:19:10",28.84546,40.23333,7,0.63,"ML",0.9,"Nilüfer (Bursa)",647848
"05/01/2025 06:00:59",26.98722,40.27109,10.38,0.29,"ML",1.8,"Lapseki (Çanakkale)",647837
"04/01/2025 07:00:17",28.81668,40.87457,7,0.37,"ML",1.4,"Marmara Denizi - [08.48 km] Bakırköy (İstanbul)",647741
"02/01/2025 19:25:55",26.83208,40.86239,10.23,0.35,"ML",1.9,"Malkara (Tekirdağ)",647568
"02/01/2025 07:16:08",28.83727,40.42437,10.82,0.49,"ML",2.2,"Marmara Denizi - Gemlik Körfezi - [04.88 km] Mudanya (Bursa)",647516
"02/01/2025 04:49:05",26.95521,40.26675,10.36,0.11,"ML",0.9,"Lapseki (Çanakkale)",647512
"01/01/2025 23:56:30",27.2285,40.32619,6.99,0.36,"ML",1.8,"Biga (Çanakkale)",647474
"01/01/2025 20:57:46",26.98091,40.27706,8.76,0.41,"ML",1.8,"Lapseki (Çanakkale)",647455
"01/01/2025 09:09:55",29.11202,40.43048,6.97,0.78,"ML",1.1,"Marmara Denizi - Gemlik Körfezi - [01.69 km] Gemlik (Bursa)",647427
"01/01/2025 08:56:25",27.39544,40.67639,6.08,0.86,"ML",1.1,"Marmara Denizi - [07.93 km] Şarköy (Tekirdağ)",647421
"01/01/2025 05:22:30",27.2667,40.36721,6.99,0.17,"ML",0.9,"Biga (Çanakkale)",647399
"31/12/2024 14:04:15",27.41135,40.08085,7.84,0.49,"ML",2.5,"Yenice (Çanakkale)",647324
"31/12/2024 09:29:00",27.28303,40.72249,7.87,0.7,"ML",1.7,"Şarköy (Tekirdağ)",647313
"31/12/2024 08:44:12",27.29188,40.72928,10.02,0.47,"ML",2,"Şarköy (Tekirdağ)",647307
"30/12/2024 14:40:55",27.088,40.47649,12.46,0.12,"ML",1.3,"Marmara Denizi - [06.12 km] Biga (Çanakkale)",647195
"30/12/2024 10:25:20",28.84653,40.00376,12.56,0.33,"ML",2.1,"Orhaneli (Bursa)",647172
"29/12/2024 07:24:04",26.94622,40.2959,10.81,0.64,"ML",2,"Lapseki (Çanakkale)",647104
"29/12/2024 06:48:38",27.01206,40.28737,9.05,0.39,"ML",2.2,"Biga (Çanakkale)",647102
"27/12/2024 14:22:22",29.31383,40.24372,7.04,0.95,"ML",1.8,"Kestel (Bursa)",646914
"26/12/2024 13:24:39",29.73759,40.93353,7.01,0.45,"ML",1.3,"Körfez (Kocaeli)",646797
"25/12/2024 09:06:54",27.78338,40.7922,6.94,0.62,"ML",2.4,"Marmara Denizi - [19.87 km] Marmara (Balıkesir)",646710
"25/12/2024 05:57:26",28.97233,40.19205,7,0.69,"ML",1.4,"Nilüfer (Bursa)",646694
"25/12/2024 03:53:43",27.9506,40.80789,8.53,0.7,"ML",1.4,"Marmara Denizi - [16.34 km] Marmaraereğlisi (Tekirdağ)",646683
"25/12/2024 02:11:40",29.18917,40.43426,7.3,0.36,"ML",1.9,"Gemlik (Bursa)",646677
"23/12/2024 15:29:15",29.21573,40.7156,10,0.4,"ML",1.8,"Marmara Denizi - [07.69 km] Merkez (Yalova)",646537
"23/12/2024 07:12:02",29.07658,40.64062,12.03,0.32,"ML",1.8,"Marmara Denizi - [00.58 km] Çınarcık (Yalova)",646528
"23/12/2024 05:40:51",27.62326,40.06567,7,0.17,"ML",1,"Gönen (Balıkesir)",646514
"22/12/2024 20:02:26",27.73571,40.79335,3.99,0.44,"ML",1.4,"Marmara Denizi - [17.78 km] Marmara (Balıkesir)",646465
"22/12/2024 15:08:13",27.94122,40.81506,7,0.79,"ML",3.5,"Marmara Denizi - [16.40 km] Marmaraereğlisi (Tekirdağ)",646449
"22/12/2024 01:23:13",28.84344,40.40763,7.05,0.47,"ML",1.7,"Marmara Denizi - Gemlik Körfezi - [03.79 km] Mudanya (Bursa)",646405
"21/12/2024 20:31:28",28.72414,40.97031,9.82,0.28,"ML",2.5,"Avcılar (İstanbul)",646389
"21/12/2024 19:04:26",27.35377,40.71445,13.71,0.45,"ML",2.1,"Marmara Denizi - [03.42 km] Şarköy (Tekirdağ)",646385
"21/12/2024 10:11:47",27.7307,40.00521,6.97,0.36,"ML",1.8,"Gönen (Balıkesir)",646346
"20/12/2024 14:07:13",27.60051,40.62948,7,0.62,"ML",1.6,"Marmara Denizi, Marmara Adası, Marmara (Balıkesir)",646281
"20/12/2024 04:39:50",28.46604,40.39358,9.1,0.37,"ML",2,"Marmara Denizi - [04.92 km] Karacabey (Bursa)",646237
"20/12/2024 03:09:09",28.80611,40.42133,4.99,0.47,"ML",1.6,"Marmara Denizi - Gemlik Körfezi - [03.98 km] Mudanya (Bursa)",646228
"20/12/2024 03:07:03",28.83837,40.408,6.62,0.36,"ML",2.1,"Marmara Denizi - Gemlik Körfezi - [03.69 km] Mudanya (Bursa)",646227
"20/12/2024 02:01:04",27.15416,40.42885,10.72,0.32,"ML",1.8,"Biga (Çanakkale)",646220
"20/12/2024 01:29:33",28.82328,40.41687,7.26,0.36,"ML",2.1,"Marmara Denizi - Gemlik Körfezi - [04.19 km] Mudanya (Bursa)",646217
"19/12/2024 22:42:09",28.48149,40.40606,6.02,0.41,"ML",0.9,"Marmara Denizi - [05.02 km] Karacabey (Bursa)",646204
"19/12/2024 20:57:22",29.25169,40.68321,9.89,0.32,"ML",2.3,"Marmara Denizi - [03.80 km] Merkez (Yalova)",646189
"19/12/2024 18:51:44",28.83135,40.41276,7,0.49,"ML",1.8,"Marmara Denizi - Gemlik Körfezi - [03.83 km] Mudanya (Bursa)",646180
"19/12/2024 18:08:12",26.286,40.38578,6.93,0.24,"ML",1.3,"Ege Denizi - Saros Körfezi - [08.90 km] Eceabat (Çanakkale)",646179
"19/12/2024 15:14:14",28.84776,40.41376,6.27,0.49,"ML",1.6,"Marmara Denizi - Gemlik Körfezi - [04.10 km] Mudanya (Bursa)",646170
"19/12/2024 07:09:45",29.15746,40.69178,7.73,0.28,"ML",0.9,"Marmara Denizi - [04.35 km] Çınarcık (Yalova)",646138
"19/12/2024 03:32:18",27.43311,40.68094,11.27,0.21,"ML",1.6,"Marmara Denizi - [10.95 km] Şarköy (Tekirdağ)",646115
"18/12/2024 19:24:25",29.46271,40.24609,7.01,0.65,"ML",1.4,"Yenişehir (Bursa)",646079
"18/12/2024 06:11:36",28.8647,40.39212,7.41,0.24,"ML",1.5,"Marmara Denizi - Gemlik Körfezi - [01.93 km] Mudanya (Bursa)",646042
"18/12/2024 04:06:22",27.86171,40.81596,6.98,0.4,"ML",1.1,"Marmara Denizi - [17.21 km] Marmaraereğlisi (Tekirdağ)",646035
"17/12/2024 05:43:29",27.03604,40.37167,7,0.06,"ML",1.4,"Biga (Çanakkale)",645944
"17/12/2024 01:14:27",27.41578,40.58444,9.65,0.49,"ML",1.3,"Marmara Denizi - [06.83 km] Marmara (Balıkesir)",645926
"16/12/2024 23:26:30",27.35171,40.13131,5.48,0.11,"ML",1,"Biga (Çanakkale)",645919
"16/12/2024 16:21:59",27.58775,40.62472,16.14,0.36,"ML",2,"Marmara Denizi, Marmara Adası, Marmara (Balıkesir)",645899
"16/12/2024 07:37:42",28.93187,40.20099,7.11,0.43,"ML",1.6,"Nilüfer (Bursa)",645870
"16/12/2024 05:54:42",29.02959,40.20611,11,0.24,"ML",1.6,"Osmangazi (Bursa)",645861
"16/12/2024 03:10:58",27.46609,40.77788,7.01,0.62,"ML",2.3,"Marmara Denizi - [07.87 km] Süleymanpaşa (Tekirdağ)",645851
"14/12/2024 19:25:17",27.0502,40.34844,7,0.25,"ML",1.1,"Biga (Çanakkale)",645741
"14/12/2024 14:34:18",27.33258,40.56914,10.05,0.36,"ML",1.6,"Marmara Denizi - [12.94 km] Şarköy (Tekirdağ)",645732
"13/12/2024 00:52:07",28.83878,40.824,7.22,0.35,"ML",1.8,"Marmara Denizi - [13.20 km] Adalar (İstanbul)",645628
"12/12/2024 20:24:03",26.25083,40.41131,12.97,0.42,"ML",2,"Ege Denizi - Saros Körfezi - [12.14 km] Eceabat (Çanakkale)",645612
"12/12/2024 15:19:04",26.23613,40.40036,7,0.18,"ML",1.3,"Ege Denizi - Saros Körfezi - [12.21 km] Eceabat (Çanakkale)",645585
"12/12/2024 14:56:43",26.20695,40.42493,15,0.95,"ML",1.5,"Ege Denizi - Saros Körfezi - [16.23 km] Eceabat (Çanakkale)",645584
"12/12/2024 14:50:29",26.2179,40.42287,18.8,0.32,"ML",1.8,"Ege Denizi - Saros Körfezi - [15.36 km] Eceabat (Çanakkale)",645581
"12/12/2024 04:02:30",26.81251,40.91261,10.32,0.12,"ML",1.3,"Malkara (Tekirdağ)",645539
"11/12/2024 20:45:41",27.39643,40.71417,7.03,0.17,"ML",1.2,"Marmara Denizi - [06.93 km] Şarköy (Tekirdağ)",645493
"11/12/2024 20:42:35",27.39233,40.72299,9.66,0.29,"ML",1.3,"Marmara Denizi - [06.12 km] Şarköy (Tekirdağ)",645492
"11/12/2024 03:08:28",26.3458,40.41462,10.72,0.19,"ML",1.6,"Ege Denizi - Saros Körfezi - [10.40 km] Eceabat (Çanakkale)",645436
"09/12/2024 18:46:52",27.66458,40.10508,11.28,0.31,"ML",2,"Gönen (Balıkesir)",645327
"09/12/2024 01:29:31",28.80629,40.41535,6.99,0.44,"ML",1.7,"Marmara Denizi - Gemlik Körfezi - [03.42 km] Mudanya (Bursa)",645291
"07/12/2024 21:20:32",29.32754,40.53326,6.15,0.37,"ML",1.4,"Orhangazi (Bursa)",645205
"07/12/2024 19:53:08",28.8665,40.3483,6.31,0.31,"ML",1.3,"Mudanya (Bursa)",645198
"06/12/2024 22:09:20",27.45094,40.67496,8.3,0.44,"ML",1.9,"Marmara Denizi - [09.63 km] Marmara (Balıkesir)",645124
"06/12/2024 17:50:37",26.99722,40.29028,9.2,0.32,"ML",2.7,"Biga (Çanakkale)",645111
"05/12/2024 21:15:39",26.98127,40.28093,10.82,0.3,"ML",3.1,"Biga (Çanakkale)",645045
"04/12/2024 04:58:27",28.59168,40.00585,5.01,0.46,"ML",1.2,"Mustafakemalpaşa (Bursa)",644939
"03/12/2024 14:12:59",28.65333,40.39103,7.01,0.26,"ML",3.6,"Marmara Denizi - [03.86 km] Mudanya (Bursa)",644854
"03/12/2024 09:26:26",28.96178,40.18539,7.07,0.8,"ML",1.4,"Nilüfer (Bursa)",644831
"03/12/2024 00:56:01",28.87573,40.41309,7,0.72,"ML",1.2,"Marmara Denizi - Gemlik Körfezi - [04.57 km] Mudanya (Bursa)",644787
"02/12/2024 20:31:18",27.97476,40.833,10.67,0.65,"ML",1.9,"Marmara Denizi - [13.95 km] Marmaraereğlisi (Tekirdağ)",644758
"02/12/2024 20:00:37",28.88363,40.38476,7,0.58,"ML",1,"Marmara Denizi - Gemlik Körfezi - [01.22 km] Mudanya (Bursa)",644755
"02/12/2024 06:09:26",29.20767,40.66306,8.9,0.21,"ML",1.1,"Marmara Denizi - [03.21 km] Merkez (Yalova)",644710
"02/12/2024 00:29:58",27.69776,40.79976,7,0.94,"ML",2.3,"Marmara Denizi - [17.35 km] Marmara (Balıkesir)",644678
"01/12/2024 23:38:42",28.8994,40.37799,7.09,0.43,"ML",1.3,"Marmara Denizi - Gemlik Körfezi - [01.85 km] Mudanya (Bursa)",644673
"01/12/2024 23:28:54",28.83219,40.39319,7.02,0.28,"ML",2.4,"Marmara Denizi - Gemlik Körfezi - [01.40 km] Mudanya (Bursa)",644669
"01/12/2024 11:40:40",28.28731,40.81639,7,0.87,"ML",2.2,"Marmara Denizi - [27.36 km] Büyükçekmece (İstanbul)",644636
"01/12/2024 10:03:00",27.76917,40.81133,13.22,0.82,"ML",2.6,"Marmara Denizi - [20.40 km] Marmara (Balıkesir)",644633
"01/12/2024 05:26:16",28.97608,40.18582,12.96,0.41,"ML",1.4,"Nilüfer (Bursa)",644619
"01/12/2024 03:09:03",27.69687,40.78258,6.93,0.77,"ML",1.9,"Marmara Denizi - [15.49 km] Marmara (Balıkesir)",644613
"01/12/2024 01:23:58",28.81983,40.41266,6.99,0.48,"ML",1.9,"Marmara Denizi - Gemlik Körfezi - [03.75 km] Mudanya (Bursa)",644609
"01/12/2024 00:53:07",28.95122,40.19961,6.54,0.33,"ML",2.7,"Nilüfer (Bursa)",644601
"30/11/2024 17:03:46",26.999,40.27563,7.1,0.29,"ML",1.6,"Biga (Çanakkale)",644584
"30/11/2024 11:41:44",27.01348,40.02022,7,0.43,"ML",1.4,"Çan (Çanakkale)",644553
"30/11/2024 09:04:48",26.97623,40.02594,6.98,0.5,"ML",1.5,"Çan (Çanakkale)",644545
"30/11/2024 00:28:58",27.32339,40.73241,10.13,0.16,"ML",1.1,"Marmara Denizi - [00.81 km] Şarköy (Tekirdağ)",644509
"29/11/2024 20:43:02",28.90452,40.14362,8.7,0.05,"ML",1,"Nilüfer (Bursa)",644496
"29/11/2024 15:33:24",28.71463,40.74725,7,0.55,"ML",1.6,"Marmara Denizi - [23.35 km] Armutlu (Yalova)",644478
"29/11/2024 12:56:51",29.73628,40.92643,8.53,0.29,"ML",1.2,"Körfez (Kocaeli)",644479
"29/11/2024 06:14:58",26.96569,40.26722,6.89,0.09,"ML",0.9,"Lapseki (Çanakkale)",644429
"29/11/2024 06:13:16",26.96192,40.27985,6.96,0.11,"ML",1.6,"Lapseki (Çanakkale)",644428
"29/11/2024 03:27:00",27.64314,40.76117,6.98,0.63,"ML",1.2,"Marmara Denizi - [13.06 km] Marmara (Balıkesir)",644445
"28/11/2024 16:35:18",27.32032,40.12927,7.45,0.75,"ML",1.3,"Biga (Çanakkale)",644399
"28/11/2024 03:11:57",26.98867,40.27913,10.42,0.36,"ML",2.3,"Biga (Çanakkale)",644352
"27/11/2024 10:11:49",28.68758,40.02483,7,0.58,"ML",1.4,"Mustafakemalpaşa (Bursa)",644284
"27/11/2024 07:46:38",27.69949,40.78793,4.33,0.44,"ML",1.5,"Marmara Denizi - [15.86 km] Marmara (Balıkesir)",644269
"27/11/2024 07:38:56",27.66709,40.80208,5.84,0.55,"ML",1.4,"Marmara Denizi - [16.95 km] Marmara (Balıkesir)",644268
"27/11/2024 06:14:52",27.67905,40.80457,12.09,0.36,"ML",2.4,"Marmara Denizi - [17.51 km] Marmara (Balıkesir)",644254
"27/11/2024 05:12:14",27.66911,40.77457,6.99,0.4,"ML",1.1,"Marmara Denizi - [14.68 km] Marmara (Balıkesir)",644247
"27/11/2024 04:58:26",27.6953,40.76817,11.99,0.37,"ML",1.8,"Marmara Denizi - [14.53 km] Marmara (Balıkesir)",644227
"27/11/2024 04:56:03",27.70878,40.77866,9.55,0.42,"ML",1.8,"Marmara Denizi - [15.59 km] Marmara (Balıkesir)",644226
"27/11/2024 04:50:07",27.70361,40.77799,7.92,0.41,"ML",2.6,"Marmara Denizi - [15.18 km] Marmara (Balıkesir)",644224
"27/11/2024 04:28:44",27.65689,40.785,6.94,0.44,"ML",1.1,"Marmara Denizi - [15.21 km] Marmara (Balıkesir)",644225
"27/11/2024 01:07:52",27.69968,40.78113,10.58,0.46,"ML",1.6,"Marmara Denizi - [15.33 km] Marmara (Balıkesir)",644208
"26/11/2024 14:50:03",29.04047,40.61722,12.79,0.13,"ML",1.2,"Çınarcık (Yalova)",644163
"26/11/2024 01:12:48",27.4353,40.30849,6.94,0.56,"ML",1.2,"Biga (Çanakkale)",644119
"25/11/2024 20:03:56",29.01466,40.19547,11.61,0.42,"ML",1.6,"Osmangazi (Bursa)",644099
"24/11/2024 21:25:03",27.00103,40.28981,10.18,0.29,"ML",2.3,"Biga (Çanakkale)",644048
"24/11/2024 07:52:38",27.45199,40.26894,7.02,0.39,"ML",1.6,"Biga (Çanakkale)",644022
"23/11/2024 09:16:32",29.37541,40.28956,10.51,0.49,"ML",2.3,"Kestel (Bursa)",643956
"23/11/2024 09:11:33",29.3952,40.33815,6.71,0.52,"ML",1.8,"Yenişehir (Bursa)",643957
"22/11/2024 14:51:08",28.83455,40.41483,7.06,0.35,"ML",2,"Marmara Denizi - Gemlik Körfezi - [04.70 km] Mudanya (Bursa)",643915
"22/11/2024 14:46:47",28.87114,40.39744,7.03,0.22,"ML",1.6,"Marmara Denizi - Gemlik Körfezi - [02.72 km] Mudanya (Bursa)",643917
"22/11/2024 13:25:28",29.42514,40.19577,7.02,0.39,"ML",1.5,"Kestel (Bursa)",643901
"21/11/2024 03:53:12",29.27719,40.6415,7,0.52,"ML",1.3,"Merkez (Yalova)",643790
"20/11/2024 12:13:05",28.82518,40.40051,7.03,0.32,"ML",1.8,"Marmara Denizi - Gemlik Körfezi - [02.98 km] Mudanya (Bursa)",643727
"20/11/2024 06:17:45",28.96993,40.77353,7.07,0.14,"ML",1.4,"Marmara Denizi - [09.45 km] Adalar (İstanbul)",643713
"20/11/2024 05:04:32",28.94283,40.7679,9.36,0.54,"ML",1.9,"Marmara Denizi - [10.44 km] Adalar (İstanbul)",643709
"20/11/2024 03:36:55",28.68325,40.38276,6.47,0.47,"ML",1.6,"Marmara Denizi - [04.43 km] Mudanya (Bursa)",643701
"20/11/2024 00:36:40",28.97634,40.65052,11.05,0.37,"ML",1.6,"Marmara Denizi - [03.72 km] Çınarcık (Yalova)",643686
"19/11/2024 20:36:53",28.9977,40.67558,5.39,0.35,"ML",1.3,"Marmara Denizi - [06.18 km] Çınarcık (Yalova)",643664
"19/11/2024 19:39:15",28.92745,40.76674,8.72,0.32,"ML",1.3,"Marmara Denizi - [12.08 km] Adalar (İstanbul)",643658
"19/11/2024 18:47:31",26.96417,40.27882,10.85,0.1,"ML",1.2,"Lapseki (Çanakkale)",643656
"19/11/2024 17:50:37",28.97803,40.65524,13.06,0.35,"ML",1.6,"Marmara Denizi - [04.31 km] Çınarcık (Yalova)",643650
"19/11/2024 17:25:51",28.95585,40.76085,6.99,0.36,"ML",1.1,"Marmara Denizi - [11.27 km] Adalar (İstanbul)",643645
"19/11/2024 16:38:33",28.96882,40.76594,6.99,0.26,"ML",1.7,"Marmara Denizi - [10.64 km] Adalar (İstanbul)",643635
"19/11/2024 15:58:19",29.62085,40.8567,4.4,0.42,"ML",1.1,"Dilovası (Kocaeli)",643632
"19/11/2024 14:34:13",27.00076,40.30716,7,0.1,"ML",1,"Lapseki (Çanakkale)",643627
"19/11/2024 14:08:40",27.44398,40.38528,7,0.47,"ML",2,"Marmara Denizi - Erdek Körfezi - [10.53 km] Biga (Çanakkale)",643618
"19/11/2024 13:17:34",29.1951,40.33704,7.06,0.3,"ML",1.3,"Gemlik (Bursa)",643614
"19/11/2024 10:46:15",26.9824,40.28599,10.27,0.31,"MW",3.7,"Lapseki (Çanakkale)",667526
"19/11/2024 09:16:41",26.99451,40.29031,7.13,0.23,"ML",1.4,"Biga (Çanakkale)",643579
"19/11/2024 02:21:09",29.16964,40.47206,8.69,0.36,"ML",1.6,"Gemlik (Bursa)",643555
"18/11/2024 23:38:53",29.2626,40.00194,6.98,0.28,"ML",1.6,"Keles (Bursa)",643549
"18/11/2024 16:29:55",28.87277,40.41051,7,0.2,"ML",1.6,"Marmara Denizi - Gemlik Körfezi - [03.86 km] Mudanya (Bursa)",643520
"18/11/2024 07:54:24",27.49686,40.74212,14.13,0.53,"ML",1.5,"Marmara Denizi - [12.03 km] Süleymanpaşa (Tekirdağ)",643484
"17/11/2024 19:49:14",28.71222,40.86341,7,0.44,"ML",1.5,"Marmara Denizi - [11.65 km] Avcılar (İstanbul)",643450
"17/11/2024 02:55:07",27.39703,40.00859,6.93,0.1,"ML",1.5,"Yenice (Çanakkale)",643378
"16/11/2024 19:58:21",26.56121,40.5135,21.08,0.31,"ML",2.1,"Ege Denizi - Saros Körfezi - [05.27 km] Gelibolu (Çanakkale)",643357
"16/11/2024 17:45:24",29.24959,40.00806,7.16,0.38,"ML",2.7,"Keles (Bursa)",643350
"15/11/2024 14:49:35",27.67989,40.78481,7,0.35,"ML",1.7,"Marmara Denizi - [15.58 km] Marmara (Balıkesir)",643265
"15/11/2024 13:04:07",29.77609,40.92361,6.95,0.3,"ML",1,"Körfez (Kocaeli)",643257
"15/11/2024 04:16:25",27.70668,40.80359,7.79,0.46,"ML",1.4,"Marmara Denizi - [17.80 km] Marmara (Balıkesir)",643198
"15/11/2024 04:15:07",27.70485,40.79381,7.06,0.3,"ML",1.3,"Marmara Denizi - [16.66 km] Marmara (Balıkesir)",643199
"15/11/2024 01:01:43",29.19509,40.62126,7,0.38,"ML",1.1,"Termal (Yalova)",643173
"15/11/2024 00:36:48",27.04756,40.26267,5.5,0.31,"ML",1.7,"Biga (Çanakkale)",643183
"14/11/2024 22:44:27",29.27206,40.62276,6.17,0.35,"ML",1.2,"Merkez (Yalova)",643165
"14/11/2024 09:55:08",29.21889,40.46145,6.89,0.11,"ML",1.3,"Gemlik (Bursa)",643111
"13/11/2024 21:17:34",26.9942,40.27754,7,0.72,"ML",2.2,"Biga (Çanakkale)",643081
"13/11/2024 15:16:01",27.03566,40.35258,7.01,0.44,"ML",1.7,"Biga (Çanakkale)",643062
"13/11/2024 14:11:40",29.18261,40.45028,7.03,0.12,"ML",1.3,"Gemlik (Bursa)",643051
"13/11/2024 13:00:48",28.15806,40.08088,7.59,0.23,"ML",1.7,"Susurluk (Balıkesir)",643049
"13/11/2024 00:29:28",27.72459,40.43318,7.16,0.28,"ML",1.5,"Marmara Denizi - [02.24 km] Erdek (Balıkesir)",642997
"12/11/2024 15:34:39",27.38763,40.70763,6.84,0.2,"ML",1.3,"Marmara Denizi - [06.66 km] Şarköy (Tekirdağ)",642956
"12/11/2024 05:58:01",28.41449,40.75583,7.15,0.39,"ML",1.6,"Marmara Denizi - [28.22 km] Büyükçekmece (İstanbul)",642890
"12/11/2024 00:51:17",27.19451,40.34806,5.74,0.47,"ML",1.3,"Biga (Çanakkale)",642862
"11/11/2024 20:39:06",27.38835,40.17659,7,0.35,"ML",1.6,"Biga (Çanakkale)",642838
"11/11/2024 03:11:35",28.69839,40.76337,7.01,0.75,"ML",1.8,"Marmara Denizi - [22.28 km] Beylikdüzü (İstanbul)",642784
"08/11/2024 19:16:16",27.5905,40.3816,6.97,0.43,"ML",1.6,"Marmara Denizi - Erdek Körfezi - [08.76 km] Erdek (Balıkesir)",642592
"08/11/2024 02:39:14",27.12076,40.48426,8.1,0.7,"ML",1.7,"Marmara Denizi - [06.23 km] Biga (Çanakkale)",642538
"06/11/2024 20:19:18",27.85215,40.52901,7.08,0.58,"ML",1.7,"Marmara Denizi - [03.53 km] Erdek (Balıkesir)",642452
"06/11/2024 00:12:22",29.20865,40.56161,7,0.12,"ML",1.3,"Merkez (Yalova)",642366
"05/11/2024 14:59:59",28.83502,40.40212,6.15,0.28,"ML",2.9,"Marmara Denizi - Gemlik Körfezi - [02.77 km] Mudanya (Bursa)",642312
"05/11/2024 12:23:36",28.6769,40.06013,16.64,0.36,"ML",1.6,"Mustafakemalpaşa (Bursa)",642295
"05/11/2024 10:23:00",28.422,40.821,6.96,0.72,"ML",1.5,"Marmara Denizi - [20.99 km] Büyükçekmece (İstanbul)",642281
"05/11/2024 05:54:13",29.19121,40.3654,6.83,0.1,"ML",1,"Gemlik (Bursa)",642265
"05/11/2024 04:25:29",28.73763,40.40257,6.95,0.48,"ML",1.3,"Marmara Denizi - [04.93 km] Mudanya (Bursa)",642268
"05/11/2024 00:26:44",28.48772,40.09441,7,0.44,"ML",1.3,"Mustafakemalpaşa (Bursa)",642237
"04/11/2024 13:41:22",29.18791,40.47699,10.36,0.34,"ML",2.1,"Gemlik (Bursa)",642197
"04/11/2024 10:46:52",28.69195,40.04116,7.02,0.19,"ML",1.7,"Mustafakemalpaşa (Bursa)",642185
"03/11/2024 03:04:15",27.03768,40.36829,7,0.25,"ML",1.6,"Biga (Çanakkale)",642079
"02/11/2024 22:48:33",26.94575,40.26747,6.2,0.43,"ML",1.4,"Lapseki (Çanakkale)",642042
"02/11/2024 20:59:26",27.74163,40.79652,7,0.42,"ML",1.5,"Marmara Denizi - [18.23 km] Marmara (Balıkesir)",642039
"02/11/2024 04:56:58",29.04939,40.03457,6.97,0.44,"ML",1.4,"Orhaneli (Bursa)",641970
"01/11/2024 14:36:44",27.75053,40.66731,7,0.64,"ML",1.3,"Marmara Denizi - [07.62 km] Marmara (Balıkesir)",641875
"01/11/2024 10:44:01",29.99906,40.68235,7,0.57,"ML",1.4,"Başiskele (Kocaeli)",641851
"01/11/2024 10:38:04",29.84964,40.23179,6.58,0.25,"ML",1.1,"Merkez (Bilecik)",641849
"31/10/2024 04:03:50",27.48803,40.79596,7,0.6,"ML",1.3,"Marmara Denizi - [08.22 km] Süleymanpaşa (Tekirdağ)",641744
"30/10/2024 23:14:43",27.43767,40.74233,7,0.59,"ML",1.5,"Marmara Denizi - [08.16 km] Şarköy (Tekirdağ)",641716
"30/10/2024 07:27:34",28.83043,40.40193,8.75,0.32,"ML",2.1,"Marmara Denizi - Gemlik Körfezi - [02.71 km] Mudanya (Bursa)",641647
"30/10/2024 07:12:10",28.85643,40.37121,5.13,0.27,"ML",1.3,"Mudanya (Bursa)",641646
"30/10/2024 05:08:55",28.82136,40.41647,8.84,0.32,"ML",1.8,"Marmara Denizi - Gemlik Körfezi - [04.50 km] Mudanya (Bursa)",641634
"29/10/2024 20:24:08",27.72123,40.18806,8.97,0.31,"ML",2.1,"Gönen (Balıkesir)",641591
"29/10/2024 12:04:28",27.0668,40.30288,5.11,0.32,"ML",1.8,"Biga (Çanakkale)",641568
"28/10/2024 20:45:25",27.69872,40.04276,7,0.76,"ML",1.4,"Gönen (Balıkesir)",641528
"28/10/2024 14:45:20",29.16726,40.50762,10.44,0.75,"ML",2.3,"Gemlik (Bursa)",641511
"28/10/2024 11:28:18",28.67954,40.39359,6.92,0.33,"ML",1,"Marmara Denizi - [05.89 km] Mudanya (Bursa)",641497
"28/10/2024 11:15:57",28.8303,40.41599,7,0.36,"ML",1.3,"Marmara Denizi - Gemlik Körfezi - [04.59 km] Mudanya (Bursa)",641496
"28/10/2024 10:36:08",27.74759,40.08917,6.96,0.25,"ML",1.9,"Gönen (Balıkesir)",641490
"25/10/2024 18:19:57",28.84502,40.03983,10.25,0.39,"ML",1.7,"Orhaneli (Bursa)",641203
"25/10/2024 15:35:42",29.95176,40.75026,7,0.18,"ML",1.2,"İzmit (Kocaeli)",641192
"25/10/2024 12:38:24",28.60147,40.06638,8.04,0.79,"ML",1.7,"Mustafakemalpaşa (Bursa)",641181
"25/10/2024 09:41:39",27.44694,40.66857,6.69,0.34,"ML",1.3,"Marmara Denizi - [10.19 km] Marmara (Balıkesir)",641163
"24/10/2024 23:50:30",27.60488,40.75364,6.88,0.38,"ML",2.2,"Marmara Denizi - [12.56 km] Marmara (Balıkesir)",641131
"24/10/2024 21:21:05",27.4274,40.65371,5.82,0.49,"ML",1.5,"Marmara Denizi - [10.41 km] Marmara (Balıkesir)",641120
"24/10/2024 01:21:49",28.34024,40.01213,6.95,0.51,"ML",1.5,"Mustafakemalpaşa (Bursa)",641036
"23/10/2024 22:27:05",29.04537,40.60015,8.98,0.35,"ML",1.3,"Çınarcık (Yalova)",641022
"23/10/2024 21:53:31",27.03535,40.36732,10.18,0.37,"ML",2.3,"Biga (Çanakkale)",641018
"23/10/2024 21:46:00",26.2815,40.39011,7.37,0.32,"ML",1.3,"Ege Denizi - Saros Körfezi - [08.65 km] Eceabat (Çanakkale)",641019
"23/10/2024 11:24:27",27.40117,40.74828,12.31,0.19,"ML",1.6,"Marmara Denizi - [06.21 km] Şarköy (Tekirdağ)",640974
"22/10/2024 04:50:46",26.29491,40.40829,7,0.38,"ML",1.6,"Ege Denizi - Saros Körfezi - [10.71 km] Eceabat (Çanakkale)",640862
"21/10/2024 21:15:24",29.22876,40.62995,10.74,0.48,"ML",1.4,"Merkez (Yalova)",640831
"21/10/2024 20:52:51",27.50007,40.64438,18.29,0.62,"ML",2.6,"Marmara Denizi - [05.08 km] Marmara (Balıkesir)",640835
"21/10/2024 19:45:43",28.84458,40.40088,6.93,0.47,"ML",1.6,"Marmara Denizi - Gemlik Körfezi - [02.48 km] Mudanya (Bursa)",640830
"21/10/2024 15:01:01",27.377,40.77003,5.59,0.44,"ML",2.1,"Marmara Denizi - [03.05 km] Şarköy (Tekirdağ)",640810
"21/10/2024 10:24:52",29.96426,40.06678,12,0.05,"ML",1.1,"Merkez (Bilecik)",640793
"20/10/2024 14:29:46",28.83992,40.43978,7,0.71,"ML",1.9,"Marmara Denizi - Gemlik Körfezi - [06.48 km] Armutlu (Yalova)",640743
"20/10/2024 06:43:42",27.47506,40.56248,12.89,0.17,"ML",1.8,"Marmara Denizi - [02.00 km] Marmara (Balıkesir)",640717
"19/10/2024 15:21:32",29.11776,40.24823,7,0.25,"ML",1.3,"Osmangazi (Bursa)",640655
"18/10/2024 22:25:19",29.99792,40.6854,7,0.1,"ML",1.1,"Başiskele (Kocaeli)",640585
"18/10/2024 16:41:11",26.99103,40.02261,7,0.29,"ML",1.1,"Çan (Çanakkale)",640571
"18/10/2024 15:04:13",27.01862,40.10571,6.99,0.84,"ML",1.6,"Çan (Çanakkale)",640565
"18/10/2024 09:46:00",26.37882,40.4696,7,0.14,"ML",1.5,"Ege Denizi - Saros Körfezi - [11.55 km] Gelibolu (Çanakkale)",640535
"16/10/2024 10:16:06",28.89292,40.39991,6.88,0.47,"ML",1.6,"Marmara Denizi - Gemlik Körfezi - [03.29 km] Mudanya (Bursa)",640164
"16/10/2024 03:14:00",27.04134,40.34978,7,0.91,"ML",1.7,"Biga (Çanakkale)",640144
"15/10/2024 19:05:27",27.90628,40.8487,6.92,0.72,"ML",1.4,"Marmara Denizi - [12.47 km] Marmaraereğlisi (Tekirdağ)",640121
"14/10/2024 20:59:11",28.82721,40.41134,7.01,0.38,"ML",1.5,"Marmara Denizi - Gemlik Körfezi - [04.04 km] Mudanya (Bursa)",640036
"14/10/2024 20:43:19",28.82396,40.42923,7,0.44,"ML",1.9,"Marmara Denizi - Gemlik Körfezi - [05.18 km] Mudanya (Bursa)",640033
"14/10/2024 20:41:49",28.83683,40.41195,7.04,0.47,"ML",2.3,"Marmara Denizi - Gemlik Körfezi - [04.12 km] Mudanya (Bursa)",640032
"14/10/2024 20:27:29",28.83916,40.40541,7.03,0.37,"ML",2.5,"Marmara Denizi - Gemlik Körfezi - [03.72 km] Mudanya (Bursa)",640028
"14/10/2024 15:12:26",29.20461,40.46367,11.8,0.35,"ML",1.5,"Gemlik (Bursa)",640017
"14/10/2024 14:04:41",28.79792,40.59305,7.02,0.25,"ML",1.6,"Marmara Denizi - [06.39 km] Armutlu (Yalova)",640008
"14/10/2024 10:30:53",28.72539,40.01458,6.84,0.54,"ML",1.4,"Mustafakemalpaşa (Bursa)",639993
"14/10/2024 00:14:44",27.20684,40.37709,7.07,0.44,"ML",1,"Biga (Çanakkale)",639956
"10/10/2024 13:22:47",28.64848,40.03353,9.89,0.15,"ML",1.3,"Mustafakemalpaşa (Bursa)",639796
"10/10/2024 12:58:24",28.21506,40.82297,18.26,0.59,"ML",1.5,"Marmara Denizi - [26.41 km] Silivri (İstanbul)",639794
"10/10/2024 09:34:50",27.88284,40.71831,6.67,0.36,"ML",1.4,"Marmara Denizi - [19.52 km] Marmara (Balıkesir)",639780
"09/10/2024 22:25:04",26.99039,40.35985,7,0.74,"ML",1.4,"Lapseki (Çanakkale)",639759
"09/10/2024 01:35:07",29.05462,40.59545,11.33,0.6,"ML",1.4,"Çınarcık (Yalova)",639709
"08/10/2024 08:20:29",29.96587,40.3505,13.79,0.33,"ML",1.3,"Osmaneli (Bilecik)",639636
"08/10/2024 03:46:39",28.83447,40.77276,7.2,0.65,"ML",1.8,"Marmara Denizi - [16.12 km] Adalar (İstanbul)",639629
"07/10/2024 04:49:04",27.36397,40.53319,8.74,0.83,"ML",1.4,"Marmara Denizi - [09.60 km] Marmara (Balıkesir)",639558
"05/10/2024 23:30:26",29.13472,40.54868,7.36,0.32,"ML",1.2,"Gemlik (Bursa)",639504
"05/10/2024 16:23:01",29.11091,40.58548,9.81,0.15,"ML",1.1,"Çınarcık (Yalova)",639483
"05/10/2024 11:02:20",27.55325,40.41681,7,0.36,"ML",1.6,"Marmara Denizi - Erdek Körfezi - [07.23 km] Erdek (Balıkesir)",639471
"05/10/2024 06:00:23",27.50461,40.65804,12.15,0.25,"ML",1,"Marmara Denizi - [06.12 km] Marmara (Balıkesir)",639455
"05/10/2024 05:33:04",28.99741,40.7617,6.97,0.15,"ML",1.6,"Marmara Denizi - [10.83 km] Adalar (İstanbul)",639456
"04/10/2024 16:53:43",28.76181,40.04388,26.87,0.86,"ML",1.6,"Orhaneli (Bursa)",639437
"04/10/2024 13:02:09",27.53944,40.06747,7,0.42,"ML",1.1,"Gönen (Balıkesir)",639428
"03/10/2024 13:31:01",28.6049,40.05079,11.93,0.42,"ML",1.8,"Mustafakemalpaşa (Bursa)",639375
"03/10/2024 04:32:01",27.04291,40.03028,7.3,0.27,"ML",1.1,"Çan (Çanakkale)",639353
"03/10/2024 04:09:30",27.3881,40.74885,8.26,0.4,"ML",1,"Marmara Denizi - [04.74 km] Şarköy (Tekirdağ)",639349
"02/10/2024 03:03:40",26.36856,40.42546,6.8,0.33,"ML",1.3,"Ege Denizi - Saros Körfezi - [09.21 km] Gelibolu (Çanakkale)",639296
"29/09/2024 12:05:16",27.40073,40.19728,10.58,0.46,"ML",2.4,"Biga (Çanakkale)",639117
"29/09/2024 01:22:41",27.51378,40.45768,9.55,0.36,"ML",1.3,"Marmara Denizi - [04.10 km] Marmara (Balıkesir)",639086
"28/09/2024 23:40:09",26.81491,40.23066,18.71,0.33,"ML",1.3,"Lapseki (Çanakkale)",639088
"28/09/2024 16:08:34",28.63951,40.11778,7,0.79,"ML",0.9,"Mustafakemalpaşa (Bursa)",639066
"28/09/2024 11:14:20",28.82694,40.01009,23.07,0.49,"ML",1.5,"Orhaneli (Bursa)",639046
"27/09/2024 14:10:27",27.59193,40.65298,7,0.38,"ML",1.5,"Marmara Denizi, Marmara Adası, Marmara (Balıkesir)",638993
"27/09/2024 11:15:49",26.99814,40.38015,18.1,0.49,"ML",1.4,"Lapseki (Çanakkale)",638986
"26/09/2024 23:42:43",27.77215,40.79643,7.05,0.39,"ML",1.2,"Marmara Denizi - [19.59 km] Marmara (Balıkesir)",638932
"26/09/2024 23:38:44",27.66393,40.3986,11.99,0.32,"ML",1.5,"Marmara Denizi - Erdek Körfezi - [06.43 km] Erdek (Balıkesir)",638931
"26/09/2024 19:05:18",29.12141,40.85243,16.3,0.33,"ML",1,"Marmara Denizi - [00.68 km] Adalar (İstanbul)",638914
"26/09/2024 07:24:02",27.46018,40.77671,7.09,0.27,"ML",1.2,"Marmara Denizi - [07.59 km] Süleymanpaşa (Tekirdağ)",638867
"26/09/2024 07:22:14",27.46533,40.8014,7.23,0.3,"ML",1.6,"Marmara Denizi - [06.29 km] Süleymanpaşa (Tekirdağ)",638866
"25/09/2024 20:43:31",27.41115,40.56608,10.22,0.34,"ML",1.7,"Marmara Denizi - [06.36 km] Marmara (Balıkesir)",638855
"24/09/2024 12:53:31",27.81811,40.01967,7,0.93,"ML",1.2,"Manyas (Balıkesir)",638767
"22/09/2024 13:38:53",29.12793,40.41238,7.39,0.65,"ML",1.7,"Gemlik (Bursa)",638637
"22/09/2024 02:36:53",27.4665,40.67961,10.41,0.48,"ML",2.4,"Marmara Denizi - [09.36 km] Marmara (Balıkesir)",638593
"21/09/2024 23:47:22",27.44622,40.65161,8.11,0.39,"ML",1.8,"Marmara Denizi - [08.58 km] Marmara (Balıkesir)",638581
"21/09/2024 16:15:11",28.32361,40.85831,7.02,0.52,"ML",2.3,"Marmara Denizi - [22.05 km] Büyükçekmece (İstanbul)",638555
"21/09/2024 15:45:16",27.35978,40.55492,6.77,0.13,"ML",1.4,"Marmara Denizi - [10.16 km] Marmara (Balıkesir)",638553
"21/09/2024 09:58:24",27.64946,40.07127,11.97,0.22,"ML",1.5,"Gönen (Balıkesir)",638540
"20/09/2024 10:32:40",27.585,40.29609,7,0.21,"ML",1.8,"Gönen (Balıkesir)",638472
"20/09/2024 10:07:54",28.66916,40.86026,7.06,0.37,"ML",1.8,"Marmara Denizi - [10.97 km] Beylikdüzü (İstanbul)",638468
"20/09/2024 04:23:47",29.0761,40.6991,7.01,0.61,"ML",1.2,"Marmara Denizi - [06.75 km] Çınarcık (Yalova)",638460
"19/09/2024 16:58:54",29.12278,40.74707,26.3,0.55,"ML",2.2,"Marmara Denizi - [11.11 km] Adalar (İstanbul)",638434
"19/09/2024 11:26:47",28.62447,40.08064,12.1,0.57,"ML",1.3,"Mustafakemalpaşa (Bursa)",638418
"18/09/2024 13:27:47",27.72983,40.76518,6.82,0.32,"ML",1.8,"Marmara Denizi - [14.49 km] Marmara (Balıkesir)",638368
"18/09/2024 10:56:39",27.55994,40.35672,7.06,0.29,"ML",1.1,"Marmara Denizi - Erdek Körfezi - [10.12 km] Gönen (Balıkesir)",638359
"18/09/2024 10:10:39",28.82758,40.42799,2.83,0.35,"ML",1.7,"Marmara Denizi - Gemlik Körfezi - [05.80 km] Mudanya (Bursa)",638354
"18/09/2024 07:46:32",27.67261,40.7665,7.14,0.39,"ML",1.5,"Marmara Denizi - [13.98 km] Marmara (Balıkesir)",638347
"18/09/2024 06:59:42",26.37103,40.42296,7,0.37,"ML",1.8,"Ege Denizi - Saros Körfezi - [09.38 km] Gelibolu (Çanakkale)",638343
"17/09/2024 04:17:40",29.07,40.6322,5.14,0.48,"ML",1.4,"Çınarcık (Yalova)",638271
"17/09/2024 01:52:25",27.06733,40.07934,5.15,0.36,"ML",1.8,"Çan (Çanakkale)",638248
"16/09/2024 01:39:51",26.84688,40.31308,7.01,0.32,"ML",1.3,"Lapseki (Çanakkale)",638183
"15/09/2024 20:06:01",27.39635,40.03797,7.06,0.19,"ML",1.6,"Yenice (Çanakkale)",638175
"15/09/2024 03:05:03",28.41129,40.87066,7,0.84,"ML",1.4,"Marmara Denizi - [16.60 km] Büyükçekmece (İstanbul)",638146
"14/09/2024 13:07:43",26.32873,40.45287,6.98,0.27,"ML",1.8,"Ege Denizi - Saros Körfezi - [13.92 km] Gelibolu (Çanakkale)",638108
"14/09/2024 09:35:58",27.3815,40.73577,8.63,0.36,"ML",2.4,"Marmara Denizi - [04.60 km] Şarköy (Tekirdağ)",638097
"13/09/2024 11:49:04",29.17978,40.47306,10.77,0.39,"ML",1.9,"Gemlik (Bursa)",638045
"13/09/2024 11:36:59",28.31395,40.85814,6.99,0.7,"ML",1.7,"Marmara Denizi - [21.63 km] Silivri (İstanbul)",638039
"13/09/2024 05:18:25",26.98,40.31216,7,0.3,"ML",1.1,"Lapseki (Çanakkale)",638020
"13/09/2024 05:13:00",26.99483,40.28834,7.86,0.29,"ML",1.3,"Biga (Çanakkale)",638019
"12/09/2024 17:45:44",28.87914,40.39761,9.64,0.43,"ML",2.1,"Marmara Denizi - Gemlik Körfezi - [03.30 km] Mudanya (Bursa)",637971
"12/09/2024 03:48:10",29.0187,40.62021,7,0.33,"ML",1.5,"Çınarcık (Yalova)",637904
"10/09/2024 10:13:57",27.91694,40.83503,6.9,0.48,"ML",1.4,"Marmara Denizi - [14.44 km] Marmaraereğlisi (Tekirdağ)",637764
"09/09/2024 13:20:13",28.78466,40.27016,7,0.86,"ML",1.8,"Mudanya (Bursa)",637716
"08/09/2024 14:06:17",27.93622,40.80918,7.02,0.6,"ML",2.2,"Marmara Denizi - [16.82 km] Marmaraereğlisi (Tekirdağ)",637669
"08/09/2024 06:45:36",29.06184,40.61317,7,0.41,"ML",2.4,"Çınarcık (Yalova)",637650
"08/09/2024 05:48:23",28.14493,40.43703,6.66,0.45,"ML",1.7,"Marmara Denizi - [06.42 km] Bandırma (Balıkesir)",637649
"06/09/2024 04:24:06",28.87287,40.40113,6.99,0.45,"ML",1.5,"Marmara Denizi - Gemlik Körfezi - [02.83 km] Mudanya (Bursa)",637546
"05/09/2024 12:36:57",28.59833,40.08747,16.53,0.47,"ML",1.5,"Mustafakemalpaşa (Bursa)",637506
"05/09/2024 03:24:49",28.11083,40.45162,6.17,0.36,"ML",1.3,"Marmara Denizi - [07.99 km] Bandırma (Balıkesir)",637472
"04/09/2024 19:00:55",27.58547,40.04206,7,0.4,"ML",1.2,"Gönen (Balıkesir)",637441
"04/09/2024 13:35:45",29.94048,40.89788,7,0.6,"ML",0.6,"İzmit (Kocaeli)",637423
"04/09/2024 11:38:13",27.3812,40.75371,21.6,0.54,"ML",2.8,"Marmara Denizi - [04.63 km] Şarköy (Tekirdağ)",637413
"04/09/2024 07:38:09",27.39833,40.15078,6.94,0.46,"ML",2.5,"Gönen (Balıkesir)",637401
"03/09/2024 16:03:06",26.89098,40.24489,16.46,0.15,"ML",1,"Lapseki (Çanakkale)",637378
"03/09/2024 15:20:39",26.9494,40.05341,7,0.99,"ML",1.2,"Çan (Çanakkale)",637374
"03/09/2024 14:24:43",28.87337,40.40605,7.02,0.24,"ML",2.3,"Marmara Denizi - Gemlik Körfezi - [03.30 km] Mudanya (Bursa)",637368
"03/09/2024 12:36:41",26.38099,40.44277,7,0.22,"ML",1.2,"Ege Denizi - Saros Körfezi - [09.43 km] Gelibolu (Çanakkale)",637354
"02/09/2024 14:07:19",27.04197,40.13379,6.7,0.28,"ML",1.1,"Çan (Çanakkale)",637286
"02/09/2024 09:23:24",27.03663,40.13705,7,0.33,"ML",1.6,"Çan (Çanakkale)",637271
"02/09/2024 08:01:43",27.0213,40.09632,7,0.29,"ML",1.6,"Çan (Çanakkale)",637268
"02/09/2024 07:43:54",27.04857,40.12836,7,0.41,"ML",1.8,"Çan (Çanakkale)",637267
"01/09/2024 17:59:59",27.03689,40.36335,7.02,0.41,"ML",2.4,"Biga (Çanakkale)",637215
"01/09/2024 13:06:11",27.74678,40.38753,7.04,0.23,"ML",1.4,"Marmara Denizi - Erdek Körfezi - [03.22 km] Erdek (Balıkesir)",637209
"01/09/2024 08:24:25",28.0347,40.87656,5.56,0.37,"ML",1.6,"Marmara Denizi - [11.43 km] Marmaraereğlisi (Tekirdağ)",637188
"31/08/2024 13:50:46",27.43708,40.00977,8.36,0.35,"ML",2,"Yenice (Çanakkale)",637152
"31/08/2024 03:23:37",27.6865,40.31204,5.1,0.37,"ML",1.3,"Marmara Denizi - Erdek Körfezi - [01.96 km] Bandırma (Balıkesir)",637118
"31/08/2024 01:59:56",27.95349,40.33444,5.81,0.41,"ML",1.3,"Bandırma (Balıkesir)",637110
"31/08/2024 01:42:02",27.14468,40.30094,5.19,0.43,"ML",1,"Biga (Çanakkale)",637109
"31/08/2024 00:59:30",27.14379,40.31761,6.99,0.25,"ML",1.6,"Biga (Çanakkale)",637102
"30/08/2024 14:20:07",28.68333,40.78602,6.56,0.76,"ML",1.8,"Marmara Denizi - [20.03 km] Beylikdüzü (İstanbul)",637069
"29/08/2024 11:08:00",28.91962,40.05952,11.95,0.13,"ML",1.2,"Orhaneli (Bursa)",637005
"29/08/2024 05:45:07",27.39706,40.74486,10.19,0.27,"ML",2.2,"Marmara Denizi - [05.59 km] Şarköy (Tekirdağ)",636993
"27/08/2024 05:48:55",29.23182,40.31027,7,0.75,"ML",1.6,"Gürsu (Bursa)",636826
"26/08/2024 19:24:51",29.10722,40.62932,9.38,0.75,"ML",2.8,"Çınarcık (Yalova)",636802
"26/08/2024 17:11:41",27.40012,40.39611,7.01,0.4,"ML",2.3,"Marmara Denizi - Erdek Körfezi - [07.12 km] Biga (Çanakkale)",636798
"26/08/2024 10:54:10",27.71729,40.00198,7,0.31,"ML",1.4,"Gönen (Balıkesir)",636782
"25/08/2024 17:23:06",28.10493,40.07409,8.59,0.21,"ML",1.2,"Susurluk (Balıkesir)",636740
"25/08/2024 09:58:38",27.75874,40.41655,7,0.64,"ML",1.4,"Marmara Denizi - Erdek Körfezi - [01.48 km] Erdek (Balıkesir)",636726
"24/08/2024 08:47:21",27.45745,40.79389,7.59,0.36,"ML",1.8,"Marmara Denizi - [06.44 km] Süleymanpaşa (Tekirdağ)",636666
"23/08/2024 06:22:16",27.02264,40.35834,7,0.83,"ML",1.9,"Lapseki (Çanakkale)",636506
"22/08/2024 21:55:11",28.87147,40.6279,5.13,0.71,"ML",1.4,"Marmara Denizi - [05.84 km] Çınarcık (Yalova)",636482
"22/08/2024 12:57:17",28.64808,40.77559,7.04,0.38,"ML",2.4,"Marmara Denizi - [20.43 km] Beylikdüzü (İstanbul)",636455
"22/08/2024 12:06:09",29.74084,40.19799,7,0.19,"ML",1,"Yenişehir (Bursa)",636459
"22/08/2024 09:49:14",27.79257,40.42649,6.98,0.28,"ML",1.5,"Erdek (Balıkesir)",636442
"20/08/2024 06:55:33",27.45993,40.7846,6.99,0.49,"ML",1.1,"Marmara Denizi - [06.74 km] Süleymanpaşa (Tekirdağ)",636264
"19/08/2024 13:35:38",27.05372,40.05669,7,0.9,"ML",1.5,"Çan (Çanakkale)",636168
"18/08/2024 21:02:07",29.05622,40.64611,6.23,0.56,"ML",1.8,"Marmara Denizi - [00.73 km] Çınarcık (Yalova)",636110
"18/08/2024 21:01:14",29.03013,40.63672,7,0.73,"ML",1.8,"Çınarcık (Yalova)",636109
"18/08/2024 14:52:48",29.27333,40.66322,10.95,0.32,"ML",1.4,"Marmara Denizi - [01.10 km] Merkez (Yalova)",636094
"18/08/2024 07:36:06",27.4536,40.79111,6.96,0.56,"ML",1.3,"Marmara Denizi - [06.49 km] Süleymanpaşa (Tekirdağ)",636074
"16/08/2024 09:07:31",28.06912,40.35039,9.37,0.26,"ML",1.4,"Bandırma (Balıkesir)",635938
"15/08/2024 13:47:41",28.91648,40.40785,9.98,0.31,"ML",2.4,"Marmara Denizi - Gemlik Körfezi - [05.69 km] Mudanya (Bursa)",635851
"15/08/2024 07:51:46",29.10541,40.70948,6.49,0.64,"ML",1.5,"Marmara Denizi - [07.75 km] Çınarcık (Yalova)",635826
"15/08/2024 06:20:31",28.97232,40.41415,7,0.58,"MW",3.6,"Marmara Denizi - Gemlik Körfezi - [04.75 km] Armutlu (Yalova)",635819
"15/08/2024 02:34:13",28.92165,40.42648,6.88,0.89,"ML",1.6,"Marmara Denizi - Gemlik Körfezi - [05.14 km] Armutlu (Yalova)",635811
"14/08/2024 09:40:17",28.85484,40.4109,7,0.32,"ML",1.4,"Marmara Denizi - Gemlik Körfezi - [03.59 km] Mudanya (Bursa)",635734
"14/08/2024 05:49:47",29.16863,40.24911,9.86,0.34,"ML",1.7,"Gürsu (Bursa)",635724
"13/08/2024 07:14:26",27.01565,40.28499,7,0.47,"ML",1.2,"Biga (Çanakkale)",635642
"12/08/2024 13:01:04",28.69146,40.01472,22.54,0.13,"ML",1.4,"Mustafakemalpaşa (Bursa)",635580
"12/08/2024 12:33:44",27.00194,40.0656,16.5,0.88,"ML",1.5,"Çan (Çanakkale)",635577
"12/08/2024 08:45:26",27.44771,40.80204,7.03,0.69,"ML",1.4,"Marmara Denizi - [04.88 km] Süleymanpaşa (Tekirdağ)",635566
"12/08/2024 08:18:15",27.56503,40.06172,9.77,0.45,"ML",2.3,"Gönen (Balıkesir)",635563
"12/08/2024 05:24:55",27.44,40.76811,6.96,0.45,"ML",2.1,"Marmara Denizi - [06.85 km] Süleymanpaşa (Tekirdağ)",635544
"11/08/2024 21:40:07",27.01639,40.36483,9.97,0.43,"ML",2.4,"Lapseki (Çanakkale)",635494
"11/08/2024 15:56:46",27.43692,40.77396,7.02,0.41,"ML",2.4,"Marmara Denizi - [06.18 km] Süleymanpaşa (Tekirdağ)",635471
"11/08/2024 15:45:30",27.45611,40.78632,7.75,0.43,"ML",2.1,"Marmara Denizi - [06.93 km] Süleymanpaşa (Tekirdağ)",635470
"09/08/2024 19:16:10",27.95232,40.46719,11.55,0.32,"ML",1.6,"Erdek (Balıkesir)",635362
"09/08/2024 11:38:50",27.45043,40.76197,14.8,0.28,"ML",2.2,"Marmara Denizi - [07.73 km] Süleymanpaşa (Tekirdağ)",635329
"09/08/2024 05:53:08",28.7987,40.59559,7.02,0.84,"ML",1.5,"Marmara Denizi - [06.03 km] Armutlu (Yalova)",635314
"08/08/2024 07:15:58",28.84444,40.43752,7,0.38,"ML",1.4,"Marmara Denizi - Gemlik Körfezi - [06.53 km] Mudanya (Bursa)",635242
"07/08/2024 15:24:51",29.60957,40.841,7,0.68,"ML",1.5,"Dilovası (Kocaeli)",635188
"07/08/2024 12:53:02",28.27273,40.86063,7.53,0.38,"ML",1.3,"Marmara Denizi - [22.38 km] Silivri (İstanbul)",635180
"07/08/2024 08:14:06",27.35012,40.7476,7,0.31,"ML",1.4,"Marmara Denizi - [02.33 km] Şarköy (Tekirdağ)",635146
"07/08/2024 06:46:08",28.86964,40.39624,7.03,0.74,"ML",1.7,"Marmara Denizi - Gemlik Körfezi - [02.80 km] Mudanya (Bursa)",635138
"06/08/2024 07:35:24",27.40338,40.65011,6.34,0.43,"ML",1.5,"Marmara Denizi - [10.25 km] Şarköy (Tekirdağ)",635064
"06/08/2024 07:02:58",28.80207,40.42145,7,0.55,"ML",1.2,"Marmara Denizi - Gemlik Körfezi - [04.19 km] Mudanya (Bursa)",635059
"06/08/2024 03:59:57",28.78052,40.60773,7,0.58,"ML",1.5,"Marmara Denizi - [08.25 km] Armutlu (Yalova)",635011
"06/08/2024 02:54:27",28.78325,40.57868,9.16,0.58,"ML",1.2,"Marmara Denizi - [06.78 km] Armutlu (Yalova)",635027
"06/08/2024 00:51:34",27.45831,40.7873,9.42,0.46,"ML",1.4,"Marmara Denizi - [06.74 km] Süleymanpaşa (Tekirdağ)",635008
"05/08/2024 20:42:58",27.47188,40.78673,6.51,0.4,"ML",1.7,"Marmara Denizi - [07.61 km] Süleymanpaşa (Tekirdağ)",634981
"05/08/2024 18:31:07",27.45174,40.78076,10.39,0.34,"ML",1.6,"Marmara Denizi - [06.40 km] Süleymanpaşa (Tekirdağ)",634973
"05/08/2024 18:04:55",27.5487,40.36396,11.83,0.49,"ML",1.8,"Marmara Denizi - Erdek Körfezi - [10.92 km] Gönen (Balıkesir)",634971
"05/08/2024 13:18:34",27.47117,40.78433,7.01,0.3,"ML",1.4,"Marmara Denizi - [07.44 km] Süleymanpaşa (Tekirdağ)",634958
"05/08/2024 05:56:56",27.61715,40.78462,12.19,0.52,"ML",1.5,"Marmara Denizi - [15.56 km] Marmara (Balıkesir)",634924
"05/08/2024 05:52:32",27.59821,40.81248,6.99,0.44,"ML",2.2,"Marmara Denizi - [13.43 km] Süleymanpaşa (Tekirdağ)",634923
"05/08/2024 02:40:58",27.44285,40.77768,6.99,0.41,"ML",1.2,"Marmara Denizi - [06.13 km] Süleymanpaşa (Tekirdağ)",634917
"05/08/2024 02:24:20",27.4445,40.77879,10.7,0.2,"ML",1.1,"Marmara Denizi - [06.59 km] Süleymanpaşa (Tekirdağ)",634919
"05/08/2024 02:17:24",27.42928,40.78007,7.82,0.3,"ML",1,"Marmara Denizi - [05.77 km] Süleymanpaşa (Tekirdağ)",634920
"05/08/2024 02:03:51",27.45765,40.77372,5.89,0.24,"ML",1,"Marmara Denizi - [07.58 km] Süleymanpaşa (Tekirdağ)",634918
"05/08/2024 01:49:45",27.43984,40.78914,9.75,0.86,"ML",1.2,"Marmara Denizi - [05.23 km] Süleymanpaşa (Tekirdağ)",634914
"05/08/2024 01:48:17",27.44594,40.80249,7.23,0.61,"ML",1.7,"Marmara Denizi - [05.52 km] Süleymanpaşa (Tekirdağ)",634912
"05/08/2024 01:45:39",27.4488,40.80426,8.54,0.65,"ML",1.4,"Marmara Denizi - [05.01 km] Süleymanpaşa (Tekirdağ)",634913
"05/08/2024 00:41:26",27.4578,40.78619,5.13,0.57,"ML",2.2,"Marmara Denizi - [06.20 km] Süleymanpaşa (Tekirdağ)",634906
"05/08/2024 00:40:49",27.45843,40.78171,11.25,0.39,"ML",1.7,"Marmara Denizi - [06.42 km] Süleymanpaşa (Tekirdağ)",634907
"05/08/2024 00:39:07",27.44889,40.7882,5.41,0.57,"ML",1.7,"Marmara Denizi - [05.86 km] Süleymanpaşa (Tekirdağ)",634908
"05/08/2024 00:34:06",27.46168,40.78289,14.38,0.86,"ML",3.5,"Marmara Denizi - [07.14 km] Süleymanpaşa (Tekirdağ)",634903
"05/08/2024 00:31:57",27.449,40.79517,7.1,0.62,"ML",2.3,"Marmara Denizi - [05.78 km] Süleymanpaşa (Tekirdağ)",634904
"04/08/2024 07:48:29",26.98018,40.16932,16.96,0.5,"ML",1.6,"Biga (Çanakkale)",634852
"03/08/2024 06:45:53",29.2105,40.46774,7.52,0.43,"ML",1.1,"Gemlik (Bursa)",634783
"02/08/2024 22:01:43",27.36465,40.76197,5.04,0.25,"ML",1.4,"Marmara Denizi - [03.32 km] Şarköy (Tekirdağ)",634722
"02/08/2024 17:12:44",28.83139,40.41923,7.02,0.28,"ML",1.4,"Marmara Denizi - Gemlik Körfezi - [04.48 km] Mudanya (Bursa)",634693
"02/08/2024 08:50:47",28.86642,40.41639,7,0.59,"ML",1.2,"Marmara Denizi - Gemlik Körfezi - [04.41 km] Mudanya (Bursa)",634657
"01/08/2024 20:14:37",27.40034,40.1609,7,0.71,"ML",2.5,"Gönen (Balıkesir)",634628
"01/08/2024 03:43:30",28.0165,40.26972,7.61,0.28,"ML",1.4,"Bandırma (Balıkesir)",634587
"01/08/2024 03:00:33",27.76459,40.80291,6.35,0.36,"ML",1.7,"Marmara Denizi - [20.34 km] Marmara (Balıkesir)",634586
"01/08/2024 00:23:43",27.97765,40.02092,11.92,0.22,"ML",1.5,"Manyas (Balıkesir)",634568
"31/07/2024 13:13:11",27.40108,40.65438,7,0.18,"ML",1.9,"Marmara Denizi - [10.25 km] Şarköy (Tekirdağ)",634544
"31/07/2024 04:02:23",29.0411,40.579,7.08,0.64,"ML",1.3,"Çınarcık (Yalova)",634512
"31/07/2024 01:32:21",28.78487,40.59974,7.02,0.52,"ML",1.7,"Marmara Denizi - [07.05 km] Armutlu (Yalova)",634507
"30/07/2024 20:18:23",28.7811,40.6173,6.93,0.55,"ML",1.6,"Marmara Denizi - [08.68 km] Armutlu (Yalova)",634498
"30/07/2024 18:51:11",28.80956,40.59169,7.07,0.25,"ML",2.4,"Marmara Denizi - [05.33 km] Armutlu (Yalova)",634493
"30/07/2024 18:19:47",28.80468,40.58386,7.03,0.33,"ML",2.7,"Marmara Denizi - [05.12 km] Armutlu (Yalova)",634491
"30/07/2024 12:10:39",28.18313,40.88292,6.97,0.47,"ML",2.1,"Marmara Denizi - [20.30 km] Silivri (İstanbul)",634462
"29/07/2024 03:03:54",28.8651,40.43376,11.89,0.46,"ML",1.5,"Marmara Denizi - Gemlik Körfezi - [06.07 km] Mudanya (Bursa)",634337
"29/07/2024 01:20:42",28.86239,40.4177,5,0.47,"ML",1.5,"Marmara Denizi - Gemlik Körfezi - [04.97 km] Mudanya (Bursa)",634357
"28/07/2024 20:45:20",27.44935,40.27967,9.59,0.42,"ML",1.5,"Biga (Çanakkale)",634311
"28/07/2024 19:32:47",28.83009,40.46713,7.18,0.36,"ML",1.2,"Marmara Denizi - Gemlik Körfezi - [04.09 km] Armutlu (Yalova)",634304
"28/07/2024 19:23:43",28.90972,40.44588,6.63,0.45,"ML",1.1,"Marmara Denizi - Gemlik Körfezi - [04.83 km] Armutlu (Yalova)",634303
"28/07/2024 09:55:26",28.85697,40.41384,7.02,0.49,"ML",1.7,"Marmara Denizi - Gemlik Körfezi - [03.58 km] Mudanya (Bursa)",634282
"28/07/2024 04:12:14",27.03745,40.33513,7.57,0.93,"ML",1,"Biga (Çanakkale)",634266
"27/07/2024 16:14:19",27.64967,40.0153,9.81,0.15,"ML",2.5,"Gönen (Balıkesir)",634240
"26/07/2024 14:13:16",29.27511,40.4949,8.22,0.28,"ML",1.3,"Orhangazi (Bursa)",634168
"26/07/2024 11:38:39",27.45761,40.86961,7,0.78,"ML",1.2,"Marmara Denizi - [00.54 km] Süleymanpaşa (Tekirdağ)",634157
"26/07/2024 06:56:47",28.8976,40.19725,7.09,0.6,"ML",1.6,"Nilüfer (Bursa)",634139
"25/07/2024 04:51:55",29.17988,40.44891,7,0.81,"ML",1.3,"Gemlik (Bursa)",634085
"21/07/2024 02:11:00",27.16725,40.38944,6.99,0.41,"ML",1.7,"Biga (Çanakkale)",633782
"20/07/2024 03:36:29",28.79821,40.1786,7,0.62,"ML",2,"Nilüfer (Bursa)",633727
"19/07/2024 22:26:18",27.40945,40.64449,3.66,9.78,"MW",4.1,"Marmara Denizi - [10.87 km] Marmara (Balıkesir)",633719
"18/07/2024 22:01:54",28.88571,40.19434,7.03,0.41,"ML",2.3,"Nilüfer (Bursa)",633666
"18/07/2024 20:29:19",28.86347,40.20068,7.01,0.32,"ML",3,"Nilüfer (Bursa)",633660
"18/07/2024 18:41:52",27.16979,40.064,13.41,0.38,"ML",3.1,"Çan (Çanakkale)",633655
"18/07/2024 09:38:47",26.99831,40.28306,6.54,0.17,"ML",1.8,"Biga (Çanakkale)",633642
"18/07/2024 09:31:57",27.01593,40.27611,6.86,0.45,"ML",1.8,"Biga (Çanakkale)",633641
"17/07/2024 00:16:06",28.87875,40.15972,11.7,0.57,"ML",1.6,"Nilüfer (Bursa)",633498
"16/07/2024 08:54:03",27.44139,40.77029,11.46,0.47,"ML",2.7,"Marmara Denizi - [07.26 km] Süleymanpaşa (Tekirdağ)",633446
"14/07/2024 01:02:54",28.84528,40.40293,6.97,0.34,"ML",1.4,"Marmara Denizi - Gemlik Körfezi - [02.88 km] Mudanya (Bursa)",633315
"13/07/2024 17:52:14",28.89164,40.16466,11.24,0.49,"ML",2,"Nilüfer (Bursa)",633293
"12/07/2024 10:11:34",26.90498,40.41969,7,0.46,"ML",1.4,"Marmara Denizi - [04.52 km] Lapseki (Çanakkale)",633200
"12/07/2024 04:19:17",28.29998,40.15359,9.76,0.36,"ML",1.3,"Karacabey (Bursa)",633160
"12/07/2024 01:50:02",28.58682,40.40361,7,0.38,"ML",2.4,"Marmara Denizi - [05.91 km] Mudanya (Bursa)",633134
"11/07/2024 03:08:19",27.47372,40.51649,7.12,0.34,"ML",1.2,"Marmara Denizi - [01.81 km] Marmara (Balıkesir)",633054
"10/07/2024 05:31:56",28.04958,40.81927,7.01,0.89,"ML",1.9,"Marmara Denizi - [17.62 km] Marmaraereğlisi (Tekirdağ)",633004
"07/07/2024 17:23:21",28.8403,40.40201,7,0.4,"ML",2.1,"Marmara Denizi - Gemlik Körfezi - [02.84 km] Mudanya (Bursa)",632835
"07/07/2024 07:35:41",28.83231,40.41616,7.07,0.29,"ML",1.7,"Marmara Denizi - Gemlik Körfezi - [04.10 km] Mudanya (Bursa)",632799
"06/07/2024 22:37:03",27.02825,40.36859,7.18,0.06,"ML",1.2,"Biga (Çanakkale)",632779
"05/07/2024 02:38:03",26.41916,40.44783,7,0.56,"ML",2.2,"Ege Denizi - Saros Körfezi - [07.39 km] Gelibolu (Çanakkale)",632664
"04/07/2024 08:56:11",28.72681,40.86734,12.6,0.67,"ML",1.9,"Marmara Denizi - [11.08 km] Avcılar (İstanbul)",632615
"04/07/2024 02:56:01",28.8407,40.40712,8.79,0.49,"ML",1.6,"Marmara Denizi - Gemlik Körfezi - [03.27 km] Mudanya (Bursa)",632571
"04/07/2024 02:42:02",28.88949,40.41753,7,0.15,"ML",0.8,"Marmara Denizi - Gemlik Körfezi - [04.95 km] Mudanya (Bursa)",632572
"04/07/2024 02:40:10",28.83924,40.42323,7,0.49,"ML",1.7,"Marmara Denizi - Gemlik Körfezi - [05.03 km] Mudanya (Bursa)",632570
"04/07/2024 02:29:51",28.85637,40.4161,7,0.37,"ML",1.1,"Marmara Denizi - Gemlik Körfezi - [04.24 km] Mudanya (Bursa)",632580
"04/07/2024 02:29:25",28.86837,40.49941,7,0.53,"ML",1.2,"Armutlu (Yalova)",632581
"03/07/2024 19:16:14",28.71917,40.86982,12.5,0.35,"ML",2.2,"Marmara Denizi - [10.88 km] Avcılar (İstanbul)",632523
"03/07/2024 15:22:13",28.65454,40.85603,8.5,0.39,"ML",1.6,"Marmara Denizi - [12.14 km] Beylikdüzü (İstanbul)",632512
"02/07/2024 21:27:58",28.8342,40.40578,7.73,0.32,"ML",1.7,"Marmara Denizi - Gemlik Körfezi - [03.10 km] Mudanya (Bursa)",632469
"30/06/2024 14:44:20",28.3486,40.80395,7,0.42,"ML",1.9,"Marmara Denizi - [25.41 km] Büyükçekmece (İstanbul)",632363
"29/06/2024 23:22:25",27.70829,40.62288,5.48,0.37,"ML",1.5,"Marmara Denizi, Marmara Adası, Marmara (Balıkesir)",632305
"29/06/2024 19:34:41",27.47126,40.78358,13.74,0.42,"ML",2.3,"Marmara Denizi - [07.92 km] Süleymanpaşa (Tekirdağ)",632289
"28/06/2024 15:53:58",26.98394,40.11799,7.58,0.39,"ML",1.5,"Çan (Çanakkale)",632227
"28/06/2024 12:26:12",28.80111,40.40543,7,0.77,"ML",1.5,"Marmara Denizi - Gemlik Körfezi - [02.28 km] Mudanya (Bursa)",632209
"28/06/2024 12:22:05",28.83734,40.42102,7.01,0.29,"ML",1.9,"Marmara Denizi - Gemlik Körfezi - [04.61 km] Mudanya (Bursa)",632208
"28/06/2024 12:01:53",29.29528,40.48262,7.99,0.78,"ML",1.3,"Orhangazi (Bursa)",632201
"28/06/2024 05:15:37",28.88563,40.41676,7.01,0.41,"ML",1.1,"Marmara Denizi - Gemlik Körfezi - [04.87 km] Mudanya (Bursa)",632188
"27/06/2024 11:03:29",27.54674,40.34716,6.99,0.22,"ML",2.3,"Marmara Denizi - Erdek Körfezi - [09.10 km] Gönen (Balıkesir)",632155
"26/06/2024 05:40:24",28.80547,40.05761,5.26,0.53,"ML",2.4,"Orhaneli (Bursa)",632070
"26/06/2024 03:42:17",27.02428,40.36089,7.01,0.4,"ML",1.6,"Biga (Çanakkale)",632062
"26/06/2024 02:29:20",27.06676,40.35656,7,0.39,"ML",2.6,"Biga (Çanakkale)",632058
"26/06/2024 01:57:31",27.41694,40.05844,7.02,0.42,"ML",1,"Yenice (Çanakkale)",632055
"25/06/2024 14:32:58",27.0913,40.39469,7.4,0.57,"ML",2,"Biga (Çanakkale)",632019
"24/06/2024 01:43:05",26.99578,40.29138,7,0.49,"ML",1.4,"Lapseki (Çanakkale)",631901
"23/06/2024 19:57:40",28.93482,40.43941,6.93,0.45,"ML",1.8,"Marmara Denizi - Gemlik Körfezi - [03.20 km] Armutlu (Yalova)",631881
"23/06/2024 13:25:09",27.91428,40.59988,6.92,0.9,"ML",1.5,"Marmara Denizi - [11.31 km] Erdek (Balıkesir)",631869
"22/06/2024 02:48:58",27.63233,40.83542,9.34,0.34,"ML",1.4,"Marmara Denizi - [15.55 km] Süleymanpaşa (Tekirdağ)",631759
"22/06/2024 00:36:12",29.55018,40.24955,7,0.41,"ML",1.9,"Yenişehir (Bursa)",631750
"20/06/2024 07:47:06",27.74039,40.19204,6.94,0.09,"ML",1.4,"Gönen (Balıkesir)",631653
"18/06/2024 14:52:05",27.56824,40.13008,7,0.19,"ML",1.8,"Gönen (Balıkesir)",631549
"18/06/2024 09:00:28",27.42004,40.58629,14.52,0.47,"ML",1.6,"Marmara Denizi - [07.29 km] Marmara (Balıkesir)",631526
"18/06/2024 05:19:06",27.40463,40.68165,9.85,0.3,"ML",1.4,"Marmara Denizi - [08.44 km] Şarköy (Tekirdağ)",631511
"18/06/2024 03:15:33",27.40892,40.70451,7.55,0.32,"ML",2.1,"Marmara Denizi - [08.14 km] Şarköy (Tekirdağ)",631520
"17/06/2024 18:07:42",27.41344,40.70703,7.24,0.69,"ML",2.4,"Marmara Denizi - [08.44 km] Şarköy (Tekirdağ)",631478
"17/06/2024 17:18:58",27.41856,40.71515,6.25,0.72,"ML",3.3,"Marmara Denizi - [08.03 km] Şarköy (Tekirdağ)",631475
"17/06/2024 05:25:00",27.54764,40.07627,7.88,0.4,"ML",1.5,"Gönen (Balıkesir)",631429
"17/06/2024 04:35:23",28.16481,40.82325,7.16,0.45,"ML",1.3,"Marmara Denizi - [23.08 km] Marmaraereğlisi (Tekirdağ)",631420
"16/06/2024 16:37:36",27.57421,40.2034,7,0.26,"ML",1.3,"Gönen (Balıkesir)",631344
"16/06/2024 16:33:19",27.57354,40.19861,6.99,0.49,"ML",1.5,"Gönen (Balıkesir)",631343
"16/06/2024 10:17:16",28.98507,40.46607,7.02,0.68,"ML",1.5,"Armutlu (Yalova)",631319
"16/06/2024 02:24:33",27.61195,40.06981,7.01,0.25,"ML",1.6,"Gönen (Balıkesir)",631298
"15/06/2024 14:03:59",28.86183,40.41181,7.01,0.45,"ML",1.6,"Marmara Denizi - Gemlik Körfezi - [04.05 km] Mudanya (Bursa)",631270
"15/06/2024 09:46:31",27.30405,40.55794,7,0.46,"ML",1.3,"Marmara Denizi - [13.03 km] Şarköy (Tekirdağ)",631267
"15/06/2024 03:09:27",26.95153,40.1759,7.02,0.26,"ML",1.5,"Biga (Çanakkale)",631245
"14/06/2024 19:03:59",27.06819,40.37338,6.99,0.64,"ML",1.8,"Biga (Çanakkale)",631225
"14/06/2024 14:44:09",27.17132,40.38443,7,0.31,"ML",1.7,"Biga (Çanakkale)",631208
"14/06/2024 12:52:22",26.33442,40.44287,7,0.26,"ML",0.9,"Ege Denizi - Saros Körfezi - [13.23 km] Gelibolu (Çanakkale)",631203
"14/06/2024 05:59:41",27.07449,40.32567,7,0.23,"ML",1.3,"Biga (Çanakkale)",631181
"13/06/2024 14:06:10",27.70523,40.77795,8.17,0.49,"ML",1.3,"Marmara Denizi - [15.40 km] Marmara (Balıkesir)",631147
"13/06/2024 11:27:13",27.08807,40.35216,6.97,0.51,"ML",3.7,"Biga (Çanakkale)",631140
"13/06/2024 00:54:57",27.56733,40.34501,6.6,0.5,"ML",1.5,"Marmara Denizi - Erdek Körfezi - [09.14 km] Gönen (Balıkesir)",631096
"12/06/2024 19:42:00",27.58783,40.34596,8.19,0.55,"ML",1.7,"Marmara Denizi - Erdek Körfezi - [08.40 km] Bandırma (Balıkesir)",631076
"12/06/2024 10:48:31",27.46797,40.24438,11.88,0.2,"ML",1.3,"Biga (Çanakkale)",631046
"12/06/2024 10:19:09",27.49431,40.7239,12.02,0.17,"ML",1.7,"Marmara Denizi - [13.16 km] Marmara (Balıkesir)",631045
"11/06/2024 17:12:50",27.15937,40.1165,7.17,0.52,"ML",1.8,"Biga (Çanakkale)",631001
"11/06/2024 16:13:22",26.39969,40.00557,6.63,0.24,"ML",0.9,"Merkez (Çanakkale)",630997
"11/06/2024 15:12:38",27.51978,40.78325,7,0.5,"ML",1.3,"Marmara Denizi - [10.61 km] Süleymanpaşa (Tekirdağ)",630992
"11/06/2024 12:01:07",27.64561,40.3367,6.87,0.2,"ML",2,"Marmara Denizi - Erdek Körfezi - [04.12 km] Bandırma (Balıkesir)",630950
"10/06/2024 08:32:22",27.59558,40.33771,12.02,0.19,"ML",1.9,"Marmara Denizi - Erdek Körfezi - [06.97 km] Bandırma (Balıkesir)",630824
"10/06/2024 02:36:13",28.76738,40.83409,6.43,0.58,"ML",1.2,"Marmara Denizi - [14.21 km] Bakırköy (İstanbul)",630802
"10/06/2024 02:12:13",28.67589,40.84129,11.07,0.36,"ML",2.3,"Marmara Denizi - [14.04 km] Beylikdüzü (İstanbul)",630794
"09/06/2024 09:02:44",28.81844,40.40889,7.01,0.43,"ML",1,"Marmara Denizi - Gemlik Körfezi - [02.71 km] Mudanya (Bursa)",630747
"09/06/2024 08:38:14",28.80602,40.4069,6.04,0.15,"ML",1.9,"Marmara Denizi - Gemlik Körfezi - [02.33 km] Mudanya (Bursa)",630743
"09/06/2024 08:37:28",28.82036,40.40381,7.25,0.22,"ML",1.6,"Marmara Denizi - Gemlik Körfezi - [02.59 km] Mudanya (Bursa)",630744
"09/06/2024 08:27:35",28.83406,40.41799,6.99,0.43,"ML",1.9,"Marmara Denizi - Gemlik Körfezi - [04.54 km] Mudanya (Bursa)",630742
"09/06/2024 01:51:35",28.84335,40.42258,7,0.63,"ML",2.8,"Marmara Denizi - Gemlik Körfezi - [05.42 km] Mudanya (Bursa)",630725
"07/06/2024 22:12:51",28.23304,40.88288,6.06,0.42,"ML",1.1,"Marmara Denizi - [20.18 km] Silivri (İstanbul)",630614
"07/06/2024 12:41:34",28.81554,40.58271,7.01,0.31,"ML",2.1,"Marmara Denizi - [04.60 km] Armutlu (Yalova)",630577
"07/06/2024 12:41:33",28.81303,40.59987,6.94,0.25,"ML",2,"Marmara Denizi - [05.10 km] Armutlu (Yalova)",630574
"07/06/2024 06:45:18",28.87771,40.43475,7,0.79,"ML",1.6,"Marmara Denizi - Gemlik Körfezi - [05.71 km] Armutlu (Yalova)",630547
"07/06/2024 00:54:46",28.04393,40.43181,7,0.78,"ML",2.5,"Marmara Denizi - Bandırma Körfezi - [03.87 km] Erdek (Balıkesir)",630535
"06/06/2024 03:13:11",26.33616,40.50875,7.8,0.38,"ML",2,"Ege Denizi - Saros Körfezi - [12.88 km] Enez (Edirne)",630452
"05/06/2024 19:57:29",29.16951,40.601,9.18,0.46,"ML",1.4,"Termal (Yalova)",630406
"05/06/2024 04:10:25",27.46175,40.68828,7.68,0.19,"ML",2.1,"Marmara Denizi - [10.47 km] Marmara (Balıkesir)",630377
"04/06/2024 22:11:41",28.85238,40.41088,7.11,0.48,"ML",1.9,"Marmara Denizi - Gemlik Körfezi - [03.89 km] Mudanya (Bursa)",630365
"04/06/2024 16:23:27",27.4382,40.60869,7,0.76,"ML",1.6,"Marmara Denizi - [07.75 km] Marmara (Balıkesir)",630347
"04/06/2024 15:05:06",26.26923,40.46085,6.83,0.46,"ML",1.6,"Ege Denizi - Saros Körfezi - [16.25 km] Enez (Edirne)",630331
"04/06/2024 15:00:30",26.25967,40.44845,6.87,0.46,"ML",1.5,"Ege Denizi - Saros Körfezi - [15.45 km] Eceabat (Çanakkale)",630329
"04/06/2024 14:55:15",26.38514,40.42083,6.91,0.52,"ML",1.1,"Ege Denizi - Saros Körfezi - [07.60 km] Gelibolu (Çanakkale)",630324
"04/06/2024 14:50:02",26.26343,40.45568,7,0.21,"ML",1.4,"Ege Denizi - Saros Körfezi - [16.08 km] Eceabat (Çanakkale)",630325
"04/06/2024 11:28:45",28.30861,40.96786,7,0.95,"ML",1.1,"Marmara Denizi - [10.62 km] Silivri (İstanbul)",630277
"04/06/2024 08:38:27",28.76717,40.41173,9.48,0.42,"ML",2.4,"Marmara Denizi - Gemlik Körfezi - [03.88 km] Mudanya (Bursa)",630258
"04/06/2024 05:25:36",28.84794,40.45056,7,0.47,"ML",1,"Marmara Denizi - Gemlik Körfezi - [05.11 km] Armutlu (Yalova)",630245
"04/06/2024 00:04:52",27.28112,40.58189,13.04,0.46,"ML",1.1,"Marmara Denizi - [09.91 km] Şarköy (Tekirdağ)",630217
"03/06/2024 23:50:52",27.45722,40.56856,5.85,0.31,"ML",0.8,"Marmara Denizi - [03.68 km] Marmara (Balıkesir)",630210
"03/06/2024 15:31:54",27.22617,40.34533,7.01,0.3,"ML",1.6,"Biga (Çanakkale)",630179
"03/06/2024 13:24:50",29.202,40.27514,6.98,0.93,"ML",1.1,"Gürsu (Bursa)",630169
"03/06/2024 00:06:45",28.81312,40.41556,7.04,0.78,"ML",1.3,"Marmara Denizi - Gemlik Körfezi - [04.20 km] Mudanya (Bursa)",630126
"02/06/2024 21:10:58",27.4731,40.80215,6.98,0.37,"ML",1,"Marmara Denizi - [06.87 km] Süleymanpaşa (Tekirdağ)",630122
"02/06/2024 20:59:14",27.42798,40.77901,7,0.46,"ML",1.5,"Marmara Denizi - [05.40 km] Süleymanpaşa (Tekirdağ)",630121
"02/06/2024 20:03:02",27.43145,40.78489,6.92,0.43,"ML",1.3,"Marmara Denizi - [05.30 km] Süleymanpaşa (Tekirdağ)",630119
"02/06/2024 16:57:30",27.74765,40.60174,8.95,0.34,"ML",2,"Marmara Denizi - [04.47 km] Marmara (Balıkesir)",630116
"02/06/2024 12:52:13",27.14653,40.51611,8.11,0.33,"ML",1.8,"Marmara Denizi - [09.00 km] Biga (Çanakkale)",630106
"02/06/2024 10:55:07",27.03533,40.37483,8.07,0.59,"ML",1.2,"Biga (Çanakkale)",630093
"02/06/2024 06:59:51",28.88706,40.4051,7,0.66,"ML",2.9,"Marmara Denizi - Gemlik Körfezi - [03.25 km] Mudanya (Bursa)",630082
"01/06/2024 19:51:16",28.29008,40.16139,9.35,0.36,"ML",1.4,"Karacabey (Bursa)",630036
"01/06/2024 06:41:45",26.11059,40.38479,7,0.28,"ML",1.4,"Ege Denizi - [19.57 km] Eceabat (Çanakkale)",630003
"31/05/2024 21:34:04",28.82336,40.42187,6.95,0.38,"ML",1.4,"Marmara Denizi - Gemlik Körfezi - [04.51 km] Mudanya (Bursa)",629975
"31/05/2024 20:11:33",28.84515,40.41496,7,0.49,"ML",1.2,"Marmara Denizi - Gemlik Körfezi - [04.10 km] Mudanya (Bursa)",629971
"31/05/2024 13:11:44",29.62023,40.16988,6.98,0.15,"ML",1.5,"Yenişehir (Bursa)",629933
"31/05/2024 12:57:53",29.96972,40.91141,7,0.44,"ML",0.7,"İzmit (Kocaeli)",629929
"31/05/2024 09:32:10",27.00384,40.23987,16.14,0.34,"ML",3,"Biga (Çanakkale)",629899
"30/05/2024 16:45:48",27.30986,40.635,13.27,0.45,"ML",1.7,"Marmara Denizi - [07.08 km] Şarköy (Tekirdağ)",629864
"30/05/2024 09:06:35",28.85542,40.44527,10.17,0.62,"ML",1.7,"Marmara Denizi - Gemlik Körfezi - [05.32 km] Armutlu (Yalova)",629838
"29/05/2024 06:18:28",27.43941,40.78417,13.58,0.28,"ML",1,"Marmara Denizi - [06.12 km] Süleymanpaşa (Tekirdağ)",629732
"28/05/2024 21:42:37",26.95863,40.1851,7.62,0.25,"ML",2.5,"Biga (Çanakkale)",629670
"28/05/2024 17:57:47",28.3296,40.27133,7.01,0.54,"ML",1,"Karacabey (Bursa)",629657
"28/05/2024 15:40:58",27.00993,40.28366,8.33,0.45,"ML",1.9,"Biga (Çanakkale)",629650
"28/05/2024 15:01:04",27.17477,40.38641,11.3,0.52,"ML",2.1,"Biga (Çanakkale)",629649
"28/05/2024 01:11:01",27.75599,40.79818,6.98,0.48,"ML",1.5,"Marmara Denizi - [18.79 km] Marmara (Balıkesir)",629615
"27/05/2024 05:23:25",28.00964,40.79083,5.75,0.35,"ML",1.7,"Marmara Denizi - [19.35 km] Marmaraereğlisi (Tekirdağ)",629550
"27/05/2024 00:38:18",28.31311,40.82429,7,0.68,"ML",3.8,"Marmara Denizi - [25.10 km] Büyükçekmece (İstanbul)",629532
"26/05/2024 14:38:39",29.94652,40.43567,10.32,0.33,"ML",2.1,"Osmaneli (Bilecik)",629502
"25/05/2024 19:09:58",28.24914,40.86725,7.06,0.71,"ML",1.6,"Marmara Denizi - [21.09 km] Silivri (İstanbul)",629435
"25/05/2024 11:32:36",28.84474,40.41311,6.29,0.4,"ML",1.6,"Marmara Denizi - Gemlik Körfezi - [04.41 km] Mudanya (Bursa)",629418
"25/05/2024 03:51:53",27.38263,40.32946,7,0.44,"ML",1.4,"Biga (Çanakkale)",629401
"25/05/2024 03:03:42",27.45073,40.65791,6.21,0.59,"ML",1.3,"Marmara Denizi - [08.79 km] Marmara (Balıkesir)",629399
"25/05/2024 03:02:16",27.46717,40.66785,8.44,0.44,"ML",2.2,"Marmara Denizi - [08.94 km] Marmara (Balıkesir)",629397
"24/05/2024 15:25:55",28.83894,40.39935,7.01,0.32,"ML",1.8,"Marmara Denizi - Gemlik Körfezi - [03.27 km] Mudanya (Bursa)",629366
"24/05/2024 14:12:59",26.19667,40.45764,6.98,0.24,"ML",1.9,"Ege Denizi - Saros Körfezi - [17.90 km] Enez (Edirne)",629361
"24/05/2024 13:18:58",26.96667,40.0468,7,0.56,"ML",1.4,"Çan (Çanakkale)",629355
"24/05/2024 10:40:18",27.61242,40.31605,7.03,0.12,"ML",1.7,"Gönen (Balıkesir)",629327
"24/05/2024 09:00:41",26.13137,40.40087,7.01,0.25,"ML",1.9,"Ege Denizi - [18.98 km] Eceabat (Çanakkale)",629310
"23/05/2024 23:11:54",26.99517,40.28754,13.68,0.5,"ML",1.4,"Biga (Çanakkale)",629261
"23/05/2024 21:46:00",27.3031,40.63717,6.48,0.59,"ML",1.3,"Marmara Denizi - [06.49 km] Şarköy (Tekirdağ)",629248
"23/05/2024 21:03:04",27.01572,40.37639,6.31,0.37,"ML",1.3,"Biga (Çanakkale)",629246
"22/05/2024 06:41:09",29.20488,40.47681,12.59,0.37,"ML",1.3,"Gemlik (Bursa)",629138
"22/05/2024 04:33:06",27.86081,40.03325,12.78,0.19,"ML",1,"Manyas (Balıkesir)",629125
"21/05/2024 13:07:08",29.92465,40.96208,7,0.73,"ML",0.7,"Kandıra (Kocaeli)",629069
"21/05/2024 12:43:26",27.27865,40.03878,6.89,0.69,"ML",1,"Yenice (Çanakkale)",629063
"21/05/2024 11:35:57",27.02987,40.06839,6.98,0.57,"ML",1.3,"Çan (Çanakkale)",629051
"20/05/2024 05:10:57",27.02205,40.40129,7,0.49,"ML",1.2,"Marmara Denizi - [03.46 km] Biga (Çanakkale)",628946
"20/05/2024 01:34:53",27.42313,40.74855,7,0.52,"ML",1.1,"Marmara Denizi - [07.15 km] Şarköy (Tekirdağ)",628922
"19/05/2024 22:45:41",27.02378,40.37803,6.97,0.53,"ML",1.7,"Biga (Çanakkale)",628910
"19/05/2024 22:17:25",27.01584,40.36859,8.34,0.49,"ML",1.9,"Lapseki (Çanakkale)",628905
"19/05/2024 22:08:29",26.98455,40.36321,16.59,0.34,"ML",2,"Lapseki (Çanakkale)",628902
"19/05/2024 05:58:30",27.41972,40.19771,5.44,0.23,"ML",1.1,"Biga (Çanakkale)",628850
"19/05/2024 01:12:12",28.83727,40.44394,7,0.61,"ML",1.4,"Marmara Denizi - Gemlik Körfezi - [06.77 km] Mudanya (Bursa)",628830
"18/05/2024 23:29:29",27.40699,40.76256,11.18,0.29,"ML",1.2,"Marmara Denizi - [05.20 km] Şarköy (Tekirdağ)",628816
"18/05/2024 11:52:21",27.70358,40.3166,7.05,0.45,"ML",2.1,"Marmara Denizi - Erdek Körfezi - [02.02 km] Bandırma (Balıkesir)",628763
"17/05/2024 21:28:41",27.85759,40.78257,10.87,0.49,"ML",2,"Marmara Denizi - [20.98 km] Marmaraereğlisi (Tekirdağ)",628699
"17/05/2024 15:29:24",27.58146,40.64723,7,0.47,"ML",1.5,"Marmara Denizi, Marmara Adası, Marmara (Balıkesir)",628684
"17/05/2024 01:03:54",27.76921,40.06398,7.04,0.49,"ML",1,"Gönen (Balıkesir)",628637
"15/05/2024 08:17:56",26.99163,40.37903,12.82,0.47,"ML",1.5,"Lapseki (Çanakkale)",628438
"15/05/2024 05:55:22",29.12356,40.60167,14.31,0.5,"ML",1,"Çınarcık (Yalova)",628411
"15/05/2024 00:51:34",29.1775,40.6738,9.03,0.5,"ML",1,"Marmara Denizi - [03.51 km] Çınarcık (Yalova)",628399
"14/05/2024 23:58:35",29.12886,40.8736,10.72,0.53,"ML",1.1,"Marmara Denizi - [01.43 km] Adalar (İstanbul)",628384
"14/05/2024 20:17:53",27.65927,40.07829,9.84,0.34,"ML",1.6,"Gönen (Balıkesir)",628368
"14/05/2024 12:58:18",28.74315,40.03194,10.55,0.58,"ML",1.6,"Mustafakemalpaşa (Bursa)",628340
"14/05/2024 07:47:08",29.14085,40.77017,6.9,0.26,"ML",1.3,"Marmara Denizi - [08.34 km] Adalar (İstanbul)",628322
"14/05/2024 06:54:24",29.08559,40.63489,12.22,0.39,"ML",2,"Çınarcık (Yalova)",628318
"13/05/2024 14:00:07",27.20688,40.35193,7,0.3,"ML",1.6,"Biga (Çanakkale)",628255
"13/05/2024 12:38:57",28.79501,40.44633,7.34,0.31,"ML",2.7,"Marmara Denizi - Gemlik Körfezi - [06.90 km] Mudanya (Bursa)",628248
"13/05/2024 05:35:15",27.03663,40.36305,7,0.18,"ML",0.9,"Biga (Çanakkale)",628225
"12/05/2024 19:13:51",27.89011,40.48145,7.45,0.77,"ML",1.5,"Erdek (Balıkesir)",628202
"12/05/2024 00:03:57",29.09905,40.62879,14.7,0.42,"ML",2,"Çınarcık (Yalova)",628153
"10/05/2024 06:28:53",29.24244,40.80274,7.09,0.46,"ML",1.3,"Marmara Denizi - [04.04 km] Tuzla (İstanbul)",627962
"09/05/2024 11:49:11",28.83964,40.82226,7,0.27,"ML",2,"Marmara Denizi - [13.45 km] Adalar (İstanbul)",627892
"09/05/2024 01:50:38",28.0892,40.86817,6.99,0.77,"ML",1.4,"Marmara Denizi - [14.82 km] Marmaraereğlisi (Tekirdağ)",627860
"08/05/2024 01:00:58",26.99293,40.28493,11.1,0.35,"ML",1.6,"Biga (Çanakkale)",627784
"07/05/2024 19:09:32",27.23983,40.74511,7,0.08,"ML",1.5,"Şarköy (Tekirdağ)",627770
"07/05/2024 05:08:00",26.9947,40.31769,6.42,0.24,"ML",1.2,"Lapseki (Çanakkale)",627744
"06/05/2024 19:45:14",26.98258,40.32659,6.9,0.75,"ML",1,"Lapseki (Çanakkale)",627721
"06/05/2024 18:45:19",27.0065,40.31872,6.85,0.25,"ML",1.4,"Lapseki (Çanakkale)",627715
"06/05/2024 15:31:41",27.16184,40.43761,7,0.34,"ML",1.2,"Biga (Çanakkale)",627705
"06/05/2024 09:26:27",27.41147,40.71871,7.18,0.88,"ML",1.1,"Marmara Denizi - [07.72 km] Şarköy (Tekirdağ)",627676
"06/05/2024 08:57:27",28.15761,40.06733,7.04,0.18,"ML",1.5,"Susurluk (Balıkesir)",627671
"05/05/2024 21:48:11",28.99302,40.31229,7.4,0.44,"ML",1.6,"Osmangazi (Bursa)",627635
"05/05/2024 21:45:37",29.01573,40.27455,7.05,0.3,"ML",1.7,"Osmangazi (Bursa)",627634
"05/05/2024 19:57:33",29.02805,40.26791,15.64,0.35,"ML",1.3,"Osmangazi (Bursa)",627630
"04/05/2024 20:34:41",28.8016,40.46143,6.97,0.63,"ML",1.3,"Marmara Denizi - Gemlik Körfezi - [05.43 km] Armutlu (Yalova)",627551
"04/05/2024 06:58:52",27.44344,40.75407,11.32,0.26,"ML",1.3,"Marmara Denizi - [07.90 km] Şarköy (Tekirdağ)",627519
"04/05/2024 06:25:25",29.01614,40.62056,15.84,0.38,"ML",2.6,"Çınarcık (Yalova)",627515
"04/05/2024 02:48:42",28.79673,40.39637,12.79,0.46,"ML",1.2,"Marmara Denizi - Gemlik Körfezi - [01.99 km] Mudanya (Bursa)",627493
"04/05/2024 00:58:37",27.42187,40.75684,7.01,0.34,"ML",1.7,"Marmara Denizi - [06.24 km] Şarköy (Tekirdağ)",627484
"03/05/2024 07:19:08",28.85967,40.4329,7,0.7,"ML",1.5,"Marmara Denizi - Gemlik Körfezi - [06.07 km] Mudanya (Bursa)",627414
"03/05/2024 01:34:55",28.81444,40.40754,17.52,0.67,"ML",2.4,"Marmara Denizi - Gemlik Körfezi - [02.76 km] Mudanya (Bursa)",627392
"03/05/2024 01:05:50",27.29351,40.57951,9.84,0.75,"ML",1.4,"Marmara Denizi - [10.98 km] Şarköy (Tekirdağ)",627390
"02/05/2024 20:14:24",28.85418,40.46083,5.74,0.8,"ML",1.9,"Marmara Denizi - Gemlik Körfezi - [04.55 km] Armutlu (Yalova)",627375
"02/05/2024 19:50:52",28.86573,40.45151,7,0.68,"ML",1.9,"Marmara Denizi - Gemlik Körfezi - [04.73 km] Armutlu (Yalova)",627374
"02/05/2024 06:26:29",27.36117,40.74417,10.09,0.43,"ML",1.4,"Marmara Denizi - [02.71 km] Şarköy (Tekirdağ)",627317
"02/05/2024 01:00:24",28.7974,40.60422,7.04,0.49,"ML",1.4,"Marmara Denizi - [06.71 km] Armutlu (Yalova)",627292
"01/05/2024 12:30:15",26.97871,40.10052,6.89,0.36,"ML",1.7,"Çan (Çanakkale)",627250
"01/05/2024 06:54:53",27.3657,40.73117,5.36,0.55,"ML",1.5,"Marmara Denizi - [03.43 km] Şarköy (Tekirdağ)",627234
"01/05/2024 03:00:29",28.86241,40.39888,6.59,0.27,"ML",1.2,"Marmara Denizi - Gemlik Körfezi - [03.10 km] Mudanya (Bursa)",627217
"30/04/2024 19:17:04",28.90245,40.42061,6.35,0.39,"ML",1.7,"Marmara Denizi - Gemlik Körfezi - [05.43 km] Mudanya (Bursa)",627176
"30/04/2024 17:20:13",28.83255,40.44407,14.2,0.81,"ML",1.9,"Marmara Denizi - Gemlik Körfezi - [06.12 km] Armutlu (Yalova)",627168
"29/04/2024 22:03:53",28.87348,40.3729,7.03,0.47,"ML",1.3,"Marmara Denizi - Gemlik Körfezi - [00.11 km] Mudanya (Bursa)",627072
"29/04/2024 08:47:57",28.98914,40.64498,11.8,0.78,"ML",1.9,"Marmara Denizi - [02.54 km] Çınarcık (Yalova)",627020
"29/04/2024 08:15:02",28.85125,40.42789,10.06,0.43,"ML",1.9,"Marmara Denizi - Gemlik Körfezi - [05.41 km] Mudanya (Bursa)",627017
"29/04/2024 05:55:53",27.5942,40.73611,17.14,0.61,"ML",2.3,"Marmara Denizi - [10.89 km] Marmara (Balıkesir)",627007
"28/04/2024 18:07:58",26.9879,40.30018,7,0.74,"ML",1.7,"Lapseki (Çanakkale)",626954
"28/04/2024 11:14:27",28.8489,40.41025,7.05,0.65,"ML",2.3,"Marmara Denizi - Gemlik Körfezi - [04.12 km] Mudanya (Bursa)",626927
"27/04/2024 12:07:57",29.93131,40.35448,19.2,0.93,"ML",1.3,"Osmaneli (Bilecik)",626871
"27/04/2024 06:46:36",28.94833,40.1383,6.55,0.12,"ML",1.1,"Nilüfer (Bursa)",626849
"27/04/2024 05:06:16",27.94068,40.78999,7.31,0.79,"ML",1.3,"Marmara Denizi - [18.57 km] Marmaraereğlisi (Tekirdağ)",626850
"27/04/2024 05:05:48",27.72661,40.83476,7.78,0.84,"ML",1.1,"Marmara Denizi - [19.83 km] Süleymanpaşa (Tekirdağ)",626851
"27/04/2024 04:30:24",28.23165,40.17306,6.9,0.17,"ML",1.5,"Karacabey (Bursa)",626845
"27/04/2024 02:59:56",29.17701,40.48734,9.59,0.4,"ML",1.7,"Gemlik (Bursa)",626836
"26/04/2024 13:35:26",27.53594,40.35397,6.93,0.39,"ML",1.6,"Marmara Denizi - Erdek Körfezi - [09.55 km] Gönen (Balıkesir)",626769
"26/04/2024 09:27:06",28.82377,40.40024,7.01,0.27,"ML",2,"Marmara Denizi - Gemlik Körfezi - [02.87 km] Mudanya (Bursa)",626745
"26/04/2024 03:00:45",27.03257,40.35856,7,0.87,"ML",1.3,"Biga (Çanakkale)",626735
"25/04/2024 00:54:02",27.91303,40.82052,17.71,0.37,"ML",1.2,"Marmara Denizi - [15.57 km] Marmaraereğlisi (Tekirdağ)",626651
"25/04/2024 00:35:16",27.89845,40.80844,10.93,0.52,"ML",1.3,"Marmara Denizi - [16.84 km] Marmaraereğlisi (Tekirdağ)",626650
"24/04/2024 21:17:40",28.83599,40.4111,10.65,0.41,"ML",2.6,"Marmara Denizi - Gemlik Körfezi - [03.29 km] Mudanya (Bursa)",626633
"24/04/2024 03:16:36",29.26306,40.49828,16.11,0.55,"ML",1.6,"Orhangazi (Bursa)",626597
"23/04/2024 07:39:49",27.72578,40.30069,6.95,0.2,"ML",1.3,"Marmara Denizi - Erdek Körfezi - [01.53 km] Bandırma (Balıkesir)",626530
"23/04/2024 06:01:24",28.86647,40.41357,7.04,0.35,"ML",1.4,"Marmara Denizi - Gemlik Körfezi - [04.00 km] Mudanya (Bursa)",626532
"23/04/2024 00:00:05",28.7681,40.42761,6.99,0.43,"ML",1.4,"Marmara Denizi - Gemlik Körfezi - [05.42 km] Mudanya (Bursa)",626520
"22/04/2024 23:56:07",29.08405,40.64361,7,0.21,"ML",1.6,"Çınarcık (Yalova)",626519
"22/04/2024 23:35:01",29.0786,40.63583,7.27,0.19,"ML",1.4,"Çınarcık (Yalova)",626517
"22/04/2024 04:47:32",29.16702,40.41718,7.05,0.38,"ML",1.5,"Gemlik (Bursa)",626451
"22/04/2024 03:57:19",29.15606,40.41281,7.21,0.51,"ML",3.3,"Gemlik (Bursa)",626445
"21/04/2024 18:58:22",29.13417,40.41844,7.01,0.22,"ML",1.4,"Marmara Denizi - Gemlik Körfezi - [01.81 km] Gemlik (Bursa)",626415
"21/04/2024 04:18:35",28.19086,40.15831,7.02,0.36,"ML",1.3,"Karacabey (Bursa)",626371
"20/04/2024 07:26:48",26.14833,40.38309,7.01,0.32,"ML",1.5,"Ege Denizi - [17.07 km] Eceabat (Çanakkale)",626282
"20/04/2024 07:05:59",26.1316,40.38971,6.74,0.31,"ML",2,"Ege Denizi - [18.19 km] Eceabat (Çanakkale)",626277
"20/04/2024 06:27:52",27.58562,40.09396,10.51,0.09,"ML",1.6,"Gönen (Balıkesir)",626278
"19/04/2024 10:55:57",27.31864,40.0075,7,0.56,"ML",1.5,"Yenice (Çanakkale)",626209
"18/04/2024 10:22:12",28.55245,40.48746,7.02,0.39,"ML",1.7,"Marmara Denizi - [14.50 km] Karacabey (Bursa)",626032
"18/04/2024 09:51:05",28.72683,40.81353,7.06,0.7,"ML",1.9,"Marmara Denizi - [17.33 km] Avcılar (İstanbul)",626030
"18/04/2024 09:05:35",27.45111,40.17147,7,0.3,"ML",1.8,"Gönen (Balıkesir)",626023
"17/04/2024 10:52:00",27.01773,40.28805,11.88,0.31,"ML",1.8,"Biga (Çanakkale)",625961
"17/04/2024 07:27:47",27.05098,40.28455,7.02,0.49,"ML",1.4,"Biga (Çanakkale)",625951
"17/04/2024 07:13:14",27.00549,40.27656,10.6,0.45,"ML",1.7,"Biga (Çanakkale)",625950
"17/04/2024 07:09:44",27.04655,40.28214,4.95,0.37,"ML",2,"Biga (Çanakkale)",625949
"17/04/2024 07:05:43",27.03415,40.28466,7,0.11,"ML",1.4,"Biga (Çanakkale)",625947
"17/04/2024 07:05:22",27.031,40.28709,6.93,0.09,"ML",1.1,"Biga (Çanakkale)",625948
"17/04/2024 03:42:18",27.91405,40.7889,9.7,0.32,"ML",1.5,"Marmara Denizi - [18.83 km] Marmaraereğlisi (Tekirdağ)",625914
"17/04/2024 02:49:50",27.02138,40.27807,9.23,0.43,"ML",1.6,"Biga (Çanakkale)",625907
"17/04/2024 02:44:35",27.0474,40.27639,7.89,0.49,"ML",1.5,"Biga (Çanakkale)",625906
"17/04/2024 02:12:23",28.89397,40.59612,7,0.43,"ML",1.5,"Marmara Denizi - [02.24 km] Çınarcık (Yalova)",625900
"16/04/2024 07:25:12",27.53918,40.36491,9.2,0.36,"ML",1.3,"Marmara Denizi - Erdek Körfezi - [10.60 km] Gönen (Balıkesir)",625835
"16/04/2024 01:22:14",28.92182,40.37927,7.37,0.39,"ML",0.9,"Marmara Denizi - Gemlik Körfezi - [03.08 km] Mudanya (Bursa)",625800
"15/04/2024 15:59:41",29.0171,40.4008,7.03,0.37,"ML",1.4,"Marmara Denizi - Gemlik Körfezi - [04.96 km] Gemlik (Bursa)",625763
"15/04/2024 04:07:31",27.99586,40.44727,16.91,0.78,"ML",1.7,"Erdek (Balıkesir)",625745
"15/04/2024 02:55:50",29.24622,40.74402,7.06,0.28,"ML",1.3,"Marmara Denizi - [08.53 km] Tuzla (İstanbul)",625733
"13/04/2024 20:51:05",29.09491,40.64512,9.27,0.41,"ML",1.3,"Marmara Denizi - [01.34 km] Çınarcık (Yalova)",625634
"13/04/2024 18:23:52",28.8428,40.42819,6.92,0.73,"ML",1.1,"Marmara Denizi - Gemlik Körfezi - [05.53 km] Mudanya (Bursa)",625627
"13/04/2024 15:45:19",26.10038,40.33142,6.98,0.41,"ML",1.8,"Ege Denizi - [18.21 km] Gökçeada (Çanakkale)",625624
"13/04/2024 06:32:39",28.21642,40.91622,13.47,0.52,"ML",1.4,"Marmara Denizi - [16.40 km] Silivri (İstanbul)",625603
"13/04/2024 06:31:15",28.88462,40.40066,7.02,0.3,"ML",1.9,"Marmara Denizi - Gemlik Körfezi - [03.62 km] Mudanya (Bursa)",625602
"12/04/2024 05:15:49",29.054,40.00017,7,0.5,"ML",1.3,"Orhaneli (Bursa)",625455
"11/04/2024 16:56:26",28.55816,40.70786,12.02,0.52,"ML",2.2,"Marmara Denizi - [28.67 km] Beylikdüzü (İstanbul)",625404
"11/04/2024 08:47:05",26.98723,40.30841,7,0.59,"ML",1.2,"Lapseki (Çanakkale)",625372
"11/04/2024 03:47:09",28.86663,40.41734,7,0.28,"ML",1,"Marmara Denizi - Gemlik Körfezi - [04.22 km] Mudanya (Bursa)",625359
"11/04/2024 01:59:53",28.87323,40.40334,7.12,0.33,"ML",1.1,"Marmara Denizi - Gemlik Körfezi - [02.92 km] Mudanya (Bursa)",625365
"11/04/2024 00:56:52",28.86181,40.41007,7.11,0.28,"ML",1.6,"Marmara Denizi - Gemlik Körfezi - [03.15 km] Mudanya (Bursa)",625343
"10/04/2024 19:24:32",28.49723,40.69781,9.12,0.15,"ML",2,"Marmara Denizi - [31.43 km] Beylikdüzü (İstanbul)",625330
"10/04/2024 17:19:13",27.1805,40.34357,6.71,0.31,"ML",1.1,"Biga (Çanakkale)",625322
"10/04/2024 11:11:12",27.18199,40.41206,6.95,0.16,"ML",1,"Biga (Çanakkale)",625310
"10/04/2024 08:56:36",28.84778,40.41587,9.4,0.27,"ML",1.8,"Marmara Denizi - Gemlik Körfezi - [04.74 km] Mudanya (Bursa)",625308
"10/04/2024 03:50:36",27.92135,40.80438,7,0.75,"ML",1.7,"Marmara Denizi - [17.13 km] Marmaraereğlisi (Tekirdağ)",625305
"09/04/2024 15:24:17",29.18039,40.43884,7,0.75,"ML",2.3,"Gemlik (Bursa)",625249
"09/04/2024 13:22:11",28.89877,40.44914,7,0.69,"ML",1.6,"Marmara Denizi - Gemlik Körfezi - [04.07 km] Armutlu (Yalova)",625242
"09/04/2024 09:52:37",28.94427,40.19159,5.89,0.82,"ML",1.7,"Nilüfer (Bursa)",625233
"09/04/2024 08:33:34",27.502,40.51083,6.65,0.49,"ML",1.2,"Marmara Denizi, Avşa Adası, Marmara (Balıkesir)",625225
"08/04/2024 21:37:17",27.01972,40.27653,7,0.5,"ML",1.2,"Biga (Çanakkale)",625188
"08/04/2024 09:11:12",28.8322,40.39873,7,0.56,"ML",1.6,"Marmara Denizi - Gemlik Körfezi - [02.22 km] Mudanya (Bursa)",625153
"08/04/2024 02:48:05",27.00424,40.28948,7,0.12,"ML",1.3,"Biga (Çanakkale)",625137
"07/04/2024 12:03:23",26.99861,40.28361,7.05,0.4,"ML",2.2,"Biga (Çanakkale)",625099
"07/04/2024 09:00:00",26.93621,40.26036,12.64,0.46,"ML",1.3,"Lapseki (Çanakkale)",625088
"07/04/2024 08:39:38",26.94542,40.28303,8.39,0.68,"ML",1.2,"Lapseki (Çanakkale)",625084
"07/04/2024 08:14:20",26.99067,40.28998,7,0.39,"ML",1.3,"Lapseki (Çanakkale)",625078
"07/04/2024 07:22:47",26.99813,40.27937,11.09,0.32,"ML",3.1,"Biga (Çanakkale)",625072
"07/04/2024 02:41:11",27.00621,40.27788,7.17,0.32,"ML",0.8,"Biga (Çanakkale)",625056
"06/04/2024 16:02:41",27.86295,40.40409,7.01,0.78,"ML",1.2,"Erdek (Balıkesir)",625023
"06/04/2024 04:17:07",27.91919,40.80841,6.97,0.47,"ML",1.2,"Marmara Denizi - [17.47 km] Marmaraereğlisi (Tekirdağ)",624981
"06/04/2024 00:04:58",26.11133,40.35487,7,0.15,"ML",1,"Ege Denizi - [18.04 km] Eceabat (Çanakkale)",624961
"05/04/2024 20:18:34",26.36127,40.46752,14.12,0.27,"ML",1.5,"Ege Denizi - Saros Körfezi - [12.37 km] Gelibolu (Çanakkale)",624944
"05/04/2024 19:38:43",26.37195,40.46891,13.47,0.25,"ML",2,"Ege Denizi - Saros Körfezi - [12.20 km] Gelibolu (Çanakkale)",624943
"04/04/2024 02:57:45",28.68979,40.82255,11.94,0.4,"ML",1,"Marmara Denizi - [15.97 km] Beylikdüzü (İstanbul)",624792
"03/04/2024 22:07:06",27.00233,40.27787,8.19,0.33,"ML",2.1,"Biga (Çanakkale)",624768
"03/04/2024 19:14:47",29.23139,40.68612,6.64,0.36,"ML",1.6,"Marmara Denizi - [04.39 km] Merkez (Yalova)",624759
"03/04/2024 05:03:22",27.02187,40.28047,7,0.75,"ML",1.7,"Biga (Çanakkale)",624717
"01/04/2024 22:47:10",27.38207,40.54236,6.26,0.24,"ML",2.2,"Marmara Denizi - [08.32 km] Marmara (Balıkesir)",624595
"01/04/2024 15:16:35",28.47152,40.22854,7,0.99,"ML",1.9,"Karacabey (Bursa)",624568
"01/04/2024 02:16:16",26.99983,40.28299,4.77,0.31,"ML",1.3,"Biga (Çanakkale)",624501
"01/04/2024 01:06:17",28.82722,40.41307,7.87,0.47,"ML",1.7,"Marmara Denizi - Gemlik Körfezi - [04.02 km] Mudanya (Bursa)",624494
"31/03/2024 23:40:43",26.99452,40.27629,7.59,0.29,"ML",1.8,"Biga (Çanakkale)",624482
"31/03/2024 19:28:06",28.95675,40.73017,4.94,0.57,"ML",1.3,"Marmara Denizi - [12.64 km] Çınarcık (Yalova)",624461
"31/03/2024 17:05:13",27.01525,40.34617,12.02,0.45,"ML",2.3,"Lapseki (Çanakkale)",624447
"31/03/2024 15:46:15",26.98748,40.28078,13.6,0.45,"ML",1.7,"Lapseki (Çanakkale)",624442
"31/03/2024 12:33:13",26.99725,40.28729,10.55,0.53,"ML",3.5,"Biga (Çanakkale)",624433
"31/03/2024 05:42:57",28.83149,40.42944,7,0.71,"ML",1.6,"Marmara Denizi - Gemlik Körfezi - [05.03 km] Mudanya (Bursa)",624413
"31/03/2024 03:30:29",27.44797,40.26753,7.03,0.61,"ML",1.7,"Biga (Çanakkale)",624383
"30/03/2024 17:18:55",28.96015,40.43142,8.1,0.9,"ML",0.9,"Marmara Denizi - Gemlik Körfezi - [02.59 km] Armutlu (Yalova)",624339
"30/03/2024 16:16:11",28.86218,40.3927,6.57,0.36,"ML",1,"Marmara Denizi - Gemlik Körfezi - [02.23 km] Mudanya (Bursa)",624334
"30/03/2024 04:37:07",27.03258,40.2692,11.73,0.38,"ML",1.9,"Biga (Çanakkale)",624299
"30/03/2024 01:51:17",28.15794,40.81459,7.44,0.47,"ML",1.7,"Marmara Denizi - [23.52 km] Marmaraereğlisi (Tekirdağ)",624277
"28/03/2024 16:46:08",26.89655,40.39897,12.65,0.43,"ML",1.7,"Lapseki (Çanakkale)",624187
"28/03/2024 13:00:01",29.04444,40.28945,7,0.63,"ML",1.4,"Osmangazi (Bursa)",624174
"28/03/2024 04:06:46",27.64074,40.31543,6.95,0.64,"ML",2.7,"Gönen (Balıkesir)",624131
"27/03/2024 13:35:59",27.60059,40.07404,11.78,0.18,"ML",1.7,"Gönen (Balıkesir)",624087
"27/03/2024 10:21:34",29.00892,40.29108,10.76,0.67,"ML",3.1,"Osmangazi (Bursa)",624081
"26/03/2024 21:53:14",27.73694,40.81608,7.47,0.43,"ML",1.1,"Marmara Denizi - [20.22 km] Marmara (Balıkesir)",624018
"26/03/2024 16:40:43",27.43448,40.1596,7,0.08,"ML",1.4,"Gönen (Balıkesir)",623991
"26/03/2024 10:49:13",26.91968,40.78176,6.98,0.44,"ML",1.6,"Malkara (Tekirdağ)",623949
"26/03/2024 08:51:07",28.97901,40.48195,7,0.79,"ML",1.4,"Armutlu (Yalova)",623936
"25/03/2024 20:22:38",27.84782,40.22344,6.98,0.48,"ML",2.1,"Bandırma (Balıkesir)",623891
"24/03/2024 23:10:55",27.67971,40.08444,8.42,0.25,"ML",2,"Gönen (Balıkesir)",623799
"24/03/2024 19:40:00",26.17623,40.29423,6.18,0.31,"ML",2.3,"Ege Denizi - [11.53 km] Eceabat (Çanakkale)",623785
"24/03/2024 08:04:46",27.01608,40.28823,7.07,0.22,"ML",1.3,"Biga (Çanakkale)",623763
"24/03/2024 07:00:22",27.0019,40.26857,7,0.28,"ML",1.5,"Biga (Çanakkale)",623758
"24/03/2024 06:49:14",28.81836,40.41795,8.6,0.53,"ML",1.1,"Marmara Denizi - Gemlik Körfezi - [04.54 km] Mudanya (Bursa)",623757
"24/03/2024 05:46:40",27.39101,40.1821,7.19,0.64,"ML",1.4,"Biga (Çanakkale)",623750
"24/03/2024 02:16:23",29.24222,40.67308,7.83,0.3,"ML",1.4,"Marmara Denizi - [02.89 km] Merkez (Yalova)",623735
"23/03/2024 13:26:29",26.9764,40.05485,6.61,0.43,"ML",1.2,"Çan (Çanakkale)",623700
"23/03/2024 03:39:55",27.84323,40.80096,7,0.47,"ML",1.4,"Marmara Denizi - [19.35 km] Marmaraereğlisi (Tekirdağ)",623679
"22/03/2024 19:30:12",27.84261,40.54472,7,0.55,"ML",1.8,"Marmara Denizi - [04.20 km] Erdek (Balıkesir)",623655
"22/03/2024 16:03:23",29.99924,40.1709,15.66,0.7,"ML",1.5,"Merkez (Bilecik)",623639
"22/03/2024 15:17:35",27.0227,40.00147,7,0.75,"ML",1.3,"Çan (Çanakkale)",623636
"22/03/2024 15:09:20",26.15249,40.30247,16.44,0.27,"ML",2.3,"Ege Denizi - [13.78 km] Eceabat (Çanakkale)",623635
"22/03/2024 13:08:00",29.99904,40.11076,7.01,0.32,"ML",1.6,"Merkez (Bilecik)",623625
"22/03/2024 12:56:56",29.24128,40.45293,7.75,0.69,"ML",1.6,"Orhangazi (Bursa)",623621
"22/03/2024 12:42:00",27.00872,40.3023,7.09,0.41,"ML",1.6,"Biga (Çanakkale)",623619
"22/03/2024 12:11:04",27.49933,40.82158,11.95,0.41,"ML",1.5,"Marmara Denizi - [06.33 km] Süleymanpaşa (Tekirdağ)",623613
"22/03/2024 11:25:33",29.03491,40.76536,7.2,0.42,"ML",1.5,"Marmara Denizi - [11.49 km] Adalar (İstanbul)",623608
"22/03/2024 09:01:13",27.00362,40.2869,7,0.81,"ML",1.3,"Biga (Çanakkale)",623593
"22/03/2024 04:24:50",29.06313,40.76809,7.04,0.41,"ML",1.4,"Marmara Denizi - [10.68 km] Adalar (İstanbul)",623529
"22/03/2024 04:02:12",29.08032,40.74569,7,0.57,"ML",1.6,"Marmara Denizi - [11.48 km] Çınarcık (Yalova)",623528
"21/03/2024 18:46:08",27.00978,40.29512,6.1,0.42,"ML",1.3,"Biga (Çanakkale)",623496
"21/03/2024 13:32:40",29.23643,40.45018,7.27,0.69,"ML",1.4,"Orhangazi (Bursa)",623474
"21/03/2024 03:23:56",26.21116,40.29391,7.11,0.29,"ML",1.4,"Ege Denizi - [09.02 km] Eceabat (Çanakkale)",623421
"21/03/2024 02:58:03",28.83117,40.41895,10.88,0.43,"ML",1.7,"Marmara Denizi - Gemlik Körfezi - [04.17 km] Mudanya (Bursa)",623416
"21/03/2024 02:40:55",26.99864,40.29145,9,0.5,"ML",1.3,"Biga (Çanakkale)",623417
"20/03/2024 17:03:36",27.00781,40.29281,10.42,0.63,"ML",2,"Biga (Çanakkale)",623372
"20/03/2024 16:47:37",29.19726,40.68409,15.7,0.74,"ML",1.7,"Marmara Denizi - [04.70 km] Çınarcık (Yalova)",623369
"20/03/2024 09:21:01",29.23031,40.66884,9.71,0.35,"ML",3.5,"Marmara Denizi - [02.42 km] Merkez (Yalova)",623343
"20/03/2024 02:16:44",26.16978,40.28541,6.94,0.44,"ML",1.5,"Ege Denizi - [12.51 km] Eceabat (Çanakkale)",623321
"19/03/2024 21:44:35",26.88031,40.34531,12.56,0.1,"ML",1.3,"Lapseki (Çanakkale)",623307
"19/03/2024 21:36:40",27.00553,40.29051,10.08,0.55,"ML",2.4,"Biga (Çanakkale)",623306
"19/03/2024 03:34:14",28.7137,40.84693,10.27,0.25,"ML",1.3,"Marmara Denizi - [13.51 km] Avcılar (İstanbul)",623216
"18/03/2024 22:27:20",28.81026,40.41162,8.15,0.31,"ML",2.3,"Marmara Denizi - Gemlik Körfezi - [03.54 km] Mudanya (Bursa)",623205
"18/03/2024 14:01:52",28.83139,40.40688,7,0.59,"ML",1.7,"Marmara Denizi - Gemlik Körfezi - [02.98 km] Mudanya (Bursa)",623186
"18/03/2024 13:02:30",28.8355,40.42856,8.5,0.76,"ML",2.7,"Marmara Denizi - Gemlik Körfezi - [05.97 km] Mudanya (Bursa)",623180
"18/03/2024 11:05:23",28.81462,40.47113,11.57,0.68,"ML",1.9,"Marmara Denizi - Gemlik Körfezi - [03.87 km] Armutlu (Yalova)",623173
"18/03/2024 06:50:40",28.81504,40.425,6.57,0.68,"ML",1.3,"Marmara Denizi - Gemlik Körfezi - [04.51 km] Mudanya (Bursa)",623166
"17/03/2024 23:44:26",28.12465,40.08813,10.76,0.26,"ML",1.4,"Susurluk (Balıkesir)",623135
"17/03/2024 23:23:16",28.1346,40.09606,7.02,0.08,"ML",1.3,"Susurluk (Balıkesir)",623132
"17/03/2024 21:14:27",27.66208,40.78363,7.02,0.32,"ML",1.5,"Marmara Denizi - [14.89 km] Marmara (Balıkesir)",623124
"17/03/2024 16:14:13",27.47413,40.71913,13.79,0.48,"ML",2.2,"Marmara Denizi - [12.81 km] Şarköy (Tekirdağ)",623111
"17/03/2024 12:04:34",27.00828,40.27946,10.59,0.37,"ML",2.4,"Biga (Çanakkale)",623099
"17/03/2024 03:09:26",27.75023,40.79591,6.87,0.73,"ML",1.3,"Marmara Denizi - [18.73 km] Marmara (Balıkesir)",623075
"17/03/2024 02:59:17",28.13063,40.08808,7.62,0.31,"ML",1.7,"Susurluk (Balıkesir)",623070
"17/03/2024 02:24:05",28.14583,40.07614,7.84,0.55,"ML",1.4,"Susurluk (Balıkesir)",623067
"16/03/2024 08:37:01",29.20182,40.43189,6.97,0.5,"ML",1.6,"Gemlik (Bursa)",622990
"15/03/2024 17:08:45",28.85484,40.4076,7,0.33,"ML",1.3,"Marmara Denizi - Gemlik Körfezi - [03.99 km] Mudanya (Bursa)",622878
"15/03/2024 15:25:44",26.97343,40.06505,7,0.43,"ML",1,"Çan (Çanakkale)",622869
"14/03/2024 17:35:27",29.28816,40.15313,7,0.27,"ML",1.1,"Kestel (Bursa)",622815
"14/03/2024 09:34:32",26.98472,40.32178,15.23,0.36,"ML",2.1,"Lapseki (Çanakkale)",622795
"14/03/2024 09:13:28",27.52161,40.54336,7.81,0.08,"ML",1.2,"Marmara Denizi - [03.43 km] Marmara (Balıkesir)",622794
"14/03/2024 05:25:23",26.91864,40.22093,11.83,0.31,"ML",1.3,"Lapseki (Çanakkale)",622781
"14/03/2024 03:24:23",28.80482,40.58944,7,0.49,"ML",1.3,"Marmara Denizi - [05.27 km] Armutlu (Yalova)",622773
"14/03/2024 02:59:15",28.84604,40.41989,7.12,0.23,"ML",1.2,"Marmara Denizi - Gemlik Körfezi - [04.39 km] Mudanya (Bursa)",622776
"14/03/2024 02:50:43",28.89956,40.36301,6.74,0.5,"ML",1.3,"Marmara Denizi - Gemlik Körfezi - [00.86 km] Mudanya (Bursa)",622775
"13/03/2024 20:03:08",27.81581,40.82344,12.04,0.25,"ML",1,"Marmara Denizi - [17.60 km] Marmaraereğlisi (Tekirdağ)",622762
"13/03/2024 16:40:45",26.98672,40.28962,7.96,0.38,"ML",1.6,"Lapseki (Çanakkale)",622750
"13/03/2024 12:00:27",29.87289,40.26821,7,0.65,"ML",1.1,"Merkez (Bilecik)",622721
"13/03/2024 11:53:52",27.01811,40.28194,7,0.36,"ML",1.7,"Biga (Çanakkale)",622725
"13/03/2024 05:30:26",27.91328,40.18328,7,0.49,"ML",1.4,"Kuş Gölü - [03.90 km] Bandırma (Balıkesir)",622666
"13/03/2024 00:28:26",27.00735,40.28246,6.78,0.37,"ML",1.6,"Biga (Çanakkale)",622648
"12/03/2024 23:56:15",26.98543,40.28428,5.06,0.19,"ML",1.3,"Lapseki (Çanakkale)",622642
"12/03/2024 22:59:20",27.01878,40.29669,4.1,0.31,"ML",3.5,"Biga (Çanakkale)",622637
"12/03/2024 01:58:43",27.04636,40.26298,7,0.52,"ML",1.4,"Biga (Çanakkale)",622552
"12/03/2024 01:49:55",26.24226,40.40526,6.81,0.25,"ML",1.9,"Ege Denizi - Saros Körfezi - [12.14 km] Eceabat (Çanakkale)",622551
"11/03/2024 23:19:11",26.24727,40.40424,6.78,0.41,"ML",2.4,"Ege Denizi - Saros Körfezi - [11.89 km] Eceabat (Çanakkale)",622537
"11/03/2024 14:19:03",28.81252,40.39175,7,0.21,"ML",1.5,"Marmara Denizi - Gemlik Körfezi - [01.87 km] Mudanya (Bursa)",622508
"11/03/2024 14:17:41",28.82896,40.47056,7.01,0.19,"ML",1.2,"Marmara Denizi - Gemlik Körfezi - [03.99 km] Armutlu (Yalova)",622509
"11/03/2024 03:45:43",28.83136,40.40907,8.93,0.45,"ML",1.7,"Marmara Denizi - Gemlik Körfezi - [03.80 km] Mudanya (Bursa)",622468
"11/03/2024 03:32:13",26.99792,40.29307,7.05,0.69,"ML",1.1,"Lapseki (Çanakkale)",622469
"11/03/2024 02:56:55",27.43638,40.72115,9.81,0.29,"ML",1.2,"Marmara Denizi - [09.54 km] Şarköy (Tekirdağ)",622461
"10/03/2024 06:13:22",29.95716,40.45719,9.77,0.27,"ML",2.7,"Osmaneli (Bilecik)",622360
"10/03/2024 05:08:44",28.82586,40.41482,6.98,0.58,"ML",1.8,"Marmara Denizi - Gemlik Körfezi - [04.26 km] Mudanya (Bursa)",622366
"10/03/2024 04:59:57",27.46553,40.72275,16.6,0.58,"ML",1.1,"Marmara Denizi - [11.66 km] Şarköy (Tekirdağ)",622367
"09/03/2024 21:25:48",26.99464,40.2982,7.82,0.36,"ML",2.4,"Lapseki (Çanakkale)",622330
"09/03/2024 13:46:54",26.97825,40.03392,6.8,0.7,"ML",1.5,"Çan (Çanakkale)",622313
"09/03/2024 02:39:26",27.01024,40.29834,7,0.58,"ML",1.3,"Biga (Çanakkale)",622280
"09/03/2024 01:48:02",27.00906,40.30032,7,0.42,"ML",1.6,"Biga (Çanakkale)",622276
"09/03/2024 01:03:01",28.87038,40.40306,7,0.41,"ML",1.5,"Marmara Denizi - Gemlik Körfezi - [02.46 km] Mudanya (Bursa)",622274
"08/03/2024 08:20:07",28.86676,40.40372,6.99,0.35,"ML",1.5,"Marmara Denizi - Gemlik Körfezi - [03.68 km] Mudanya (Bursa)",622218
"07/03/2024 21:15:55",28.82111,40.41884,8.16,0.24,"ML",2.5,"Marmara Denizi - Gemlik Körfezi - [04.23 km] Mudanya (Bursa)",622192
"07/03/2024 11:07:25",27.00635,40.27843,7,0.42,"ML",2.5,"Biga (Çanakkale)",622155
"07/03/2024 05:39:38",27.01085,40.27013,8.14,0.26,"ML",1.1,"Biga (Çanakkale)",622119
"07/03/2024 03:41:24",26.97545,40.14421,6.53,0.39,"ML",1,"Çan (Çanakkale)",622099
"07/03/2024 02:06:05",26.98786,40.29116,12.39,0.42,"ML",1.3,"Lapseki (Çanakkale)",622090
"06/03/2024 18:52:12",28.76049,40.83171,6.99,0.47,"ML",1.7,"Marmara Denizi - [14.57 km] Bakırköy (İstanbul)",622048
"06/03/2024 17:59:28",28.26467,40.14518,6.97,0.2,"ML",1.1,"Karacabey (Bursa)",622040
"06/03/2024 13:43:58",27.49535,40.69706,11.64,0.27,"ML",2,"Marmara Denizi - [10.86 km] Marmara (Balıkesir)",622022
"06/03/2024 12:37:31",27.03129,40.25903,27.6,0.72,"ML",1.8,"Biga (Çanakkale)",622016
"05/03/2024 22:23:04",27.13138,40.50769,7.15,0.49,"ML",1.4,"Marmara Denizi - [09.07 km] Biga (Çanakkale)",621969
"05/03/2024 00:38:24",27.00679,40.28611,7.92,0.27,"ML",1.7,"Biga (Çanakkale)",621862
"04/03/2024 17:04:02",27.00319,40.28771,7,0.26,"ML",1.6,"Biga (Çanakkale)",621843
"04/03/2024 16:50:15",27.69966,40.79957,6.99,0.77,"ML",1.4,"Marmara Denizi - [17.65 km] Marmara (Balıkesir)",621842
"04/03/2024 16:35:24",27.00457,40.28521,12.48,0.66,"ML",1.2,"Biga (Çanakkale)",621840
"04/03/2024 14:18:58",27.00691,40.28835,7.08,0.28,"ML",2.2,"Biga (Çanakkale)",621825
"04/03/2024 05:10:47",26.98572,40.27956,10.34,0.15,"ML",1.8,"Lapseki (Çanakkale)",621759
"04/03/2024 04:49:20",28.81027,40.4201,7.69,0.53,"ML",1.7,"Marmara Denizi - Gemlik Körfezi - [03.92 km] Mudanya (Bursa)",621756
"03/03/2024 14:33:34",27.03292,40.30506,7.05,0.47,"ML",1.4,"Biga (Çanakkale)",621701
"03/03/2024 11:46:58",27.00333,40.30459,8.45,0.26,"ML",1.3,"Lapseki (Çanakkale)",621695
"03/03/2024 08:42:57",27.00955,40.291,7.05,0.47,"ML",2.1,"Biga (Çanakkale)",621681
"03/03/2024 06:38:56",28.85338,40.40199,10.67,0.44,"ML",1.3,"Marmara Denizi - Gemlik Körfezi - [03.16 km] Mudanya (Bursa)",621672
"03/03/2024 03:49:42",26.98789,40.29689,7.02,0.69,"ML",1.1,"Lapseki (Çanakkale)",621668
"03/03/2024 03:00:51",26.99168,40.28529,9.45,0.34,"ML",1.2,"Biga (Çanakkale)",621665
"03/03/2024 02:30:34",27.00362,40.27867,6.56,0.38,"ML",1.2,"Biga (Çanakkale)",621660
"03/03/2024 02:29:36",26.9835,40.28632,10.62,0.31,"ML",2,"Lapseki (Çanakkale)",621658
"03/03/2024 00:03:10",27.63166,40.0791,7,0.47,"ML",1,"Gönen (Balıkesir)",621646
"02/03/2024 23:33:57",27.0136,40.27931,7,0.27,"ML",0.8,"Biga (Çanakkale)",621643
"02/03/2024 23:26:56",29.05372,40.74923,8.48,0.24,"ML",1.2,"Marmara Denizi - [12.57 km] Çınarcık (Yalova)",621641
"02/03/2024 20:41:33",27.00381,40.28849,7.53,0.53,"ML",1.7,"Biga (Çanakkale)",621636
"02/03/2024 13:30:43",26.95536,40.05114,6.94,0.57,"ML",1.3,"Çan (Çanakkale)",621619
"02/03/2024 12:23:32",27.44382,40.34502,8.76,0.29,"ML",3.2,"Marmara Denizi - Erdek Körfezi - [07.17 km] Biga (Çanakkale)",621605
"02/03/2024 09:41:42",27.49401,40.69909,12.05,0.26,"ML",1.7,"Marmara Denizi - [10.59 km] Marmara (Balıkesir)",621603
"02/03/2024 09:16:51",27.49843,40.71028,12.12,0.38,"ML",2.6,"Marmara Denizi - [10.96 km] Marmara (Balıkesir)",621602
"02/03/2024 08:27:29",27.42471,40.77502,4.86,0.38,"ML",1.6,"Marmara Denizi - [05.63 km] Süleymanpaşa (Tekirdağ)",621596
"02/03/2024 06:03:53",27.0241,40.2614,4.79,0.5,"ML",1.6,"Biga (Çanakkale)",621588
"02/03/2024 06:02:53",27.04435,40.3021,4.29,0.5,"ML",2,"Biga (Çanakkale)",621587
"02/03/2024 04:52:46",27.02361,40.29696,7,0.33,"ML",1.1,"Biga (Çanakkale)",621570
"02/03/2024 04:45:35",27.01714,40.28016,7.18,0.39,"ML",2,"Biga (Çanakkale)",621569
"02/03/2024 04:01:27",26.34736,40.48214,13.65,0.26,"ML",2.3,"Ege Denizi - Saros Körfezi - [14.39 km] Gelibolu (Çanakkale)",621565
"02/03/2024 03:41:11",28.82015,40.42031,7,0.5,"ML",1.4,"Marmara Denizi - Gemlik Körfezi - [04.31 km] Mudanya (Bursa)",621558
"02/03/2024 02:43:23",27.04729,40.3004,7,0.48,"ML",1.1,"Biga (Çanakkale)",621575
"02/03/2024 01:17:08",27.49156,40.71797,9.36,0.38,"ML",1.7,"Marmara Denizi - [12.62 km] Marmara (Balıkesir)",621549
"01/03/2024 23:59:22",28.85645,40.40241,8.02,0.45,"ML",1.2,"Marmara Denizi - Gemlik Körfezi - [02.41 km] Mudanya (Bursa)",621537
"01/03/2024 23:24:57",26.9978,40.30074,7.03,0.24,"ML",1.1,"Lapseki (Çanakkale)",621535
"01/03/2024 19:52:04",27.04032,40.25824,7,0.32,"ML",1.2,"Biga (Çanakkale)",621503
"01/03/2024 19:30:41",27.03786,40.27811,7.78,0.39,"ML",1.7,"Biga (Çanakkale)",621502
"01/03/2024 19:07:46",27.02408,40.26986,6.89,0.43,"ML",1.3,"Biga (Çanakkale)",621501
"01/03/2024 19:03:21",27.0115,40.27936,6.78,0.3,"ML",1.5,"Biga (Çanakkale)",621500
"01/03/2024 18:31:16",28.83846,40.43752,7.01,0.48,"ML",1,"Marmara Denizi - Gemlik Körfezi - [06.32 km] Mudanya (Bursa)",621495
"01/03/2024 17:54:52",28.83317,40.19892,9.39,0.5,"ML",1.8,"Nilüfer (Bursa)",621490
"01/03/2024 16:49:43",26.95635,40.31215,7,0.71,"ML",1.2,"Lapseki (Çanakkale)",621482
"01/03/2024 16:39:02",26.9851,40.28063,12.68,0.24,"ML",1.5,"Lapseki (Çanakkale)",621476
"01/03/2024 06:05:45",27.02122,40.26221,7.29,0.61,"ML",1.4,"Biga (Çanakkale)",621418
"29/02/2024 17:21:38",28.88048,40.4015,7,0.62,"ML",1.2,"Marmara Denizi - Gemlik Körfezi - [03.77 km] Mudanya (Bursa)",621389
"29/02/2024 17:19:22",27.00358,40.2821,7,0.3,"ML",1.3,"Biga (Çanakkale)",621388
"29/02/2024 00:51:10",26.98861,40.29278,7.35,0.48,"ML",2.1,"Lapseki (Çanakkale)",621316
"28/02/2024 20:49:31",28.95638,40.58241,6.03,0.67,"ML",1.3,"Çınarcık (Yalova)",621296
"28/02/2024 18:59:37",27.01217,40.29818,7.01,0.78,"ML",1.5,"Biga (Çanakkale)",621287
"28/02/2024 18:18:52",27.62601,40.31483,7,0.59,"ML",2.3,"Gönen (Balıkesir)",621285
"28/02/2024 12:53:18",26.99417,40.25177,9.7,0.41,"ML",1.4,"Biga (Çanakkale)",621275
"28/02/2024 12:46:53",26.9596,40.28666,14,0.3,"ML",1.6,"Lapseki (Çanakkale)",621276
"28/02/2024 09:26:26",26.96488,40.29428,9.74,0.85,"ML",2,"Lapseki (Çanakkale)",621266
"28/02/2024 08:16:04",27.01544,40.28552,7.14,0.13,"ML",1.4,"Biga (Çanakkale)",621263
"28/02/2024 07:25:27",27.01169,40.28748,7.14,0.16,"ML",1.2,"Biga (Çanakkale)",621261
"28/02/2024 07:14:16",27.01584,40.27567,7.19,0.18,"ML",1.1,"Biga (Çanakkale)",621248
"28/02/2024 07:12:20",26.99697,40.29228,7.03,0.16,"ML",0.9,"Biga (Çanakkale)",621247
"28/02/2024 06:53:01",26.99959,40.28909,7.36,0.22,"ML",1.8,"Biga (Çanakkale)",621250
"28/02/2024 06:25:57",27.0247,40.28733,7.16,0.08,"ML",1.2,"Biga (Çanakkale)",621251
"28/02/2024 05:43:22",26.9972,40.27616,6.86,0.08,"ML",1,"Biga (Çanakkale)",621253
"28/02/2024 04:40:08",26.98417,40.28915,6.88,0.17,"ML",1.3,"Lapseki (Çanakkale)",621255
"28/02/2024 02:53:11",27.03308,40.26594,7.14,0.1,"ML",1.2,"Biga (Çanakkale)",621243
"28/02/2024 02:33:21",26.99292,40.2809,10.92,0.22,"ML",2.3,"Biga (Çanakkale)",621241
"28/02/2024 02:11:37",27.00011,40.28151,7,0.19,"ML",1.3,"Biga (Çanakkale)",621240
"28/02/2024 01:41:06",26.99458,40.28747,7.01,0.12,"ML",1.5,"Biga (Çanakkale)",621239
"28/02/2024 01:29:19",27.01253,40.27845,7.12,0.16,"ML",1.2,"Biga (Çanakkale)",621237
"28/02/2024 00:51:30",28.8375,40.39844,7.21,0.37,"ML",1.3,"Marmara Denizi - Gemlik Körfezi - [02.91 km] Mudanya (Bursa)",621232
"28/02/2024 00:45:39",27.03281,40.26321,6.9,0.14,"ML",1.8,"Biga (Çanakkale)",621231
"28/02/2024 00:24:19",27.01472,40.27232,7.18,0.06,"ML",1.3,"Biga (Çanakkale)",621230
"27/02/2024 23:21:54",27.0154,40.26593,7.08,0.12,"ML",1.6,"Biga (Çanakkale)",621225
"27/02/2024 23:10:50",26.9838,40.29061,7.43,0.22,"ML",2.4,"Lapseki (Çanakkale)",621223
"27/02/2024 22:52:33",26.99997,40.2925,7.19,0.28,"ML",3.8,"Biga (Çanakkale)",621221
"27/02/2024 20:31:42",26.98415,40.27287,8.54,0.21,"ML",2.7,"Biga (Çanakkale)",621217
"27/02/2024 19:58:30",27.01399,40.2873,7.01,0.21,"ML",1.6,"Biga (Çanakkale)",621215
"27/02/2024 19:29:01",27.00316,40.28023,10.03,0.2,"ML",2.6,"Biga (Çanakkale)",621211
"27/02/2024 18:32:34",27.01574,40.28338,7,0.16,"ML",1.5,"Biga (Çanakkale)",621209
"27/02/2024 17:04:14",27.01933,40.30176,7,0.37,"ML",1.8,"Biga (Çanakkale)",621204
"27/02/2024 16:31:00",27.00214,40.27271,9.44,0.33,"ML",2.9,"Biga (Çanakkale)",621200
"27/02/2024 16:16:03",27.00209,40.29675,7.04,0.47,"ML",2.4,"Biga (Çanakkale)",621198
"27/02/2024 16:09:53",27.01514,40.2872,7,0.48,"MW",4.6,"Biga (Çanakkale)",621197
"27/02/2024 14:52:11",27.00063,40.28177,11.02,0.29,"ML",2,"Biga (Çanakkale)",621193
"27/02/2024 13:41:48",27.00889,40.2803,10.37,0.44,"ML",1.6,"Biga (Çanakkale)",621183
"27/02/2024 13:22:11",26.9764,40.28729,13.98,0.34,"ML",1.4,"Lapseki (Çanakkale)",621180
"27/02/2024 13:13:34",27.01676,40.28365,10.7,0.29,"ML",2,"Biga (Çanakkale)",621177
"27/02/2024 13:05:49",27.40747,40.7673,9.69,0.43,"ML",1.9,"Marmara Denizi - [05.01 km] Şarköy (Tekirdağ)",621175
"27/02/2024 06:12:06",27.02665,40.27566,7,0.1,"ML",1.2,"Biga (Çanakkale)",621156
"27/02/2024 05:13:09",29.1561,40.64929,10.14,0.27,"ML",1.3,"Çınarcık (Yalova)",621151
"26/02/2024 14:48:46",26.96368,40.25421,16.15,0.77,"ML",1.7,"Lapseki (Çanakkale)",621105
"26/02/2024 13:21:22",27.01459,40.26338,13.9,0.37,"ML",2,"Biga (Çanakkale)",621091
"26/02/2024 12:46:13",26.99935,40.29614,7.18,0.45,"ML",1.8,"Lapseki (Çanakkale)",621088
"26/02/2024 12:03:12",27.60101,40.35026,7,0.42,"ML",2,"Marmara Denizi - Erdek Körfezi - [07.59 km] Bandırma (Balıkesir)",621087
"26/02/2024 08:50:58",27.64846,40.35348,12.43,0.38,"ML",1.9,"Marmara Denizi - Erdek Körfezi - [05.66 km] Bandırma (Balıkesir)",621070
"26/02/2024 04:51:02",27.00039,40.27805,7.46,0.32,"ML",1.3,"Biga (Çanakkale)",621038
"25/02/2024 21:58:00",29.2115,40.48578,11.27,0.27,"ML",2.2,"Gemlik (Bursa)",620988
"25/02/2024 17:08:30",29.21159,40.48533,11.83,0.32,"ML",1.3,"Gemlik (Bursa)",620965
"25/02/2024 16:43:53",29.18548,40.46373,7.08,0.32,"ML",3.1,"Gemlik (Bursa)",620963
"25/02/2024 08:32:22",28.60639,40.03982,6.89,0.2,"ML",1.2,"Mustafakemalpaşa (Bursa)",620937
"25/02/2024 08:29:28",28.61621,40.03701,6.99,0.46,"ML",1.9,"Mustafakemalpaşa (Bursa)",620936
"25/02/2024 07:07:51",27.63164,40.79542,9.63,0.4,"ML",1.2,"Marmara Denizi - [16.74 km] Marmara (Balıkesir)",620927
"25/02/2024 04:30:20",27.01227,40.26832,6.95,0.15,"ML",1.2,"Biga (Çanakkale)",620922
"25/02/2024 00:34:53",27.03394,40.27716,7.12,0.2,"ML",1,"Biga (Çanakkale)",620911
"24/02/2024 23:25:03",29.07123,40.73052,7.13,0.38,"ML",1.6,"Marmara Denizi - [10.01 km] Çınarcık (Yalova)",620906
"24/02/2024 02:48:33",29.17957,40.47039,7,0.56,"ML",2.2,"Gemlik (Bursa)",620848
"24/02/2024 00:35:44",27.02967,40.27271,7.02,0.32,"ML",1.6,"Biga (Çanakkale)",620844
"23/02/2024 22:12:58",27.01458,40.26734,7.01,0.41,"ML",2,"Biga (Çanakkale)",620836
"23/02/2024 20:11:25",28.86023,40.40878,6.95,0.73,"ML",1.7,"Marmara Denizi - Gemlik Körfezi - [03.14 km] Mudanya (Bursa)",620832
"23/02/2024 20:04:19",27.40253,40.15039,6.98,0.52,"ML",2.8,"Gönen (Balıkesir)",620829
"23/02/2024 15:14:32",29.15404,40.4167,10.86,0.44,"MW",4.1,"Gemlik (Bursa)",620807
"23/02/2024 12:47:51",29.71893,40.94635,7.45,0.2,"ML",1,"Gebze (Kocaeli)",620787
"23/02/2024 09:47:36",27.65734,40.0138,7,0.13,"ML",1.2,"Gönen (Balıkesir)",620765
"23/02/2024 09:21:19",27.50881,40.2673,6.96,0.27,"ML",2.4,"Biga (Çanakkale)",620760
"23/02/2024 07:05:05",27.03536,40.25872,6.82,0.11,"ML",1.5,"Biga (Çanakkale)",620749
"23/02/2024 07:03:38",27.02054,40.2682,6.92,0.1,"ML",1.6,"Biga (Çanakkale)",620748
"23/02/2024 06:24:15",27.03347,40.25628,7.04,0.09,"ML",2.2,"Biga (Çanakkale)",620751
"23/02/2024 06:00:02",27.0368,40.26122,8.29,0.25,"ML",2.5,"Biga (Çanakkale)",620743
"23/02/2024 05:54:50",27.03426,40.26598,7.05,0.17,"ML",2,"Biga (Çanakkale)",620752
"23/02/2024 04:24:46",27.0205,40.26496,7.63,0.28,"ML",1.3,"Kozçeşme Göleti - [00.89 km] Biga (Çanakkale)",620747
"23/02/2024 03:53:33",27.00761,40.27406,7,0.21,"ML",0.9,"Biga (Çanakkale)",620741
"23/02/2024 03:06:17",27.02567,40.27067,7,0.24,"ML",1.2,"Biga (Çanakkale)",620736
"23/02/2024 03:00:53",27.02716,40.27324,7,0.07,"ML",1,"Biga (Çanakkale)",620735
"23/02/2024 02:59:53",27.03333,40.27262,7,0.38,"ML",1.5,"Biga (Çanakkale)",620734
"23/02/2024 02:37:21",27.02878,40.26695,8.65,0.2,"ML",1.6,"Biga (Çanakkale)",620733
"22/02/2024 19:56:08",27.03874,40.2588,7.15,0.17,"ML",2.4,"Biga (Çanakkale)",620709
"22/02/2024 19:53:50",27.01876,40.27107,7.46,0.25,"ML",1.4,"Biga (Çanakkale)",620710
"22/02/2024 09:34:23",27.02082,40.34476,7.11,0.38,"ML",1.1,"Lapseki (Çanakkale)",620642
"22/02/2024 09:02:20",26.98761,40.31315,7,0.65,"ML",1.1,"Lapseki (Çanakkale)",620644
"22/02/2024 08:18:28",26.99261,40.29401,8.73,0.41,"ML",1.4,"Lapseki (Çanakkale)",620639
"22/02/2024 06:57:56",27.02982,40.26802,9.91,0.34,"ML",1.2,"Biga (Çanakkale)",620634
"22/02/2024 04:41:35",27.017,40.26855,11.47,0.49,"ML",1.7,"Biga (Çanakkale)",620628
"22/02/2024 01:41:44",27.02317,40.28529,7,0.34,"ML",1.4,"Biga (Çanakkale)",620614
"22/02/2024 01:34:41",27.02475,40.26823,9.68,0.48,"ML",1.9,"Biga (Çanakkale)",620613
"22/02/2024 01:11:43",27.03448,40.26284,6.65,0.6,"ML",0.7,"Biga (Çanakkale)",620610
"21/02/2024 21:32:03",28.87178,40.41341,7.03,0.38,"ML",1.5,"Marmara Denizi - Gemlik Körfezi - [04.63 km] Mudanya (Bursa)",620594
"21/02/2024 21:03:45",27.03843,40.2701,6.91,0.32,"ML",1.9,"Biga (Çanakkale)",620591
"21/02/2024 13:27:20",26.93672,40.32279,6.98,0.48,"ML",1.1,"Lapseki (Çanakkale)",620560
"21/02/2024 10:01:56",29.7097,40.87727,10.17,0.12,"ML",1.5,"Körfez (Kocaeli)",620539
"20/02/2024 23:26:31",28.81627,40.41117,7.04,0.42,"ML",1.3,"Marmara Denizi - Gemlik Körfezi - [03.70 km] Mudanya (Bursa)",620446
"20/02/2024 21:00:57",27.76121,40.78044,7,0.78,"ML",1.1,"Marmara Denizi - [17.20 km] Marmara (Balıkesir)",620420
"20/02/2024 20:44:58",27.66248,40.81511,10.62,0.57,"ML",1.6,"Marmara Denizi - [18.48 km] Süleymanpaşa (Tekirdağ)",620428
"20/02/2024 20:40:16",27.72759,40.81263,6.99,0.48,"ML",1.9,"Marmara Denizi - [19.60 km] Marmara (Balıkesir)",620427
"20/02/2024 20:23:18",28.96398,40.4154,9.28,0.41,"ML",1.5,"Marmara Denizi - Gemlik Körfezi - [04.53 km] Armutlu (Yalova)",620419
"20/02/2024 20:03:08",27.02116,40.27204,6.93,0.37,"ML",1.5,"Kozçeşme Göleti - [01.15 km] Biga (Çanakkale)",620416
"20/02/2024 17:58:21",27.03381,40.28047,7.06,0.23,"ML",1,"Biga (Çanakkale)",620401
"20/02/2024 16:33:30",27.02441,40.28775,7,0.23,"ML",1.2,"Biga (Çanakkale)",620387
"20/02/2024 09:06:27",27.06812,40.29185,8.57,0.47,"ML",2.6,"Biga (Çanakkale)",620356
"20/02/2024 03:43:35",27.00612,40.23722,7,0.11,"ML",1.1,"Biga (Çanakkale)",620334
"19/02/2024 19:53:38",27.59203,40.027,7,0.28,"ML",2.1,"Gönen (Balıkesir)",620313
"19/02/2024 15:56:31",29.20115,40.46099,7.15,0.41,"ML",1.8,"Gemlik (Bursa)",620303
"19/02/2024 10:45:56",29.20422,40.48189,13.2,0.48,"ML",3.5,"Gemlik (Bursa)",620277
"19/02/2024 01:49:41",27.0262,40.27654,7.39,0.35,"ML",1.1,"Biga (Çanakkale)",620241
"18/02/2024 22:21:18",27.50049,40.74624,7.1,0.32,"ML",1.1,"Marmara Denizi - [12.07 km] Süleymanpaşa (Tekirdağ)",620220
"18/02/2024 22:04:42",27.0248,40.2853,9.71,0.4,"ML",1.3,"Biga (Çanakkale)",620217
"18/02/2024 21:33:41",27.43166,40.64083,6.98,0.2,"ML",0.9,"Marmara Denizi - [09.38 km] Marmara (Balıkesir)",620211
"18/02/2024 21:29:53",27.44228,40.68778,7,0.46,"ML",1.8,"Marmara Denizi - [10.94 km] Marmara (Balıkesir)",620210
"18/02/2024 17:55:41",27.43884,40.65349,6.7,0.55,"ML",1.9,"Marmara Denizi - [09.28 km] Marmara (Balıkesir)",620198
"18/02/2024 15:52:20",27.03144,40.30107,6.82,0.47,"ML",1.6,"Biga (Çanakkale)",620192
"18/02/2024 08:00:40",27.02598,40.28329,6.99,0.15,"ML",1.3,"Biga (Çanakkale)",620164
"18/02/2024 07:52:40",28.85681,40.43346,7.75,0.47,"ML",1.4,"Marmara Denizi - Gemlik Körfezi - [05.84 km] Mudanya (Bursa)",620163
"18/02/2024 04:56:05",27.00879,40.26859,7,0.16,"ML",1.2,"Biga (Çanakkale)",620147
"18/02/2024 04:09:40",27.02111,40.26797,8.58,0.2,"ML",2.3,"Biga (Çanakkale)",620143
"18/02/2024 01:46:42",29.24303,40.56337,7.15,0.26,"ML",1.8,"Merkez (Yalova)",620134
"17/02/2024 23:59:33",28.13151,40.84106,9.77,0.41,"ML",2.3,"Marmara Denizi - [19.69 km] Marmaraereğlisi (Tekirdağ)",620126
"17/02/2024 14:00:04",27.03798,40.27674,7.03,0.3,"ML",1.7,"Biga (Çanakkale)",620103
"17/02/2024 13:57:41",27.0063,40.24872,5.87,0.12,"ML",1.3,"Biga (Çanakkale)",620100
"17/02/2024 13:31:30",27.02569,40.2657,7.09,0.32,"ML",1.9,"Biga (Çanakkale)",620098
"17/02/2024 06:25:02",27.50789,40.30349,7,0.39,"ML",1.8,"Marmara Denizi - Erdek Körfezi - [04.08 km] Gönen (Balıkesir)",620071
"17/02/2024 05:42:05",27.53567,40.30191,6.97,0.46,"MW",3.6,"Marmara Denizi - Erdek Körfezi - [04.28 km] Gönen (Balıkesir)",620063
"17/02/2024 00:57:43",27.01122,40.27398,11.36,0.4,"ML",1.8,"Biga (Çanakkale)",620042
"17/02/2024 00:29:40",27.0029,40.26029,12.89,0.46,"ML",1.8,"Biga (Çanakkale)",620039
"17/02/2024 00:21:33",27.00998,40.28501,14.18,0.49,"ML",1.5,"Biga (Çanakkale)",620038
"17/02/2024 00:17:20",27.01977,40.27504,10.19,0.42,"ML",2.3,"Biga (Çanakkale)",620037
"16/02/2024 17:42:34",27.69222,40.59517,8.57,0.37,"ML",1.9,"Marmara Denizi - [02.39 km] Marmara (Balıkesir)",620007
"16/02/2024 15:40:11",28.83939,40.40444,7.05,0.32,"ML",1.9,"Marmara Denizi - Gemlik Körfezi - [03.53 km] Mudanya (Bursa)",619993
"16/02/2024 13:45:13",27.0082,40.26863,7,0.57,"ML",1.4,"Biga (Çanakkale)",619982
"16/02/2024 13:17:46",29.60315,40.83344,13.04,0.14,"ML",1.4,"Dilovası (Kocaeli)",619977
"16/02/2024 11:14:07",27.02303,40.28808,7,0.08,"ML",1.3,"Biga (Çanakkale)",619963
"16/02/2024 11:12:30",26.99968,40.27525,7,0.22,"ML",1.6,"Biga (Çanakkale)",619962
"16/02/2024 10:50:18",27.02157,40.2631,7,0.17,"ML",1.4,"Biga (Çanakkale)",619960
"16/02/2024 07:11:57",27.03178,40.26797,5.51,0.36,"ML",2.7,"Biga (Çanakkale)",619931
"16/02/2024 07:06:14",27.02761,40.2815,3.78,0.41,"ML",1.3,"Biga (Çanakkale)",619932
"16/02/2024 06:36:02",27.03589,40.26681,7,0.44,"ML",1.6,"Biga (Çanakkale)",619925
"16/02/2024 06:32:07",27.65124,40.59533,13.05,0.41,"ML",2,"Marmara Denizi, Marmara Adası, Marmara (Balıkesir)",619926
"16/02/2024 06:23:01",27.00706,40.29401,6.97,0.14,"ML",1.3,"Biga (Çanakkale)",619924
"16/02/2024 06:18:27",26.96064,40.19939,6.91,0.19,"ML",1.3,"Biga (Çanakkale)",619923
"16/02/2024 06:15:46",27.00897,40.27549,7.13,0.36,"ML",1.3,"Biga (Çanakkale)",619922
"16/02/2024 05:53:24",26.98648,40.23206,7.89,0.4,"ML",1.7,"Biga (Çanakkale)",619905
"16/02/2024 05:35:30",27.02377,40.29413,7.07,0.3,"ML",1.4,"Biga (Çanakkale)",619904
"16/02/2024 05:34:37",27.82549,40.23868,7.01,0.33,"ML",2,"Bandırma (Balıkesir)",619906
"16/02/2024 05:17:44",27.0339,40.27176,4.42,0.46,"ML",2,"Biga (Çanakkale)",619898
"16/02/2024 05:12:40",27.05316,40.28299,7,0.32,"ML",1.6,"Biga (Çanakkale)",619897
"16/02/2024 05:03:17",27.01655,40.27471,6.9,0.09,"ML",1.3,"Kozçeşme Göleti - [01.21 km] Biga (Çanakkale)",619896
"16/02/2024 04:57:08",27.0248,40.27621,4.65,0.37,"ML",1.8,"Biga (Çanakkale)",619874
"16/02/2024 04:54:56",27.01625,40.27142,6.28,0.31,"ML",3,"Biga (Çanakkale)",619873
"16/02/2024 04:54:13",26.97593,40.19289,7,0.28,"ML",1.4,"Biga (Çanakkale)",619883
"16/02/2024 04:53:58",27.02858,40.28395,7,0.14,"ML",1.3,"Biga (Çanakkale)",619882
"16/02/2024 04:48:28",27.03956,40.28786,7.33,0.68,"ML",1.3,"Biga (Çanakkale)",619881
"16/02/2024 04:48:19",27.00436,40.2851,6.95,0.5,"ML",1,"Biga (Çanakkale)",619880
"16/02/2024 04:46:52",27.00371,40.25972,8.27,0.32,"ML",1.4,"Biga (Çanakkale)",619879
"16/02/2024 04:43:43",27.03598,40.28491,7,0.38,"ML",1.5,"Biga (Çanakkale)",619878
"16/02/2024 04:39:24",27.04083,40.28325,6,0.24,"ML",1.7,"Biga (Çanakkale)",619877
"16/02/2024 04:38:20",27.02647,40.27852,8.5,0.47,"ML",1.6,"Biga (Çanakkale)",619876
"16/02/2024 04:31:02",27.02568,40.27921,6.97,0.31,"ML",1.5,"Biga (Çanakkale)",619875
"16/02/2024 04:29:04",27.03875,40.27609,5.46,0.46,"ML",1.5,"Biga (Çanakkale)",619869
"16/02/2024 04:23:21",27.01635,40.28448,7.04,0.18,"ML",1.3,"Biga (Çanakkale)",619870
"16/02/2024 04:19:37",27.04065,40.2741,4.86,0.37,"ML",1.5,"Biga (Çanakkale)",619868
"16/02/2024 04:16:28",27.03813,40.26888,6.59,0.46,"ML",1.7,"Biga (Çanakkale)",619867
"16/02/2024 04:16:14",27.02159,40.28972,7.05,0.21,"ML",1.2,"Biga (Çanakkale)",619866
"16/02/2024 04:13:54",27.03269,40.26611,6.33,0.42,"ML",1.9,"Biga (Çanakkale)",619864
"16/02/2024 04:11:56",27.03889,40.27566,7,0.39,"ML",1.5,"Biga (Çanakkale)",619865
"16/02/2024 04:10:55",27.04089,40.27769,6.99,0.48,"ML",1.6,"Biga (Çanakkale)",619863
"16/02/2024 04:10:17",27.03554,40.27936,7,0.5,"ML",2.1,"Biga (Çanakkale)",619862
"16/02/2024 04:06:53",27.02939,40.27593,5.94,0.3,"ML",2.2,"Biga (Çanakkale)",619861
"16/02/2024 03:48:58",27.03736,40.27143,7,0.41,"ML",1.6,"Biga (Çanakkale)",619854
"15/02/2024 12:55:47",29.63609,40.59807,7,0.89,"ML",1.5,"Karamürsel (Kocaeli)",619757
"15/02/2024 11:56:38",27.00849,40.28162,10.01,0.28,"ML",2.2,"Biga (Çanakkale)",619746
"15/02/2024 10:28:34",27.51764,40.47008,13.85,0.5,"ML",2,"Marmara Denizi - [02.45 km] Marmara (Balıkesir)",619719
"14/02/2024 07:36:16",27.00269,40.28358,7.14,0.5,"ML",1.3,"Biga (Çanakkale)",619651
"14/02/2024 05:37:38",27.01091,40.27302,10.46,0.39,"ML",2.3,"Biga (Çanakkale)",619633
"14/02/2024 02:58:47",27.00286,40.28882,5.21,0.33,"ML",1.5,"Biga (Çanakkale)",619636
"14/02/2024 02:43:41",28.33078,40.81114,7.01,0.77,"ML",2.2,"Marmara Denizi - [25.49 km] Büyükçekmece (İstanbul)",619630
"14/02/2024 01:03:22",27.00647,40.29417,6.79,0.05,"ML",1.5,"Biga (Çanakkale)",619627
"14/02/2024 01:03:02",26.99928,40.2781,7.15,1.01,"ML",1.6,"Biga (Çanakkale)",619624
"14/02/2024 00:58:01",27.02843,40.28973,7.08,0.11,"ML",1,"Biga (Çanakkale)",619625
"14/02/2024 00:42:17",27.02591,40.20682,7.03,0.44,"ML",1.4,"Biga (Çanakkale)",619621
"14/02/2024 00:31:37",27.0194,40.27862,6.97,0.62,"ML",1.7,"Biga (Çanakkale)",619620
"13/02/2024 23:49:11",27.00964,40.27971,6.4,0.25,"ML",1.3,"Biga (Çanakkale)",619616
"13/02/2024 23:38:13",27.02025,40.27555,9.67,0.29,"ML",2,"Biga (Çanakkale)",619615
"13/02/2024 23:28:20",27.00394,40.28207,10.24,0.37,"ML",2.9,"Biga (Çanakkale)",619608
"13/02/2024 23:26:44",27.01111,40.28488,10.22,0.34,"ML",1.4,"Biga (Çanakkale)",619610
"13/02/2024 23:24:40",27.0186,40.28526,7.21,0.37,"ML",1.8,"Biga (Çanakkale)",619609
"13/02/2024 21:52:32",27.00941,40.27666,7.04,0.43,"ML",1.9,"Biga (Çanakkale)",619599
"13/02/2024 20:09:50",29.36541,40.31678,6.95,0.38,"ML",2.7,"Yenişehir (Bursa)",619595
"13/02/2024 15:25:01",27.54232,40.58067,13.28,0.42,"MW",3.2,"Marmara Denizi, Marmara Adası, Marmara (Balıkesir)",619584
"13/02/2024 15:07:14",27.55171,40.55773,9.63,0.39,"ML",1.7,"Marmara Denizi - [02.52 km] Marmara (Balıkesir)",619585
"13/02/2024 13:29:18",26.98075,40.27833,7,0.16,"ML",1,"Lapseki (Çanakkale)",619571
"13/02/2024 12:02:52",27.01194,40.28083,7.04,0.37,"ML",1.4,"Biga (Çanakkale)",619566
"13/02/2024 11:30:12",27.51516,40.73472,7.07,0.43,"ML",1.2,"Marmara Denizi - [13.98 km] Süleymanpaşa (Tekirdağ)",619560
"13/02/2024 08:28:01",26.23622,40.40556,6.96,0.19,"ML",1.4,"Ege Denizi - Saros Körfezi - [12.03 km] Eceabat (Çanakkale)",619547
"13/02/2024 05:31:17",27.02174,40.27633,7,0.27,"ML",1.2,"Biga (Çanakkale)",619537
"13/02/2024 05:05:40",27.04539,40.36086,6.99,0.35,"ML",1.4,"Biga (Çanakkale)",619524
"13/02/2024 05:01:19",26.99512,40.28075,8.94,0.15,"ML",1.4,"Biga (Çanakkale)",619523
"13/02/2024 04:53:51",26.99772,40.27504,8.17,0.3,"ML",1.4,"Biga (Çanakkale)",619520
"13/02/2024 04:52:40",27.00425,40.28631,6.51,0.2,"ML",1.8,"Biga (Çanakkale)",619519
"13/02/2024 02:52:20",27.00449,40.28586,3.59,0.67,"ML",2.3,"Biga (Çanakkale)",619525
"13/02/2024 01:06:38",27.00758,40.26798,7.39,0.76,"ML",1.6,"Biga (Çanakkale)",619513
"13/02/2024 00:36:35",27.84335,40.17063,4.98,0.48,"ML",1.4,"Gönen (Balıkesir)",619512
"12/02/2024 23:18:45",27.00877,40.27963,6.98,0.22,"ML",1.5,"Biga (Çanakkale)",619507
"12/02/2024 23:11:53",27.01221,40.27656,9.88,0.28,"ML",2.1,"Biga (Çanakkale)",619505
"12/02/2024 23:09:26",26.99065,40.2875,8.91,0.15,"ML",1.4,"Biga (Çanakkale)",619506
"12/02/2024 22:55:37",27.01633,40.28876,10.6,0.37,"ML",1.6,"Biga (Çanakkale)",619499
"12/02/2024 21:13:47",26.99566,40.28389,7.03,0.11,"ML",1.4,"Biga (Çanakkale)",619492
"12/02/2024 20:25:59",27.02224,40.28085,8.21,0.29,"ML",1.7,"Biga (Çanakkale)",619490
"12/02/2024 19:35:19",28.13166,40.8368,18.87,0.58,"ML",1.7,"Marmara Denizi - [20.51 km] Marmaraereğlisi (Tekirdağ)",619485
"12/02/2024 18:23:36",27.02515,40.30248,4.8,0.73,"ML",1.9,"Biga (Çanakkale)",619482
"12/02/2024 18:07:44",27.03074,40.28232,7,0.67,"ML",1.7,"Biga (Çanakkale)",619479
"12/02/2024 17:56:40",27.0206,40.28695,7,0.58,"ML",2.4,"Biga (Çanakkale)",619477
"12/02/2024 17:53:55",27.03385,40.28365,7.02,0.68,"ML",1.7,"Biga (Çanakkale)",619478
"12/02/2024 17:41:09",27.00113,40.28301,10.71,0.16,"ML",1.5,"Biga (Çanakkale)",619474
"12/02/2024 17:29:27",27.00895,40.27759,7,0.15,"ML",1.7,"Biga (Çanakkale)",619470
"12/02/2024 17:20:47",27.01628,40.27432,7,0.37,"ML",1.5,"Biga (Çanakkale)",619469
"12/02/2024 16:56:07",27.01394,40.2887,7,0.35,"ML",1.5,"Biga (Çanakkale)",619459
"12/02/2024 16:53:51",27.04111,40.25226,7,0.4,"ML",1.4,"Biga (Çanakkale)",619458
"12/02/2024 16:48:44",26.99117,40.27084,12.12,0.41,"ML",2.3,"Biga (Çanakkale)",619456
"12/02/2024 16:46:51",27.03901,40.29631,7,0.9,"ML",1.2,"Biga (Çanakkale)",619457
"12/02/2024 16:43:39",26.99966,40.2796,11.39,0.29,"ML",2,"Biga (Çanakkale)",619466
"12/02/2024 16:33:48",27.00413,40.27997,12.64,0.31,"ML",1.8,"Biga (Çanakkale)",619465
"12/02/2024 16:32:41",27.00355,40.28479,11.25,0.32,"ML",1.9,"Biga (Çanakkale)",619463
"12/02/2024 16:27:18",27.00969,40.29645,7,0.44,"ML",1.8,"Biga (Çanakkale)",619455
"12/02/2024 16:24:23",27.0151,40.26356,7,0.33,"ML",1.7,"Biga (Çanakkale)",619454
"12/02/2024 16:17:31",27.01536,40.29276,6.39,0.42,"ML",2,"Biga (Çanakkale)",619453
"12/02/2024 16:16:32",27.01012,40.28241,11.49,0.36,"ML",2.7,"Biga (Çanakkale)",619451
"12/02/2024 16:15:58",27.4473,40.28105,27.94,0.87,"ML",1.7,"Biga (Çanakkale)",619452
"12/02/2024 16:13:36",27.02053,40.26968,6.95,0.38,"ML",1.8,"Biga (Çanakkale)",619462
"12/02/2024 16:11:04",27.03438,40.27723,6.73,0.44,"ML",1.8,"Biga (Çanakkale)",619461
"12/02/2024 16:05:32",27.00174,40.25878,11.82,0.28,"ML",2.1,"Biga (Çanakkale)",619460
"12/02/2024 15:23:35",26.99698,40.28484,7,0.38,"ML",1.9,"Biga (Çanakkale)",619447
"12/02/2024 15:03:08",26.99763,40.26768,7,0.18,"ML",1.8,"Biga (Çanakkale)",619440
"12/02/2024 14:55:29",27.00176,40.28661,7,0.41,"ML",2.3,"Biga (Çanakkale)",619442
"12/02/2024 14:53:50",27.01338,40.28864,10.33,0.41,"ML",2.6,"Biga (Çanakkale)",619441
"12/02/2024 14:48:21",27.01384,40.27963,7,0.2,"ML",1.8,"Biga (Çanakkale)",619443
"12/02/2024 14:46:59",27.01496,40.28769,7,0.35,"ML",1.7,"Biga (Çanakkale)",619444
"12/02/2024 14:13:09",27.00292,40.28942,10.21,0.24,"ML",2.2,"Biga (Çanakkale)",619439
"11/02/2024 09:30:14",28.79137,40.49024,8.38,0.27,"ML",1.6,"Marmara Denizi - Gemlik Körfezi - [03.10 km] Armutlu (Yalova)",619312
"11/02/2024 01:07:26",28.89531,40.47858,11.24,0.28,"ML",1.2,"Armutlu (Yalova)",619262
"10/02/2024 20:05:12",27.01361,40.29152,5.54,0.46,"ML",1.7,"Biga (Çanakkale)",619225
"10/02/2024 02:11:36",27.46626,40.51236,4.45,0.53,"ML",1.4,"Marmara Denizi - [02.40 km] Marmara (Balıkesir)",619172
"09/02/2024 12:10:24",29.98922,40.16516,6.89,0.34,"ML",1.1,"Merkez (Bilecik)",619115
"08/02/2024 14:09:59",27.6068,40.63677,5.89,0.21,"ML",1.5,"Marmara Denizi, Marmara Adası, Marmara (Balıkesir)",619008
"08/02/2024 04:36:48",27.00767,40.28112,4.68,0.7,"ML",2.1,"Biga (Çanakkale)",618982
"08/02/2024 03:36:40",27.11216,40.50078,6.49,0.58,"ML",2,"Marmara Denizi - [08.22 km] Biga (Çanakkale)",618981
"07/02/2024 03:33:16",27.37939,40.57861,17.66,0.59,"ML",1.7,"Marmara Denizi - [09.12 km] Marmara (Balıkesir)",618893
"07/02/2024 03:02:04",27.41281,40.88278,34.03,0.47,"ML",1.1,"Süleymanpaşa (Tekirdağ)",618891
"06/02/2024 22:01:30",28.84153,40.40488,7,0.47,"ML",1.5,"Marmara Denizi - Gemlik Körfezi - [03.38 km] Mudanya (Bursa)",618871
"06/02/2024 17:46:52",29.22218,40.30755,7.03,0.46,"ML",1.2,"Gürsu (Bursa)",618842
"06/02/2024 12:38:39",27.71185,40.8054,8.5,0.89,"ML",1.5,"Marmara Denizi - [18.08 km] Marmara (Balıkesir)",618831
"06/02/2024 07:50:00",27.00514,40.27423,8.98,0.29,"ML",1.7,"Biga (Çanakkale)",618810
"06/02/2024 07:01:23",27.03557,40.27839,6.64,0.4,"ML",1.2,"Biga (Çanakkale)",618800
"06/02/2024 06:21:35",27.00004,40.27968,6.92,0.08,"ML",1,"Biga (Çanakkale)",618791
"06/02/2024 06:05:21",26.99673,40.28261,8.01,0.49,"ML",1.4,"Biga (Çanakkale)",618790
"06/02/2024 06:00:29",26.98413,40.23559,7.34,0.29,"ML",1.2,"Biga (Çanakkale)",618789
"06/02/2024 05:54:35",27.02065,40.29066,4.39,0.17,"ML",1.3,"Biga (Çanakkale)",618779
"06/02/2024 05:48:45",27.02952,40.27467,6.87,0.5,"ML",1.6,"Biga (Çanakkale)",618778
"06/02/2024 05:45:02",27.02866,40.28819,6.95,0.23,"ML",1.1,"Biga (Çanakkale)",618780
"06/02/2024 05:27:36",27.01775,40.28213,7.25,0.22,"ML",1.7,"Biga (Çanakkale)",618768
"06/02/2024 05:16:55",27.02936,40.26289,8.85,0.28,"ML",1.6,"Biga (Çanakkale)",618767
"06/02/2024 05:12:02",27.03418,40.27565,7.07,0.48,"ML",1.3,"Biga (Çanakkale)",618766
"06/02/2024 05:09:42",27.02531,40.28005,7.36,0.44,"ML",1.6,"Biga (Çanakkale)",618765
"06/02/2024 01:42:54",27.01563,40.29238,5.95,0.33,"ML",1.2,"Biga (Çanakkale)",618764
"06/02/2024 00:33:53",27.41878,40.40233,7,0.47,"ML",1.6,"Marmara Denizi - Erdek Körfezi - [08.88 km] Biga (Çanakkale)",618742
"05/02/2024 23:46:53",27.36404,40.41805,7.01,0.29,"ML",1.1,"Marmara Denizi - [04.53 km] Biga (Çanakkale)",618721
"05/02/2024 23:15:23",28.85389,40.43527,9.56,0.5,"ML",1.4,"Marmara Denizi - Gemlik Körfezi - [06.27 km] Mudanya (Bursa)",618711
"05/02/2024 18:40:04",27.03028,40.28779,11.14,0.36,"ML",2.3,"Biga (Çanakkale)",618688
"05/02/2024 16:54:07",27.48183,40.7171,7,0.4,"ML",1.5,"Marmara Denizi - [12.73 km] Marmara (Balıkesir)",618679
"05/02/2024 00:11:31",27.02167,40.28384,7.32,0.44,"ML",1.7,"Biga (Çanakkale)",618594
"04/02/2024 21:11:02",27.03279,40.27666,7,0.5,"ML",2,"Biga (Çanakkale)",618575
"04/02/2024 08:32:49",28.80993,40.41278,7.05,0.5,"ML",1.4,"Marmara Denizi - Gemlik Körfezi - [03.21 km] Mudanya (Bursa)",618526
"04/02/2024 07:28:45",26.99579,40.28236,12.5,0.54,"ML",1.7,"Biga (Çanakkale)",618520
"04/02/2024 07:17:52",27.01793,40.28306,7.14,0.4,"ML",2.9,"Biga (Çanakkale)",618508
"04/02/2024 04:00:39",28.88467,40.38343,7.05,0.53,"ML",1.2,"Marmara Denizi - Gemlik Körfezi - [01.45 km] Mudanya (Bursa)",618504
"04/02/2024 03:10:55",26.35514,40.47778,7.35,0.33,"ML",3.4,"Ege Denizi - Saros Körfezi - [13.49 km] Gelibolu (Çanakkale)",618495
"04/02/2024 00:49:29",27.00902,40.29992,7,0.29,"ML",1,"Biga (Çanakkale)",618481
"03/02/2024 22:47:09",28.83874,40.42233,18.8,0.46,"ML",1.9,"Marmara Denizi - Gemlik Körfezi - [05.54 km] Mudanya (Bursa)",618476
"03/02/2024 13:51:47",28.88848,40.42369,18.36,0.71,"ML",2,"Marmara Denizi - Gemlik Körfezi - [05.14 km] Mudanya (Bursa)",618436
"02/02/2024 17:59:11",27.71716,40.81796,7.97,0.51,"ML",1.1,"Marmara Denizi - [19.87 km] Marmara (Balıkesir)",618332
"02/02/2024 12:42:48",28.88784,40.41577,7.12,0.43,"ML",1.6,"Marmara Denizi - Gemlik Körfezi - [05.03 km] Mudanya (Bursa)",618297
"02/02/2024 08:01:32",26.34884,40.42869,7,0.13,"ML",1.2,"Ege Denizi - Saros Körfezi - [11.24 km] Gelibolu (Çanakkale)",618260
"01/02/2024 15:25:49",28.82046,40.41472,8.01,0.6,"ML",1.5,"Marmara Denizi - Gemlik Körfezi - [03.36 km] Mudanya (Bursa)",618207
"31/01/2024 15:48:35",28.86701,40.41541,6.99,0.72,"ML",3.1,"Marmara Denizi - Gemlik Körfezi - [04.30 km] Mudanya (Bursa)",618096
"31/01/2024 13:17:30",28.88778,40.41812,8.2,0.63,"ML",3.2,"Marmara Denizi - Gemlik Körfezi - [05.15 km] Mudanya (Bursa)",618090
"31/01/2024 05:20:34",27.37778,40.68646,7.17,0.37,"ML",1.7,"Marmara Denizi - [06.37 km] Şarköy (Tekirdağ)",618043
"31/01/2024 03:20:20",28.88844,40.39661,7,0.5,"ML",1.5,"Marmara Denizi - Gemlik Körfezi - [03.15 km] Mudanya (Bursa)",618060
"30/01/2024 20:55:07",28.83417,40.41693,9.57,0.41,"ML",3.2,"Marmara Denizi - Gemlik Körfezi - [04.51 km] Mudanya (Bursa)",617995
"30/01/2024 01:56:18",28.83737,40.43233,7.29,0.41,"ML",1.8,"Marmara Denizi - Gemlik Körfezi - [06.00 km] Mudanya (Bursa)",617917
"29/01/2024 18:42:26",28.82014,40.46597,8.68,0.4,"ML",1.6,"Marmara Denizi - Gemlik Körfezi - [04.38 km] Armutlu (Yalova)",617889
"29/01/2024 17:30:59",28.8754,40.41361,23,0.5,"ML",2.3,"Marmara Denizi - Gemlik Körfezi - [03.86 km] Mudanya (Bursa)",617880
"29/01/2024 07:09:11",28.83193,40.39028,6.88,0.45,"ML",1.5,"Marmara Denizi - Gemlik Körfezi - [01.11 km] Mudanya (Bursa)",617840
"28/01/2024 18:15:20",28.82433,40.41939,6.98,0.34,"ML",2.7,"Marmara Denizi - Gemlik Körfezi - [04.50 km] Mudanya (Bursa)",617770
"27/01/2024 06:54:49",28.84178,40.41917,7,0.5,"ML",1.4,"Marmara Denizi - Gemlik Körfezi - [04.71 km] Mudanya (Bursa)",617559
"27/01/2024 06:27:47",28.84122,40.42203,4.74,0.35,"ML",2.7,"Marmara Denizi - Gemlik Körfezi - [05.06 km] Mudanya (Bursa)",617549
"27/01/2024 06:19:31",28.83683,40.43048,7.02,0.25,"ML",1.7,"Marmara Denizi - Gemlik Körfezi - [06.15 km] Mudanya (Bursa)",617550
"27/01/2024 06:17:36",28.83155,40.41938,3.82,0.31,"ML",3.1,"Marmara Denizi - Gemlik Körfezi - [04.43 km] Mudanya (Bursa)",617548
"27/01/2024 05:19:47",28.84199,40.41522,9.51,0.39,"ML",3,"Marmara Denizi - Gemlik Körfezi - [04.65 km] Mudanya (Bursa)",617541
"27/01/2024 01:21:46",27.35583,40.76406,11.2,0.42,"ML",2.3,"Marmara Denizi - [02.99 km] Şarköy (Tekirdağ)",617526
"26/01/2024 16:51:31",29.76328,40.94794,7,0.21,"ML",1.4,"Körfez (Kocaeli)",617481
"26/01/2024 16:22:44",28.81633,40.46153,7.13,0.55,"ML",1.9,"Marmara Denizi - Gemlik Körfezi - [04.49 km] Armutlu (Yalova)",617477
"26/01/2024 15:21:56",28.1184,40.73764,6.9,0.63,"ML",2.1,"Marmara Denizi - [28.25 km] Marmaraereğlisi (Tekirdağ)",617471
"26/01/2024 14:26:39",28.83021,40.46319,6.99,0.48,"ML",1.5,"Marmara Denizi - Gemlik Körfezi - [04.61 km] Armutlu (Yalova)",617462
"26/01/2024 12:19:29",26.99933,40.03009,7.27,0.65,"ML",1.2,"Çan (Çanakkale)",617443
"26/01/2024 08:15:26",28.84913,40.42647,7,0.26,"ML",2.1,"Marmara Denizi - Gemlik Körfezi - [05.77 km] Mudanya (Bursa)",617409
"25/01/2024 23:12:06",28.82514,40.40189,7,0.41,"ML",1.3,"Marmara Denizi - Gemlik Körfezi - [02.34 km] Mudanya (Bursa)",617360
"25/01/2024 19:14:10",27.88263,40.81289,3.73,0.53,"ML",1.4,"Marmara Denizi - [17.06 km] Marmaraereğlisi (Tekirdağ)",617337
"25/01/2024 13:10:17",27.48297,40.78032,7,0.34,"ML",1.2,"Marmara Denizi - [08.38 km] Süleymanpaşa (Tekirdağ)",617291
"24/01/2024 15:05:10",29.23561,40.71788,10.81,0.69,"ML",1.6,"Marmara Denizi - [08.07 km] Merkez (Yalova)",617187
"24/01/2024 13:09:15",28.8015,40.41833,9.22,0.82,"ML",1.6,"Marmara Denizi - Gemlik Körfezi - [03.89 km] Mudanya (Bursa)",617178
"24/01/2024 02:47:15",27.36256,40.67055,8.64,0.46,"ML",1.4,"Marmara Denizi - [06.26 km] Şarköy (Tekirdağ)",617142
"24/01/2024 02:24:05",29.30166,40.20912,9.05,0.42,"ML",1.7,"Kestel (Bursa)",617137
"23/01/2024 13:29:17",29.37989,40.2509,7,2.04,"ML",1.1,"Kestel (Bursa)",617045
"21/01/2024 18:31:59",28.84834,40.4166,7.03,0.38,"ML",2,"Marmara Denizi - Gemlik Körfezi - [04.04 km] Mudanya (Bursa)",616912
"19/01/2024 16:18:22",27.06179,40.13781,7,0.23,"ML",1.1,"Çan (Çanakkale)",616712
"18/01/2024 11:10:32",28.82083,40.44471,7.15,0.32,"ML",2.1,"Marmara Denizi - Gemlik Körfezi - [06.69 km] Armutlu (Yalova)",616594
"18/01/2024 02:09:15",28.86841,40.38579,7,0.65,"ML",1.2,"Marmara Denizi - Gemlik Körfezi - [01.28 km] Mudanya (Bursa)",616557
"18/01/2024 00:59:34",28.7922,40.38283,7.02,0.42,"ML",1.5,"Mudanya (Bursa)",616552
"17/01/2024 21:47:38",28.8311,40.42047,6.31,0.8,"ML",2.8,"Marmara Denizi - Gemlik Körfezi - [04.33 km] Mudanya (Bursa)",616531
"16/01/2024 20:40:09",28.88279,40.39551,6.58,0.42,"ML",1.7,"Marmara Denizi - Gemlik Körfezi - [02.92 km] Mudanya (Bursa)",616377
"16/01/2024 14:46:44",28.8415,40.40611,18.1,0.45,"ML",1.9,"Marmara Denizi - Gemlik Körfezi - [02.84 km] Mudanya (Bursa)",616357
"16/01/2024 02:36:06",27.48806,40.78369,11.68,0.48,"ML",2,"Marmara Denizi - [08.70 km] Süleymanpaşa (Tekirdağ)",616333
"14/01/2024 06:36:15",28.84023,40.43779,6.99,0.66,"ML",1.5,"Marmara Denizi - Gemlik Körfezi - [06.41 km] Mudanya (Bursa)",616156
"14/01/2024 03:37:37",29.00677,40.611,7.34,0.23,"ML",1.4,"Çınarcık (Yalova)",616149
"13/01/2024 14:12:37",28.87132,40.34801,7.83,0.12,"ML",1.3,"Mudanya (Bursa)",616117
"13/01/2024 10:51:17",28.84234,40.41462,7.01,0.54,"ML",2.1,"Marmara Denizi - Gemlik Körfezi - [03.73 km] Mudanya (Bursa)",616111
"12/01/2024 19:54:11",28.85056,40.44112,7.12,0.89,"ML",1.7,"Marmara Denizi - Gemlik Körfezi - [06.31 km] Armutlu (Yalova)",616057
"12/01/2024 07:43:48",27.42143,40.76533,12.82,0.31,"ML",1.1,"Marmara Denizi - [05.65 km] Şarköy (Tekirdağ)",615995
"12/01/2024 06:28:08",28.82605,40.40477,7.02,0.38,"ML",1.3,"Marmara Denizi - Gemlik Körfezi - [02.54 km] Mudanya (Bursa)",615988
"12/01/2024 03:40:28",27.33139,40.58151,10.38,0.47,"ML",1.2,"Marmara Denizi - [12.35 km] Şarköy (Tekirdağ)",615979
"12/01/2024 01:31:40",28.83942,40.42707,6,0.49,"ML",1.7,"Marmara Denizi - Gemlik Körfezi - [05.82 km] Mudanya (Bursa)",615963
"11/01/2024 20:59:39",28.85002,40.41798,7.5,0.41,"ML",2.5,"Marmara Denizi - Gemlik Körfezi - [04.66 km] Mudanya (Bursa)",615932
"11/01/2024 20:14:51",28.86519,40.42228,6.37,0.52,"ML",1.2,"Marmara Denizi - Gemlik Körfezi - [05.48 km] Mudanya (Bursa)",615930
"11/01/2024 13:39:49",27.05827,40.14735,7,0.38,"ML",1.8,"Biga (Çanakkale)",615870
"11/01/2024 12:13:35",29.9865,40.1717,8.78,0.42,"ML",1.1,"Merkez (Bilecik)",615860
"11/01/2024 01:51:12",27.4802,40.70485,7.69,0.45,"ML",2.3,"Marmara Denizi - [11.38 km] Marmara (Balıkesir)",615817
"10/01/2024 20:10:06",28.8636,40.40503,11.2,0.47,"ML",3.6,"Marmara Denizi - Gemlik Körfezi - [03.36 km] Mudanya (Bursa)",615784
"10/01/2024 13:13:40",27.0494,40.13372,7,0.16,"ML",1.5,"Çan (Çanakkale)",615763
"10/01/2024 01:45:47",27.33431,40.50239,7,0.44,"ML",2.1,"Marmara Denizi - [10.63 km] Biga (Çanakkale)",615717
"09/01/2024 22:52:39",28.84224,40.41734,6.95,0.72,"ML",2,"Marmara Denizi - Gemlik Körfezi - [04.50 km] Mudanya (Bursa)",615710
"09/01/2024 16:28:15",28.83305,40.40356,7.02,0.44,"ML",2,"Marmara Denizi - Gemlik Körfezi - [03.40 km] Mudanya (Bursa)",615694
"09/01/2024 11:42:09",28.86522,40.45017,6.98,0.83,"ML",1.6,"Marmara Denizi - Gemlik Körfezi - [04.04 km] Armutlu (Yalova)",615658
"09/01/2024 10:35:22",28.62052,40.11067,12.19,0.39,"ML",2.4,"Ulubat Gölü - [02.62 km] Mustafakemalpaşa (Bursa)",615647
"09/01/2024 06:11:16",28.83288,40.38493,6.98,0.29,"ML",1.7,"Marmara Denizi - Gemlik Körfezi - [01.06 km] Mudanya (Bursa)",615624
"09/01/2024 04:56:28",28.82761,40.40738,10.63,0.26,"ML",3.1,"Marmara Denizi - Gemlik Körfezi - [03.35 km] Mudanya (Bursa)",615619
"09/01/2024 04:31:39",27.96681,40.76671,6.92,0.27,"ML",2,"Marmara Denizi - [21.04 km] Marmaraereğlisi (Tekirdağ)",615620
"09/01/2024 02:40:50",28.61233,40.06959,6.99,0.17,"ML",1.7,"Mustafakemalpaşa (Bursa)",615614
"08/01/2024 22:06:34",28.77114,40.48871,8.87,0.49,"ML",1.5,"Marmara Denizi - Gemlik Körfezi - [03.87 km] Armutlu (Yalova)",615601
"08/01/2024 03:33:46",27.64832,40.01947,6.99,0.4,"ML",1.4,"Gönen (Balıkesir)",615542
"07/01/2024 13:09:32",28.85044,40.16705,6.37,0.48,"ML",2,"Nilüfer (Bursa)",615477
"07/01/2024 05:50:06",27.75672,40.83683,6.94,0.27,"ML",1.6,"Marmara Denizi - [20.30 km] Marmaraereğlisi (Tekirdağ)",615446
"06/01/2024 04:23:16",28.0675,40.09105,5.34,0.48,"ML",1.2,"Manyas (Balıkesir)",615303
"06/01/2024 00:01:47",28.83512,40.42065,7,0.52,"ML",1.8,"Marmara Denizi - Gemlik Körfezi - [04.98 km] Mudanya (Bursa)",615262
"05/01/2024 07:20:09",28.84111,40.40919,9.49,0.47,"ML",2.1,"Marmara Denizi - Gemlik Körfezi - [03.62 km] Mudanya (Bursa)",615157
"05/01/2024 04:47:04",28.84417,40.42315,7.03,0.39,"ML",1.6,"Marmara Denizi - Gemlik Körfezi - [05.36 km] Mudanya (Bursa)",615155
"05/01/2024 01:23:28",28.80433,40.42743,7.01,0.68,"ML",1.6,"Marmara Denizi - Gemlik Körfezi - [05.35 km] Mudanya (Bursa)",615143
"05/01/2024 00:25:14",28.82908,40.41361,7.05,0.43,"ML",1.8,"Marmara Denizi - Gemlik Körfezi - [03.29 km] Mudanya (Bursa)",615139
"05/01/2024 00:23:37",28.87524,40.44797,6.99,0.54,"ML",1.7,"Marmara Denizi - Gemlik Körfezi - [04.00 km] Armutlu (Yalova)",615140
"04/01/2024 18:22:04",27.8669,40.8005,7,0.45,"ML",1.8,"Marmara Denizi - [18.66 km] Marmaraereğlisi (Tekirdağ)",615126
"04/01/2024 09:40:08",28.82353,40.4586,6.78,0.61,"ML",1.9,"Marmara Denizi - Gemlik Körfezi - [05.22 km] Armutlu (Yalova)",615083
"04/01/2024 05:31:37",28.87652,40.38267,9.08,0.56,"ML",1.3,"Marmara Denizi - Gemlik Körfezi - [01.08 km] Mudanya (Bursa)",615073
"03/01/2024 11:28:17",28.12779,40.38103,13.5,0.95,"ML",1.6,"Marmara Denizi - Bandırma Körfezi - [01.61 km] Bandırma (Balıkesir)",615024
"01/01/2024 03:48:07",27.80701,40.76525,7,0.96,"ML",1.4,"Marmara Denizi - [18.49 km] Marmara (Balıkesir)",614722
"01/01/2024 00:53:41",28.8146,40.4777,7.55,0.24,"ML",1.1,"Marmara Denizi - Gemlik Körfezi - [03.37 km] Armutlu (Yalova)",614712
"31/12/2023 22:01:00",29.16918,40.23361,8.64,0.29,"ML",1.8,"Gürsu (Bursa)",614693
"31/12/2023 04:39:37",27.56036,40.45119,7.54,0.26,"ML",2.3,"Marmara Denizi - [03.60 km] Erdek (Balıkesir)",614617
"31/12/2023 02:52:13",27.23528,40.11526,7.01,0.3,"ML",1,"Biga (Çanakkale)",614615
"31/12/2023 02:30:19",28.84178,40.42247,9.41,0.3,"ML",1.8,"Marmara Denizi - Gemlik Körfezi - [04.84 km] Mudanya (Bursa)",614613
"31/12/2023 01:28:14",28.84751,40.39814,6.96,0.28,"ML",1.5,"Marmara Denizi - Gemlik Körfezi - [02.78 km] Mudanya (Bursa)",614611
"30/12/2023 23:53:27",29.17267,40.2683,7.4,0.43,"ML",1.5,"Gürsu (Bursa)",614606
"30/12/2023 23:50:14",29.12759,40.2523,7,0.43,"ML",1.7,"Gürsu (Bursa)",614605
"30/12/2023 23:43:24",29.15407,40.24024,9.07,0.48,"ML",3.4,"Gürsu (Bursa)",614604
"30/12/2023 18:04:39",28.84945,40.44475,9.14,0.18,"ML",1.5,"Marmara Denizi - Gemlik Körfezi - [05.61 km] Armutlu (Yalova)",614589
"30/12/2023 14:24:38",28.86748,40.42324,7.01,0.54,"ML",2.3,"Marmara Denizi - Gemlik Körfezi - [05.40 km] Mudanya (Bursa)",614578
"30/12/2023 07:48:04",28.64428,40.06665,7.12,0.6,"ML",1.7,"Mustafakemalpaşa (Bursa)",614560
"30/12/2023 03:28:25",28.81903,40.41824,7,0.54,"ML",1.6,"Marmara Denizi - Gemlik Körfezi - [03.91 km] Mudanya (Bursa)",614546
"30/12/2023 02:51:00",28.84563,40.38522,7,0.35,"ML",1.5,"Marmara Denizi - Gemlik Körfezi - [01.46 km] Mudanya (Bursa)",614545
"29/12/2023 21:51:05",28.81999,40.39296,7.09,0.57,"ML",1.2,"Marmara Denizi - Gemlik Körfezi - [02.21 km] Mudanya (Bursa)",614532
"29/12/2023 18:44:55",28.84074,40.42041,7.02,0.55,"ML",1.8,"Marmara Denizi - Gemlik Körfezi - [04.51 km] Mudanya (Bursa)",614518
"29/12/2023 03:25:28",27.83824,40.03433,9.33,0.26,"ML",1.1,"Manyas (Balıkesir)",614397
"28/12/2023 17:17:22",27.41115,40.73789,7.08,0.41,"ML",1.6,"Marmara Denizi - [06.88 km] Şarköy (Tekirdağ)",614334
"28/12/2023 03:35:22",28.86345,40.39464,7,0.28,"ML",1.2,"Marmara Denizi - Gemlik Körfezi - [02.23 km] Mudanya (Bursa)",614294
"27/12/2023 17:36:09",29.04404,40.72958,7.01,0.53,"ML",1.7,"Marmara Denizi - [10.08 km] Çınarcık (Yalova)",614255
"27/12/2023 15:15:26",29.08632,40.74971,10.31,0.31,"ML",1.3,"Marmara Denizi - [11.86 km] Adalar (İstanbul)",614242
"27/12/2023 14:50:32",28.34773,40.9616,7,0.92,"ML",1.4,"Marmara Denizi - [09.66 km] Silivri (İstanbul)",614237
"27/12/2023 12:24:08",27.02847,40.01041,7.02,0.45,"ML",1.3,"Çan (Çanakkale)",614225
"26/12/2023 20:02:54",28.85128,40.43048,7.01,0.36,"ML",1.6,"Marmara Denizi - Gemlik Körfezi - [05.83 km] Mudanya (Bursa)",614131
"26/12/2023 18:17:52",28.141,40.0919,7.57,0.47,"ML",1.8,"Susurluk (Balıkesir)",614114
"26/12/2023 15:33:53",26.95554,40.05806,6.86,0.73,"ML",1.6,"Çan (Çanakkale)",614092
"26/12/2023 11:54:28",29.30917,40.31294,7.32,0.87,"ML",1.2,"Kestel (Bursa)",614063
"26/12/2023 11:41:42",26.24472,40.14949,12.78,0.22,"ML",1.8,"Eceabat (Çanakkale)",614060
"26/12/2023 11:41:26",28.84334,40.41498,7,0.23,"ML",1.3,"Marmara Denizi - Gemlik Körfezi - [04.55 km] Mudanya (Bursa)",614061
"25/12/2023 22:11:37",27.4866,40.70493,11.12,0.29,"ML",2.3,"Marmara Denizi - [10.93 km] Marmara (Balıkesir)",613995
"25/12/2023 15:20:59",27.47988,40.70185,11.89,0.26,"ML",1.8,"Marmara Denizi - [11.47 km] Marmara (Balıkesir)",613978
"25/12/2023 14:53:48",27.45506,40.71877,7,0.16,"ML",1.4,"Marmara Denizi - [10.71 km] Şarköy (Tekirdağ)",613972
"25/12/2023 12:39:06",29.99415,40.47194,7,0.71,"ML",1,"Pamukova (Sakarya)",613959
"25/12/2023 08:13:54",28.79909,40.44141,7,0.55,"ML",1.5,"Marmara Denizi - Gemlik Körfezi - [06.48 km] Mudanya (Bursa)",613936
"25/12/2023 03:14:36",27.33463,40.12298,6.99,0.36,"ML",2.4,"Biga (Çanakkale)",613903
"24/12/2023 22:36:39",29.18852,40.48596,10.15,0.53,"ML",1.5,"Gemlik (Bursa)",613882
"24/12/2023 21:26:53",27.50594,40.29108,7.02,0.44,"ML",1.4,"Biga (Çanakkale)",613877
"24/12/2023 21:08:02",28.85596,40.40685,7.57,0.37,"ML",1.8,"Marmara Denizi - Gemlik Körfezi - [03.20 km] Mudanya (Bursa)",613874
"24/12/2023 18:18:56",28.82544,40.41754,10.44,0.41,"ML",3,"Marmara Denizi - Gemlik Körfezi - [04.26 km] Mudanya (Bursa)",613858
"24/12/2023 14:38:21",27.20366,40.337,7.07,0.48,"ML",2.1,"Biga (Çanakkale)",613851
"24/12/2023 02:19:45",27.47162,40.71682,8.75,0.39,"ML",1.7,"Marmara Denizi - [12.70 km] Marmara (Balıkesir)",613800
"23/12/2023 23:54:37",28.78478,40.28024,8.11,0.31,"ML",1.4,"Mudanya (Bursa)",613774
"23/12/2023 23:51:16",28.8314,40.40832,7,0.52,"ML",2.1,"Marmara Denizi - Gemlik Körfezi - [03.31 km] Mudanya (Bursa)",613773
"23/12/2023 23:02:23",26.36841,40.44374,7.04,0.17,"ML",1.5,"Ege Denizi - Saros Körfezi - [10.86 km] Gelibolu (Çanakkale)",613757
"23/12/2023 04:44:33",27.66833,40.56743,6.18,0.66,"ML",2.4,"Marmara Denizi - [03.81 km] Marmara (Balıkesir)",613700
"23/12/2023 00:16:27",28.8265,40.39987,10.66,0.39,"ML",2.2,"Marmara Denizi - Gemlik Körfezi - [02.39 km] Mudanya (Bursa)",613682
"22/12/2023 23:33:30",27.47086,40.71711,10.32,0.39,"ML",2,"Marmara Denizi - [12.41 km] Şarköy (Tekirdağ)",613679
"22/12/2023 20:30:47",29.05927,40.72814,7.01,0.48,"ML",1.6,"Marmara Denizi - [09.82 km] Çınarcık (Yalova)",613673
"22/12/2023 13:06:14",28.80837,40.38557,7.01,0.47,"ML",1.1,"Marmara Denizi - Gemlik Körfezi - [01.67 km] Mudanya (Bursa)",613640
"22/12/2023 11:17:15",27.67237,40.56617,7,0.31,"ML",2.6,"Marmara Denizi - [03.71 km] Marmara (Balıkesir)",613628
"22/12/2023 08:29:25",28.81678,40.40815,6.52,0.12,"ML",1.7,"Marmara Denizi - Gemlik Körfezi - [03.02 km] Mudanya (Bursa)",613610
"22/12/2023 05:56:17",28.84212,40.42044,7.03,0.46,"ML",1.3,"Marmara Denizi - Gemlik Körfezi - [05.31 km] Mudanya (Bursa)",613607
"22/12/2023 05:23:31",28.81399,40.39787,9.41,0.44,"ML",1.6,"Marmara Denizi - Gemlik Körfezi - [02.66 km] Mudanya (Bursa)",613603
"22/12/2023 05:13:25",28.80127,40.41092,9.6,0.12,"ML",1.4,"Marmara Denizi - Gemlik Körfezi - [03.15 km] Mudanya (Bursa)",613602
"22/12/2023 05:10:49",27.4871,40.69237,12.35,0.29,"ML",2.1,"Marmara Denizi - [09.81 km] Marmara (Balıkesir)",613588
"21/12/2023 20:29:55",27.67356,40.56558,6.95,0.32,"ML",2.8,"Marmara Denizi - [04.26 km] Marmara (Balıkesir)",613579
"21/12/2023 17:03:08",27.48004,40.71651,10.4,0.56,"ML",3.1,"Marmara Denizi - [12.93 km] Şarköy (Tekirdağ)",613575
"21/12/2023 08:02:40",28.81031,40.40317,7,0.67,"ML",1.4,"Marmara Denizi - Gemlik Körfezi - [03.14 km] Mudanya (Bursa)",613542
"21/12/2023 04:28:03",28.02394,40.73046,6.92,0.37,"ML",2.1,"Marmara Denizi - [26.04 km] Marmaraereğlisi (Tekirdağ)",613520
"21/12/2023 04:07:09",28.83327,40.424,7.32,0.39,"ML",1.8,"Marmara Denizi - Gemlik Körfezi - [04.63 km] Mudanya (Bursa)",613519
"21/12/2023 02:53:54",28.78268,40.49291,14.36,0.37,"ML",1.3,"Marmara Denizi - Gemlik Körfezi - [03.03 km] Armutlu (Yalova)",613508
"21/12/2023 02:47:17",27.46556,40.74019,14.15,0.41,"ML",1.9,"Marmara Denizi - [10.62 km] Şarköy (Tekirdağ)",613507
"21/12/2023 02:44:18",28.12171,40.10556,11.03,0.25,"ML",1.3,"Bandırma (Balıkesir)",613509
"20/12/2023 14:31:16",27.20451,40.12007,7,0.75,"ML",1.3,"Biga (Çanakkale)",613451
"20/12/2023 06:41:29",27.51327,40.48652,6.65,0.44,"ML",1.3,"Marmara Denizi, Avşa Adası, Marmara (Balıkesir)",613412
"20/12/2023 04:46:32",27.83302,40.21663,7.09,0.37,"ML",1.1,"Bandırma (Balıkesir)",613375
"19/12/2023 20:53:35",28.29014,40.99662,9.35,0.46,"ML",1.5,"Marmara Denizi - [06.91 km] Silivri (İstanbul)",613355
"19/12/2023 05:04:15",29.03624,40.71838,7.29,0.43,"ML",1,"Marmara Denizi - [08.91 km] Çınarcık (Yalova)",613301
"18/12/2023 21:26:37",28.83779,40.42581,7.01,0.66,"ML",1.8,"Marmara Denizi - Gemlik Körfezi - [04.79 km] Mudanya (Bursa)",613274
"18/12/2023 13:31:55",29.03185,40.72009,7.02,0.38,"ML",1.7,"Marmara Denizi - [09.61 km] Çınarcık (Yalova)",613251
"18/12/2023 11:50:39",29.01539,40.66042,6.9,0.32,"ML",1.7,"Marmara Denizi - [04.37 km] Çınarcık (Yalova)",613245
"18/12/2023 10:25:41",29.20433,40.52953,6.97,0.65,"ML",1.8,"Merkez (Yalova)",613242
"18/12/2023 08:29:01",28.81755,40.41242,6.92,0.47,"ML",2.2,"Marmara Denizi - Gemlik Körfezi - [03.72 km] Mudanya (Bursa)",613235
"18/12/2023 04:51:55",29.04915,40.71406,7.02,0.37,"ML",2,"Marmara Denizi - [08.93 km] Çınarcık (Yalova)",613222
"18/12/2023 03:36:51",29.04031,40.7363,6.22,0.5,"ML",2,"Marmara Denizi - [10.61 km] Çınarcık (Yalova)",613212
"18/12/2023 03:32:30",29.13013,40.73246,6.83,0.29,"ML",1.9,"Marmara Denizi - [09.88 km] Çınarcık (Yalova)",613211
"18/12/2023 02:15:48",29.1303,40.76935,9.28,0.32,"ML",1.6,"Marmara Denizi - [08.59 km] Adalar (İstanbul)",613205
"18/12/2023 01:42:17",29.05456,40.72473,7.11,0.37,"ML",1.7,"Marmara Denizi - [09.99 km] Çınarcık (Yalova)",613197
"18/12/2023 00:24:38",29.08266,40.72072,11.33,0.35,"ML",2.3,"Marmara Denizi - [09.75 km] Çınarcık (Yalova)",613181
"18/12/2023 00:16:49",29.15171,40.75556,7,0.19,"ML",1.2,"Marmara Denizi - [10.59 km] Adalar (İstanbul)",613180
"18/12/2023 00:02:07",29.05438,40.72567,9.34,0.27,"ML",1.6,"Marmara Denizi - [10.33 km] Çınarcık (Yalova)",613177
"17/12/2023 23:57:23",29.085,40.7229,6.98,0.4,"ML",1.9,"Marmara Denizi - [09.18 km] Çınarcık (Yalova)",613176
"17/12/2023 23:53:52",29.09389,40.71155,11.18,0.2,"MW",4.1,"Marmara Denizi - [08.52 km] Çınarcık (Yalova)",613175
"17/12/2023 10:31:17",28.82173,40.40968,7.04,0.53,"ML",1.6,"Marmara Denizi - Gemlik Körfezi - [03.34 km] Mudanya (Bursa)",613145
"17/12/2023 03:21:55",28.07429,40.46703,10.39,0.36,"ML",1.8,"Marmara Denizi - [04.42 km] Erdek (Balıkesir)",613112
"16/12/2023 23:58:04",28.77771,40.42137,7.03,0.89,"ML",1.7,"Marmara Denizi - Gemlik Körfezi - [04.11 km] Mudanya (Bursa)",613098
"16/12/2023 22:30:44",28.84752,40.42932,7.03,0.38,"ML",2.1,"Marmara Denizi - Gemlik Körfezi - [05.62 km] Mudanya (Bursa)",613090
"16/12/2023 22:10:26",29.07075,40.726,9.45,0.19,"ML",1.7,"Marmara Denizi - [09.70 km] Çınarcık (Yalova)",613084
"16/12/2023 19:47:55",27.76344,40.45012,7.01,0.42,"ML",1.7,"Erdek (Balıkesir)",613072
"16/12/2023 14:10:28",28.8447,40.42386,7,0.53,"ML",2.1,"Marmara Denizi - Gemlik Körfezi - [05.34 km] Mudanya (Bursa)",613058
"16/12/2023 13:07:59",28.8487,40.41758,9.39,0.26,"ML",1.6,"Marmara Denizi - Gemlik Körfezi - [04.81 km] Mudanya (Bursa)",613055
"16/12/2023 08:13:54",28.83218,40.42472,4.93,0.21,"ML",1.9,"Marmara Denizi - Gemlik Körfezi - [04.56 km] Mudanya (Bursa)",613040
"16/12/2023 03:26:50",29.3565,40.19396,7,0.37,"ML",2.4,"Kestel (Bursa)",613020
"16/12/2023 01:36:55",28.79705,40.52113,7,0.36,"ML",1.6,"Armutlu (Yalova)",612998
"15/12/2023 13:43:45",28.84924,40.43365,12.74,0.23,"ML",2.4,"Marmara Denizi - Gemlik Körfezi - [06.39 km] Mudanya (Bursa)",612923
"15/12/2023 13:39:13",26.10089,40.13495,8.59,0.51,"ML",1.5,"Ege Denizi - [11.23 km] Eceabat (Çanakkale)",612922
"15/12/2023 12:56:18",29.33641,40.5516,5.61,0.44,"ML",1.4,"Orhangazi (Bursa)",612926
"15/12/2023 12:05:15",28.8502,40.41515,6.99,0.27,"ML",2.6,"Marmara Denizi - Gemlik Körfezi - [04.34 km] Mudanya (Bursa)",612909
"15/12/2023 00:35:56",28.80263,40.39691,7.88,0.18,"ML",1.6,"Marmara Denizi - Gemlik Körfezi - [01.65 km] Mudanya (Bursa)",612874
"15/12/2023 00:02:09",28.86155,40.38344,7.13,0.3,"ML",1.3,"Marmara Denizi - Gemlik Körfezi - [01.40 km] Mudanya (Bursa)",612869
"14/12/2023 23:58:14",28.81552,40.47043,6.99,0.58,"ML",1.4,"Marmara Denizi - Gemlik Körfezi - [04.14 km] Armutlu (Yalova)",612868
"14/12/2023 19:06:04",28.83788,40.45483,7,0.17,"ML",1,"Marmara Denizi - Gemlik Körfezi - [05.00 km] Armutlu (Yalova)",612877
"14/12/2023 12:50:16",28.84208,40.38764,7,0.62,"ML",3,"Marmara Denizi - Gemlik Körfezi - [01.81 km] Mudanya (Bursa)",612836
"14/12/2023 08:23:06",28.85203,40.42142,7,0.47,"ML",2.1,"Marmara Denizi - Gemlik Körfezi - [05.08 km] Mudanya (Bursa)",612828
"14/12/2023 07:36:09",28.8344,40.39756,7.02,0.4,"ML",1.8,"Marmara Denizi - Gemlik Körfezi - [02.21 km] Mudanya (Bursa)",612827
"14/12/2023 05:40:43",28.83121,40.39958,6.99,0.34,"ML",2.9,"Marmara Denizi - Gemlik Körfezi - [02.54 km] Mudanya (Bursa)",612821
"14/12/2023 03:21:52",28.84778,40.41559,6.96,0.33,"ML",1.4,"Marmara Denizi - Gemlik Körfezi - [04.05 km] Mudanya (Bursa)",612807
"14/12/2023 03:18:21",28.83025,40.39556,6.75,0.51,"ML",1.3,"Marmara Denizi - Gemlik Körfezi - [01.40 km] Mudanya (Bursa)",612806
"14/12/2023 03:00:47",28.83131,40.39412,7,0.41,"ML",1.3,"Marmara Denizi - Gemlik Körfezi - [01.57 km] Mudanya (Bursa)",612808
"14/12/2023 00:45:54",28.83052,40.39691,7,0.45,"ML",1.8,"Marmara Denizi - Gemlik Körfezi - [02.37 km] Mudanya (Bursa)",612817
"14/12/2023 00:25:06",28.83922,40.39483,7.44,0.39,"ML",1.7,"Marmara Denizi - Gemlik Körfezi - [02.65 km] Mudanya (Bursa)",612797
"14/12/2023 00:16:10",28.82234,40.41531,6.98,0.28,"ML",2,"Marmara Denizi - Gemlik Körfezi - [03.98 km] Mudanya (Bursa)",612795
"13/12/2023 23:04:38",28.81724,40.41945,9.11,0.24,"ML",3.7,"Marmara Denizi - Gemlik Körfezi - [04.64 km] Mudanya (Bursa)",612787
"13/12/2023 22:56:21",28.81222,40.41057,9.48,0.3,"ML",2.3,"Marmara Denizi - Gemlik Körfezi - [03.77 km] Mudanya (Bursa)",612789
"13/12/2023 22:51:30",28.82592,40.41306,6.99,0.24,"ML",2.4,"Marmara Denizi - Gemlik Körfezi - [03.21 km] Mudanya (Bursa)",612788
"13/12/2023 22:47:37",28.78912,40.41836,6.98,0.68,"ML",1.7,"Marmara Denizi - Gemlik Körfezi - [03.50 km] Mudanya (Bursa)",612791
"13/12/2023 22:46:53",28.82329,40.4139,6.59,0.21,"ML",1.8,"Marmara Denizi - Gemlik Körfezi - [03.99 km] Mudanya (Bursa)",612790
"13/12/2023 21:31:19",28.84522,40.41782,9.05,0.48,"ML",2.2,"Marmara Denizi - Gemlik Körfezi - [04.25 km] Mudanya (Bursa)",612781
"13/12/2023 21:14:35",28.83289,40.41275,6.99,0.23,"ML",2.4,"Marmara Denizi - Gemlik Körfezi - [03.68 km] Mudanya (Bursa)",612778
"13/12/2023 21:12:57",28.85111,40.42074,8.86,0.33,"ML",2.5,"Marmara Denizi - Gemlik Körfezi - [04.81 km] Mudanya (Bursa)",612777
"13/12/2023 07:52:06",28.85209,40.42074,7.31,0.36,"ML",2.3,"Marmara Denizi - Gemlik Körfezi - [04.57 km] Mudanya (Bursa)",612717
"13/12/2023 07:13:11",27.73231,40.07511,11.03,0.16,"ML",1.8,"Gönen (Balıkesir)",612713
"13/12/2023 06:04:44",28.96702,40.20652,7.33,0.17,"ML",0.9,"Nilüfer (Bursa)",612706
"13/12/2023 03:30:21",27.8053,40.78478,7.04,0.4,"ML",1.3,"Marmara Denizi - [19.87 km] Marmara (Balıkesir)",612691
"12/12/2023 22:56:13",28.80789,40.40169,7,0.34,"ML",1.7,"Marmara Denizi - Gemlik Körfezi - [02.92 km] Mudanya (Bursa)",612663
"12/12/2023 21:11:20",28.96722,40.18092,6.46,0.46,"ML",1.2,"Nilüfer (Bursa)",612652
"12/12/2023 19:27:03",27.38728,40.77144,7.19,0.47,"ML",1.3,"Marmara Denizi - [03.15 km] Şarköy (Tekirdağ)",612640
"12/12/2023 18:50:16",29.4661,40.7979,7.75,0.14,"ML",1.1,"Gebze (Kocaeli)",612635
"12/12/2023 18:02:39",28.08694,40.00292,6.87,0.32,"ML",0.8,"Susurluk (Balıkesir)",612628
"12/12/2023 13:27:28",28.87278,40.45294,15,0.96,"ML",1.6,"Marmara Denizi - Gemlik Körfezi - [04.27 km] Armutlu (Yalova)",612615
"12/12/2023 03:55:18",28.43559,40.42891,13.27,0.35,"ML",1.9,"Marmara Denizi - [07.52 km] Karacabey (Bursa)",612594
"12/12/2023 03:10:41",28.8473,40.39952,9.26,0.19,"ML",1.2,"Marmara Denizi - Gemlik Körfezi - [02.46 km] Mudanya (Bursa)",612593
"12/12/2023 01:25:52",28.85413,40.41691,7,0.5,"ML",1.2,"Marmara Denizi - Gemlik Körfezi - [04.44 km] Mudanya (Bursa)",612573
"11/12/2023 23:09:00",28.83084,40.40932,6.29,0.44,"ML",1.6,"Marmara Denizi - Gemlik Körfezi - [04.02 km] Mudanya (Bursa)",612554
"11/12/2023 21:28:44",28.849,40.43528,6,0.48,"ML",2.1,"Marmara Denizi - Gemlik Körfezi - [05.94 km] Mudanya (Bursa)",612538
"11/12/2023 20:16:10",28.86533,40.8295,14.27,0.32,"ML",1.9,"Marmara Denizi - [10.75 km] Adalar (İstanbul)",612533
"11/12/2023 09:01:15",28.83139,40.43852,7,0.8,"ML",1.2,"Marmara Denizi - Gemlik Körfezi - [06.62 km] Mudanya (Bursa)",612462
"11/12/2023 05:55:52",28.80241,40.41323,7.02,0.34,"ML",1.2,"Marmara Denizi - Gemlik Körfezi - [02.87 km] Mudanya (Bursa)",612450
"11/12/2023 02:12:51",27.49364,40.51728,6.96,0.43,"ML",1.8,"Marmara Denizi, Avşa Adası, Marmara (Balıkesir)",612441
"11/12/2023 00:16:12",27.78253,40.77567,6.65,0.54,"ML",1.2,"Marmara Denizi - [18.67 km] Marmara (Balıkesir)",612436
"11/12/2023 00:09:37",27.78407,40.78433,7.4,0.53,"ML",1.4,"Marmara Denizi - [18.98 km] Marmara (Balıkesir)",612429
"10/12/2023 23:59:45",27.80324,40.78417,7,0.27,"ML",1.1,"Marmara Denizi - [19.43 km] Marmara (Balıkesir)",612430
"10/12/2023 23:50:30",28.86765,40.40128,7,0.28,"ML",1.2,"Marmara Denizi - Gemlik Körfezi - [03.03 km] Mudanya (Bursa)",612431
"10/12/2023 22:18:50",28.8525,40.41034,7,0.48,"ML",2,"Marmara Denizi - Gemlik Körfezi - [03.97 km] Mudanya (Bursa)",612422
"10/12/2023 17:11:37",28.79508,40.39392,6.99,0.33,"ML",1.6,"Marmara Denizi - Gemlik Körfezi - [00.92 km] Mudanya (Bursa)",612398
"10/12/2023 03:28:41",27.67583,40.5528,7,0.18,"ML",2.2,"Marmara Denizi - [05.04 km] Marmara (Balıkesir)",612367
"10/12/2023 02:28:21",28.84199,40.40064,7.02,0.33,"ML",1.7,"Marmara Denizi - Gemlik Körfezi - [02.92 km] Mudanya (Bursa)",612365
"09/12/2023 23:34:42",28.80632,40.41095,7,0.25,"ML",1.9,"Marmara Denizi - Gemlik Körfezi - [03.59 km] Mudanya (Bursa)",612354
"09/12/2023 22:59:29",28.95206,40.20035,7.96,0.27,"ML",2.6,"Nilüfer (Bursa)",612350
"09/12/2023 06:31:52",29.07305,40.69596,10.84,0.28,"ML",2.1,"Marmara Denizi - [06.62 km] Çınarcık (Yalova)",612307
"09/12/2023 05:29:40",28.84926,40.41187,7.79,0.34,"ML",2.8,"Marmara Denizi - Gemlik Körfezi - [04.04 km] Mudanya (Bursa)",612301
"09/12/2023 02:21:05",29.07008,40.68204,7,0.38,"ML",3,"Marmara Denizi - [04.52 km] Çınarcık (Yalova)",612287
"09/12/2023 01:44:31",28.81778,40.41373,7.01,0.37,"ML",1.7,"Marmara Denizi - Gemlik Körfezi - [03.67 km] Mudanya (Bursa)",612286
"08/12/2023 16:31:48",29.07555,40.68344,12.48,0.29,"ML",1.8,"Marmara Denizi - [05.58 km] Çınarcık (Yalova)",612238
"08/12/2023 16:28:39",29.06731,40.7239,7.14,0.17,"ML",1.3,"Marmara Denizi - [08.96 km] Çınarcık (Yalova)",612235
"08/12/2023 16:24:11",29.08721,40.69659,7.01,0.33,"ML",1.6,"Marmara Denizi - [06.33 km] Çınarcık (Yalova)",612234
"08/12/2023 14:10:39",28.85194,40.4057,7.03,0.4,"ML",1.7,"Marmara Denizi - Gemlik Körfezi - [03.87 km] Mudanya (Bursa)",612227
"08/12/2023 14:05:01",28.84711,40.40034,7.07,0.3,"ML",2.8,"Marmara Denizi - Gemlik Körfezi - [02.68 km] Mudanya (Bursa)",612226
"08/12/2023 13:16:43",28.834,40.40645,7.02,0.41,"ML",1.7,"Marmara Denizi - Gemlik Körfezi - [03.62 km] Mudanya (Bursa)",612218
"08/12/2023 11:02:03",28.84358,40.4255,6.99,0.29,"ML",2.2,"Marmara Denizi - Gemlik Körfezi - [05.65 km] Mudanya (Bursa)",612204
"08/12/2023 10:37:02",28.85516,40.41199,14.28,0.45,"ML",2.4,"Marmara Denizi - Gemlik Körfezi - [04.24 km] Mudanya (Bursa)",612198
"08/12/2023 09:45:44",28.80643,40.43356,7.01,0.49,"ML",1.6,"Marmara Denizi - Gemlik Körfezi - [05.22 km] Mudanya (Bursa)",612196
"08/12/2023 07:31:21",28.79656,40.37938,7,0.16,"ML",1.4,"Mudanya (Bursa)",612184
"08/12/2023 01:34:11",28.80312,40.39207,7,0.5,"ML",1.6,"Marmara Denizi - Gemlik Körfezi - [01.13 km] Mudanya (Bursa)",612141
"07/12/2023 23:39:25",28.76876,40.48563,6.99,0.45,"ML",1.4,"Marmara Denizi - Gemlik Körfezi - [04.84 km] Armutlu (Yalova)",612123
"07/12/2023 20:44:59",28.80874,40.39817,12.01,0.33,"ML",1.3,"Marmara Denizi - Gemlik Körfezi - [02.30 km] Mudanya (Bursa)",612098
"07/12/2023 20:06:06",28.82386,40.44883,7,0.49,"ML",1.5,"Marmara Denizi - Gemlik Körfezi - [06.49 km] Armutlu (Yalova)",612096
"07/12/2023 18:56:12",29.42818,40.22846,11.7,0.4,"ML",1.3,"Yenişehir (Bursa)",612085
"07/12/2023 18:25:28",28.84788,40.42153,7,0.48,"ML",1.2,"Marmara Denizi - Gemlik Körfezi - [04.86 km] Mudanya (Bursa)",612084
"07/12/2023 15:05:40",27.32694,40.60478,12.26,0.32,"ML",2,"Marmara Denizi - [09.68 km] Şarköy (Tekirdağ)",612070
"07/12/2023 13:37:41",28.83633,40.41232,7,0.46,"ML",2.2,"Marmara Denizi - Gemlik Körfezi - [04.18 km] Mudanya (Bursa)",612067
"07/12/2023 07:30:56",29.21363,40.64897,5.11,0.51,"ML",1.3,"Merkez (Yalova)",612037
"07/12/2023 01:57:53",28.70291,40.37737,6.91,0.27,"ML",1.5,"Marmara Denizi - [03.33 km] Mudanya (Bursa)",612016
"07/12/2023 01:43:33",28.74904,40.50557,8.1,0.67,"ML",0.8,"Marmara Denizi - [05.24 km] Armutlu (Yalova)",612018
"06/12/2023 22:38:11",28.85401,40.41733,7.01,0.37,"ML",2,"Marmara Denizi - Gemlik Körfezi - [05.07 km] Mudanya (Bursa)",612004
"06/12/2023 22:37:49",28.83082,40.41391,7.21,0.45,"ML",1.9,"Marmara Denizi - Gemlik Körfezi - [03.97 km] Mudanya (Bursa)",612005
"06/12/2023 21:50:22",28.91093,40.45923,6.77,0.65,"ML",1.5,"Marmara Denizi - Gemlik Körfezi - [03.22 km] Armutlu (Yalova)",611997
"06/12/2023 20:51:56",28.77962,40.38687,11.17,0.46,"ML",1.9,"Marmara Denizi - Gemlik Körfezi - [01.06 km] Mudanya (Bursa)",611992
"06/12/2023 18:47:51",28.84406,40.42439,7,0.19,"ML",1.6,"Marmara Denizi - Gemlik Körfezi - [05.00 km] Mudanya (Bursa)",611981
"06/12/2023 17:25:07",28.86153,40.41654,7.06,0.67,"ML",1.8,"Marmara Denizi - Gemlik Körfezi - [04.36 km] Mudanya (Bursa)",611978
"06/12/2023 13:38:16",28.84161,40.40825,7.03,0.57,"ML",1.6,"Marmara Denizi - Gemlik Körfezi - [03.58 km] Mudanya (Bursa)",611949
"06/12/2023 13:25:10",28.82835,40.44089,7,0.73,"ML",1.5,"Marmara Denizi - Gemlik Körfezi - [06.79 km] Mudanya (Bursa)",611954
"06/12/2023 13:01:44",28.80907,40.40704,7,0.51,"ML",3.1,"Marmara Denizi - Gemlik Körfezi - [02.89 km] Mudanya (Bursa)",611944
"06/12/2023 09:44:09",28.79469,40.44233,7,0.8,"ML",1.5,"Marmara Denizi - Gemlik Körfezi - [06.92 km] Mudanya (Bursa)",611925
"06/12/2023 05:29:24",28.79306,40.39817,6.96,0.47,"ML",1.4,"Marmara Denizi - Gemlik Körfezi - [01.74 km] Mudanya (Bursa)",611908
"06/12/2023 02:59:41",28.83158,40.42495,6.28,0.19,"ML",1.9,"Marmara Denizi - Gemlik Körfezi - [04.66 km] Mudanya (Bursa)",611892
"06/12/2023 02:18:06",28.85612,40.42226,6.99,0.19,"ML",1.8,"Marmara Denizi - Gemlik Körfezi - [05.39 km] Mudanya (Bursa)",611896
"06/12/2023 01:18:34",28.82872,40.40859,7.02,0.36,"ML",2.4,"Marmara Denizi - Gemlik Körfezi - [03.42 km] Mudanya (Bursa)",611898
"05/12/2023 23:02:21",28.85402,40.41262,7.04,0.25,"ML",2,"Marmara Denizi - Gemlik Körfezi - [04.59 km] Mudanya (Bursa)",611884
"05/12/2023 21:48:35",28.87938,40.37898,7.33,0.39,"ML",1.2,"Marmara Denizi - Gemlik Körfezi - [00.75 km] Mudanya (Bursa)",611870
"05/12/2023 20:32:47",28.82928,40.39044,7.01,0.18,"ML",1.6,"Marmara Denizi - Gemlik Körfezi - [02.11 km] Mudanya (Bursa)",611865
"05/12/2023 20:28:30",28.85518,40.41967,7.02,0.29,"ML",2.8,"Marmara Denizi - Gemlik Körfezi - [04.80 km] Mudanya (Bursa)",611859
"05/12/2023 17:21:18",28.81778,40.45426,6.96,0.63,"ML",1.9,"Marmara Denizi - Gemlik Körfezi - [06.27 km] Armutlu (Yalova)",611854
"05/12/2023 16:26:27",28.86499,40.41758,6.98,0.6,"ML",2,"Marmara Denizi - Gemlik Körfezi - [04.54 km] Mudanya (Bursa)",611846
"05/12/2023 14:13:31",28.8525,40.40398,10.12,0.5,"ML",1.9,"Marmara Denizi - Gemlik Körfezi - [03.05 km] Mudanya (Bursa)",611823
"05/12/2023 14:04:39",28.84345,40.43725,7,0.5,"ML",1.9,"Marmara Denizi - Gemlik Körfezi - [06.52 km] Armutlu (Yalova)",611822
"05/12/2023 13:53:42",28.85017,40.46222,6.89,0.78,"ML",1.4,"Marmara Denizi - Gemlik Körfezi - [04.27 km] Armutlu (Yalova)",611821
"05/12/2023 13:28:50",28.83773,40.40951,7,0.29,"ML",1.3,"Marmara Denizi - Gemlik Körfezi - [03.28 km] Mudanya (Bursa)",611812
"05/12/2023 11:49:16",27.14895,40.00171,7.06,0.34,"ML",1.2,"Çan (Çanakkale)",611795
"05/12/2023 11:31:21",27.3986,40.7661,6.89,0.19,"ML",1.5,"Marmara Denizi - [04.34 km] Şarköy (Tekirdağ)",611790
"05/12/2023 11:11:11",27.38261,40.76167,5.61,0.54,"ML",1.4,"Marmara Denizi - [03.76 km] Şarköy (Tekirdağ)",611787
"05/12/2023 11:05:26",28.34761,40.26883,7,0.45,"ML",0.9,"Karacabey (Bursa)",611788
"05/12/2023 10:44:04",28.85299,40.43183,6.93,0.61,"ML",1.4,"Marmara Denizi - Gemlik Körfezi - [05.62 km] Mudanya (Bursa)",611780
"05/12/2023 09:03:03",28.83833,40.42204,7.02,0.58,"ML",1.4,"Marmara Denizi - Gemlik Körfezi - [05.17 km] Mudanya (Bursa)",611762
"05/12/2023 08:57:27",28.83749,40.51596,6.58,0.57,"ML",1.4,"Armutlu (Yalova)",611764
"05/12/2023 07:37:35",28.95488,40.37978,7.05,0.68,"ML",1.2,"Marmara Denizi - Gemlik Körfezi - [03.47 km] Mudanya (Bursa)",611759
"05/12/2023 06:21:15",28.82572,40.46543,10.32,0.72,"ML",1.4,"Marmara Denizi - Gemlik Körfezi - [04.01 km] Armutlu (Yalova)",611751
"05/12/2023 05:56:16",28.84347,40.41916,8.84,0.4,"ML",1.4,"Marmara Denizi - Gemlik Körfezi - [04.69 km] Mudanya (Bursa)",611749
"05/12/2023 05:21:15",28.83122,40.3915,8.21,0.09,"ML",1.4,"Marmara Denizi - Gemlik Körfezi - [02.25 km] Mudanya (Bursa)",611748
"05/12/2023 05:18:32",28.85837,40.40832,7,0.44,"ML",1.5,"Marmara Denizi - Gemlik Körfezi - [03.90 km] Mudanya (Bursa)",611747
"05/12/2023 03:50:27",28.89537,40.39637,7.14,0.32,"ML",1.3,"Marmara Denizi - Gemlik Körfezi - [03.31 km] Mudanya (Bursa)",611738
"05/12/2023 03:38:37",28.84678,40.4047,6.99,0.36,"ML",1.8,"Marmara Denizi - Gemlik Körfezi - [03.44 km] Mudanya (Bursa)",611735
"05/12/2023 03:32:07",28.80389,40.43501,5.43,0.47,"ML",1.4,"Marmara Denizi - Gemlik Körfezi - [05.86 km] Mudanya (Bursa)",611736
"05/12/2023 03:11:51",28.83278,40.42007,7.01,0.59,"ML",1.4,"Marmara Denizi - Gemlik Körfezi - [04.70 km] Mudanya (Bursa)",611734
"05/12/2023 02:21:47",27.68125,40.83182,6.96,0.47,"ML",1.9,"Marmara Denizi - [18.20 km] Süleymanpaşa (Tekirdağ)",611726
"05/12/2023 02:19:50",27.46276,40.68611,12.19,0.31,"ML",1.6,"Marmara Denizi - [09.68 km] Marmara (Balıkesir)",611725
"05/12/2023 01:52:30",28.85599,40.42654,6.95,0.42,"ML",1.8,"Marmara Denizi - Gemlik Körfezi - [06.06 km] Mudanya (Bursa)",611720
"05/12/2023 01:32:23",28.81911,40.40733,10.8,0.55,"ML",1.9,"Marmara Denizi - Gemlik Körfezi - [03.76 km] Mudanya (Bursa)",611719
"05/12/2023 00:09:42",28.84555,40.40248,7.46,0.5,"ML",1.7,"Marmara Denizi - Gemlik Körfezi - [02.94 km] Mudanya (Bursa)",611707
"05/12/2023 00:07:34",28.86712,40.41321,7.1,0.6,"ML",1.6,"Marmara Denizi - Gemlik Körfezi - [04.23 km] Mudanya (Bursa)",611706
"05/12/2023 00:00:11",28.79715,40.42284,7.43,0.93,"ML",1.5,"Marmara Denizi - Gemlik Körfezi - [03.70 km] Mudanya (Bursa)",611708
"04/12/2023 22:38:41",28.81377,40.41494,8.9,0.34,"ML",2.4,"Marmara Denizi - Gemlik Körfezi - [03.47 km] Mudanya (Bursa)",611703
"04/12/2023 21:48:52",28.82983,40.41728,7.01,0.34,"ML",1.7,"Marmara Denizi - Gemlik Körfezi - [04.28 km] Mudanya (Bursa)",611698
"04/12/2023 20:30:48",28.84722,40.44432,6.28,0.37,"ML",1.6,"Marmara Denizi - Gemlik Körfezi - [05.76 km] Armutlu (Yalova)",611690
"04/12/2023 19:46:12",28.86926,40.43663,11.05,0.44,"ML",1.8,"Marmara Denizi - Gemlik Körfezi - [06.17 km] Mudanya (Bursa)",611682
"04/12/2023 19:37:02",28.87044,40.43665,13.8,0.52,"ML",1.9,"Marmara Denizi - Gemlik Körfezi - [05.86 km] Armutlu (Yalova)",611679
"04/12/2023 18:50:51",28.84485,40.41466,7.05,0.73,"ML",1.4,"Marmara Denizi - Gemlik Körfezi - [04.26 km] Mudanya (Bursa)",611675
"04/12/2023 18:25:14",28.85285,40.43794,11.24,0.43,"ML",1.9,"Marmara Denizi - Gemlik Körfezi - [06.13 km] Armutlu (Yalova)",611671
"04/12/2023 17:59:44",28.8382,40.44197,7.06,0.71,"ML",1.7,"Marmara Denizi - Gemlik Körfezi - [06.74 km] Armutlu (Yalova)",611668
"04/12/2023 17:46:13",28.85841,40.394,14.18,0.38,"ML",3.1,"Marmara Denizi - Gemlik Körfezi - [02.27 km] Mudanya (Bursa)",611667
"04/12/2023 17:18:41",28.84959,40.43013,7,0.37,"ML",1.7,"Marmara Denizi - Gemlik Körfezi - [06.18 km] Mudanya (Bursa)",611663
"04/12/2023 17:07:54",28.84374,40.39833,7,0.31,"ML",1.5,"Marmara Denizi - Gemlik Körfezi - [02.95 km] Mudanya (Bursa)",611662
"04/12/2023 16:37:19",28.81755,40.43345,7.13,0.19,"ML",1.4,"Marmara Denizi - Gemlik Körfezi - [05.87 km] Mudanya (Bursa)",611658
"04/12/2023 16:10:33",28.82707,40.4216,13.4,0.42,"ML",2.1,"Marmara Denizi - Gemlik Körfezi - [04.30 km] Mudanya (Bursa)",611657
"04/12/2023 16:08:32",28.84668,40.40422,7,0.43,"ML",1.5,"Marmara Denizi - Gemlik Körfezi - [03.19 km] Mudanya (Bursa)",611661
"04/12/2023 15:56:01",28.83396,40.41832,13.6,0.46,"ML",1.8,"Marmara Denizi - Gemlik Körfezi - [04.27 km] Mudanya (Bursa)",611656
"04/12/2023 14:56:43",28.84542,40.43094,5.8,0.8,"ML",2.6,"Marmara Denizi - Gemlik Körfezi - [06.61 km] Mudanya (Bursa)",611653
"04/12/2023 14:00:43",28.8691,40.37419,6.52,0.48,"ML",1.6,"Mudanya (Bursa)",611647
"04/12/2023 13:48:23",28.84029,40.43502,6.93,0.38,"ML",1.7,"Marmara Denizi - Gemlik Körfezi - [06.53 km] Mudanya (Bursa)",611646
"04/12/2023 13:45:12",28.85174,40.42008,8.6,0.21,"ML",2.3,"Marmara Denizi - Gemlik Körfezi - [05.38 km] Mudanya (Bursa)",611645
"04/12/2023 13:23:58",28.8316,40.46028,10.92,0.46,"ML",1.8,"Marmara Denizi - Gemlik Körfezi - [04.70 km] Armutlu (Yalova)",611644
"04/12/2023 13:10:53",28.83897,40.41305,9.47,0.29,"ML",2.4,"Marmara Denizi - Gemlik Körfezi - [04.12 km] Mudanya (Bursa)",611642
"04/12/2023 13:07:42",28.8318,40.41566,7.02,0.44,"ML",2.1,"Marmara Denizi - Gemlik Körfezi - [04.65 km] Mudanya (Bursa)",611641
"04/12/2023 12:50:11",28.84832,40.43093,5.1,0.69,"ML",1.5,"Marmara Denizi - Gemlik Körfezi - [05.87 km] Mudanya (Bursa)",611640
"04/12/2023 12:25:03",28.85558,40.41941,9.89,0.41,"ML",3.2,"Marmara Denizi - Gemlik Körfezi - [04.71 km] Mudanya (Bursa)",611638
"04/12/2023 12:01:12",28.74815,40.42562,20.4,0.57,"ML",1.3,"Marmara Denizi - Gemlik Körfezi - [05.64 km] Mudanya (Bursa)",611637
"04/12/2023 11:54:24",28.83789,40.42217,7,0.26,"ML",2.3,"Marmara Denizi - Gemlik Körfezi - [04.84 km] Mudanya (Bursa)",611636
"04/12/2023 11:49:38",28.84548,40.41067,6.8,0.19,"ML",2.9,"Marmara Denizi - Gemlik Körfezi - [04.54 km] Mudanya (Bursa)",611634
"04/12/2023 11:43:41",28.85078,40.41708,5.1,0.83,"ML",1.8,"Marmara Denizi - Gemlik Körfezi - [04.66 km] Mudanya (Bursa)",611633
"04/12/2023 11:36:46",28.84767,40.4228,7.06,0.31,"ML",2.6,"Marmara Denizi - Gemlik Körfezi - [04.76 km] Mudanya (Bursa)",611632
"04/12/2023 11:24:17",28.74456,40.47045,6.86,0.68,"ML",1.9,"Marmara Denizi - [06.96 km] Armutlu (Yalova)",611631
"04/12/2023 11:18:53",28.86086,40.42829,9.16,0.23,"ML",3.3,"Marmara Denizi - Gemlik Körfezi - [05.44 km] Mudanya (Bursa)",611630
"04/12/2023 11:15:55",28.77964,40.43805,8.7,0.89,"ML",2.8,"Marmara Denizi - Gemlik Körfezi - [05.70 km] Mudanya (Bursa)",611629
"04/12/2023 11:12:06",28.83304,40.44079,11.2,0.8,"ML",2.7,"Marmara Denizi - Gemlik Körfezi - [06.32 km] Mudanya (Bursa)",611628
"04/12/2023 11:08:42",28.87372,40.41085,10.2,0.11,"ML",1.6,"Marmara Denizi - Gemlik Körfezi - [03.97 km] Mudanya (Bursa)",611627
"04/12/2023 11:04:57",28.85145,40.41132,10.9,0.46,"ML",2.1,"Marmara Denizi - Gemlik Körfezi - [04.10 km] Mudanya (Bursa)",611626
"04/12/2023 10:57:18",28.86457,40.42254,7.02,0.39,"MW",3.5,"Marmara Denizi - Gemlik Körfezi - [04.81 km] Mudanya (Bursa)",611623
"04/12/2023 10:50:06",28.85039,40.41719,7.02,0.27,"ML",2.7,"Marmara Denizi - Gemlik Körfezi - [05.00 km] Mudanya (Bursa)",611625
"04/12/2023 10:45:33",28.83674,40.4025,7.02,0.47,"ML",3.1,"Marmara Denizi - Gemlik Körfezi - [02.97 km] Mudanya (Bursa)",611621
"04/12/2023 10:42:20",28.82916,40.42579,8.98,0.47,"MW",5.1,"Marmara Denizi - Gemlik Körfezi - [04.73 km] Mudanya (Bursa)",611620
"04/12/2023 10:37:46",28.84459,40.4125,11.78,0.33,"ML",2.7,"Marmara Denizi - Gemlik Körfezi - [04.16 km] Mudanya (Bursa)",611622
"04/12/2023 03:57:20",27.46158,40.67289,7,0.26,"ML",2.1,"Marmara Denizi - [09.74 km] Marmara (Balıkesir)",611608
"02/12/2023 21:04:35",28.82995,40.4213,11.19,0.4,"ML",2.2,"Marmara Denizi - Gemlik Körfezi - [04.47 km] Mudanya (Bursa)",611451
"01/12/2023 20:31:40",28.85582,40.40094,8.81,0.24,"ML",1.4,"Marmara Denizi - Gemlik Körfezi - [03.21 km] Mudanya (Bursa)",611337
"01/12/2023 17:10:20",29.72853,40.93048,7.46,0.17,"ML",1.2,"Körfez (Kocaeli)",611310
"01/12/2023 14:12:08",26.95417,40.06823,7.02,0.66,"ML",1.7,"Çan (Çanakkale)",611284
"01/12/2023 09:16:54",27.91636,40.79456,7.4,0.6,"ML",1.5,"Marmara Denizi - [18.10 km] Marmaraereğlisi (Tekirdağ)",611259
"01/12/2023 09:04:48",27.79618,40.01864,7,0.3,"ML",1.6,"Manyas (Balıkesir)",611254
"01/12/2023 03:34:24",27.68501,40.82968,7,0.81,"ML",2.6,"Marmara Denizi - [18.72 km] Süleymanpaşa (Tekirdağ)",611249
"29/11/2023 19:32:13",28.68972,40.82264,7.02,0.2,"ML",1.6,"Marmara Denizi - [15.93 km] Beylikdüzü (İstanbul)",611091
"29/11/2023 13:52:33",29.35853,40.64107,7,0.65,"ML",1.2,"Çiftlikköy (Yalova)",611067
"28/11/2023 11:11:49",28.88664,40.38341,7.04,0.37,"ML",1.9,"Marmara Denizi - Gemlik Körfezi - [01.77 km] Mudanya (Bursa)",610958
"28/11/2023 03:19:01",27.60535,40.81797,7.29,0.39,"ML",1.4,"Marmara Denizi - [13.59 km] Süleymanpaşa (Tekirdağ)",610918
"28/11/2023 03:13:35",27.68085,40.78972,6.97,0.43,"ML",2,"Marmara Denizi - [16.43 km] Marmara (Balıkesir)",610917
"28/11/2023 02:58:56",26.52189,40.11739,10.67,0.32,"ML",1.6,"Merkez (Çanakkale)",610913
"26/11/2023 21:10:11",27.40529,40.53829,7.17,0.28,"ML",1.7,"Marmara Denizi - [06.53 km] Marmara (Balıkesir)",610800
"24/11/2023 14:45:12",29.1925,40.70023,7.29,0.25,"ML",2,"Marmara Denizi - [06.29 km] Çınarcık (Yalova)",610569
"23/11/2023 23:42:25",28.06137,40.08941,8.84,0.31,"ML",1.2,"Manyas (Balıkesir)",610464
"23/11/2023 15:09:19",26.33297,40.40139,9.04,0.46,"ML",1.7,"Ege Denizi - Saros Körfezi - [08.93 km] Eceabat (Çanakkale)",610381
"22/11/2023 18:44:07",27.859,40.32728,6.95,0.21,"ML",1.6,"Bandırma (Balıkesir)",610274
"22/11/2023 14:58:31",27.03175,40.04,7,0.15,"ML",1.3,"Çan (Çanakkale)",610259
"22/11/2023 05:06:34",27.39188,40.68548,7,0.43,"ML",2,"Marmara Denizi - [07.49 km] Şarköy (Tekirdağ)",610202
"21/11/2023 20:55:21",27.97219,40.05446,11.24,0.11,"ML",1.4,"Manyas (Balıkesir)",610144
"20/11/2023 22:48:22",28.24083,40.338,13.41,0.26,"ML",1.4,"Karacabey (Bursa)",610071
"19/11/2023 05:30:17",26.603,40.34813,9.37,0.26,"ML",2.4,"Gelibolu (Çanakkale)",609938
"18/11/2023 07:06:20",27.71326,40.78834,7,0.48,"ML",1.8,"Marmara Denizi - [16.61 km] Marmara (Balıkesir)",609870
"17/11/2023 16:50:19",27.53742,40.58458,24.02,0.36,"ML",1.7,"Marmara Denizi - [00.41 km] Marmara (Balıkesir)",609818
"17/11/2023 12:57:47",29.04274,40.7238,7.21,0.47,"ML",1.7,"Marmara Denizi - [09.85 km] Çınarcık (Yalova)",609794
"16/11/2023 17:53:08",27.93852,40.65544,6.53,0.39,"ML",1.4,"Marmara Denizi - [17.20 km] Erdek (Balıkesir)",609694
"16/11/2023 14:59:19",29.93877,40.0876,8.69,0.19,"ML",1.2,"Merkez (Bilecik)",609685
"16/11/2023 06:36:58",27.15258,40.31401,8.73,0.18,"ML",2.9,"Biga (Çanakkale)",609646
"15/11/2023 17:59:17",26.996,40.0281,7.01,0.87,"ML",1.3,"Çan (Çanakkale)",609580
"15/11/2023 02:05:08",27.43882,40.65087,6.36,0.14,"ML",1.6,"Marmara Denizi - [09.36 km] Marmara (Balıkesir)",609502
"13/11/2023 14:36:23",29.21029,40.72836,7,0.38,"ML",1.1,"Marmara Denizi - [09.07 km] Merkez (Yalova)",609413
"13/11/2023 06:20:04",27.075,40.23964,7,0.56,"ML",2.4,"Biga (Çanakkale)",609382
"12/11/2023 03:51:24",28.12913,40.78599,7.01,0.96,"ML",1.3,"Marmara Denizi - [24.27 km] Marmaraereğlisi (Tekirdağ)",609310
"10/11/2023 01:30:35",27.441,40.58081,15.04,0.39,"ML",1.9,"Marmara Denizi - [05.54 km] Marmara (Balıkesir)",609087
"09/11/2023 15:20:44",26.96493,40.1292,7,0.42,"ML",1.6,"Çan (Çanakkale)",609038
"09/11/2023 12:55:05",28.04709,40.472,13.12,0.51,"ML",1.6,"Marmara Denizi - [02.64 km] Erdek (Balıkesir)",609024
"09/11/2023 00:06:03",27.11428,40.31199,6.99,0.18,"ML",1.1,"Biga (Çanakkale)",608977
"08/11/2023 16:03:24",26.97727,40.0414,6.47,0.54,"ML",1.6,"Çan (Çanakkale)",608951
"08/11/2023 15:20:08",27.50895,40.4836,12.05,0.31,"ML",1.5,"Marmara Denizi, Avşa Adası, Marmara (Balıkesir)",608950
"08/11/2023 01:56:31",27.53268,40.48106,13.83,0.49,"ML",1.9,"Marmara Denizi - [01.66 km] Marmara (Balıkesir)",608897
"07/11/2023 23:05:48",27.526,40.46228,4.33,0.4,"MW",4.1,"Marmara Denizi - [03.10 km] Marmara (Balıkesir)",608882
"07/11/2023 12:34:21",29.16973,40.6526,9.19,0.24,"ML",2.1,"Çınarcık (Yalova)",608831
"07/11/2023 12:33:47",29.16311,40.63053,6.83,0.34,"ML",2.2,"Çınarcık (Yalova)",608830
"07/11/2023 03:17:44",27.1124,40.14159,7,0.38,"ML",1.2,"Biga (Çanakkale)",608765
"06/11/2023 12:46:20",27.07,40.06578,7,0.39,"ML",1.3,"Çan (Çanakkale)",608710
"05/11/2023 08:57:00",27.42098,40.759,8.56,0.36,"ML",2.1,"Marmara Denizi - [06.14 km] Şarköy (Tekirdağ)",608627
"05/11/2023 07:55:02",27.41145,40.76537,7,0.49,"ML",1.7,"Marmara Denizi - [05.17 km] Şarköy (Tekirdağ)",608622
"05/11/2023 05:00:45",28.74279,40.47246,7.03,0.68,"ML",1.4,"Marmara Denizi - [07.17 km] Armutlu (Yalova)",608612
"03/11/2023 19:50:58",28.048,40.48095,17.16,0.34,"ML",1.7,"Marmara Denizi - [02.85 km] Erdek (Balıkesir)",608500
"03/11/2023 18:48:56",27.44219,40.03825,7,0.31,"ML",1.5,"Yenice (Çanakkale)",608494
"03/11/2023 16:32:56",27.40358,40.773,9.13,0.18,"ML",2.5,"Marmara Denizi - [04.50 km] Şarköy (Tekirdağ)",608487
"02/11/2023 21:37:45",28.60428,40.76362,4.15,0.41,"ML",2.4,"Marmara Denizi - [22.08 km] Beylikdüzü (İstanbul)",608394
"02/11/2023 18:33:39",28.60718,40.75028,7.72,0.45,"ML",1.6,"Marmara Denizi - [23.62 km] Beylikdüzü (İstanbul)",608371
"02/11/2023 18:32:03",28.48843,40.78149,11.58,0.36,"ML",1.4,"Marmara Denizi - [23.10 km] Büyükçekmece (İstanbul)",608372
"02/11/2023 14:58:21",26.99193,40.02917,6.93,0.81,"ML",1.3,"Çan (Çanakkale)",608353
"02/11/2023 11:21:10",29.73463,40.93389,7,0.36,"ML",1.3,"Körfez (Kocaeli)",608333
"02/11/2023 10:56:25",29.11161,40.70986,11.5,0.45,"ML",1.6,"Marmara Denizi - [07.71 km] Çınarcık (Yalova)",608324
"02/11/2023 09:18:49",27.36209,40.15013,6.99,0.4,"ML",1.9,"Biga (Çanakkale)",608311
"02/11/2023 01:08:26",27.52133,40.29421,7,0.34,"ML",1.3,"Marmara Denizi - Erdek Körfezi - [03.65 km] Gönen (Balıkesir)",608278
"01/11/2023 05:27:12",28.80243,40.84925,18.21,0.25,"ML",1.5,"Marmara Denizi - [11.36 km] Bakırköy (İstanbul)",608209
"31/10/2023 03:23:31",27.20066,40.4015,7,0.49,"ML",1.3,"Biga (Çanakkale)",608114
"30/10/2023 20:50:08",28.30482,40.86349,9.22,0.5,"ML",1.5,"Marmara Denizi - [21.41 km] Silivri (İstanbul)",608078
"30/10/2023 12:22:42",27.43037,40.43639,7.05,0.34,"ML",1.6,"Marmara Denizi - [09.18 km] Marmara (Balıkesir)",608044
"29/10/2023 21:18:02",26.16166,40.38213,7.55,0.23,"ML",1.4,"Ege Denizi - [16.10 km] Eceabat (Çanakkale)",607992
"28/10/2023 16:25:46",28.00687,40.03594,7.78,0.39,"ML",1.7,"Manyas (Balıkesir)",607880
"27/10/2023 13:37:56",26.97483,40.08843,7.22,0.47,"ML",1.5,"Çan (Çanakkale)",607776
"27/10/2023 12:51:15",26.97087,40.03446,7,0.33,"ML",1.2,"Çan (Çanakkale)",607774
"26/10/2023 20:18:24",27.30061,40.55407,10.72,0.44,"MW",3.6,"Marmara Denizi - [13.22 km] Şarköy (Tekirdağ)",607714
"26/10/2023 01:56:20",27.35674,40.75325,18.85,0.5,"ML",1.4,"Marmara Denizi - [02.91 km] Şarköy (Tekirdağ)",607600
"24/10/2023 04:08:44",28.30447,40.81264,7.02,0.23,"ML",1,"Marmara Denizi - [26.41 km] Büyükçekmece (İstanbul)",607366
"23/10/2023 18:22:31",26.94928,40.03409,6.93,0.76,"ML",1.7,"Çan (Çanakkale)",607325
"23/10/2023 15:22:00",28.45735,40.43351,6.95,0.49,"ML",1.1,"Marmara Denizi - [08.91 km] Karacabey (Bursa)",607308
"23/10/2023 05:56:35",29.09105,40.579,7.17,0.19,"ML",1.2,"Çınarcık (Yalova)",607265
"23/10/2023 02:32:29",29.10023,40.60303,10.08,0.32,"ML",1.5,"Çınarcık (Yalova)",607242
"22/10/2023 05:14:25",27.7629,40.34666,7,0.62,"ML",2.1,"Marmara Denizi - Erdek Körfezi - [05.53 km] Erdek (Balıkesir)",607138
"20/10/2023 23:30:12",28.97826,40.16653,7.12,0.64,"ML",1.9,"Osmangazi (Bursa)",607018
"20/10/2023 12:19:23",28.61644,40.08498,7,0.44,"ML",1.7,"Mustafakemalpaşa (Bursa)",606946
"20/10/2023 11:54:01",26.99232,40.0321,7.03,0.44,"ML",1,"Çan (Çanakkale)",606938
"20/10/2023 02:19:44",29.221,40.68913,7.06,0.42,"ML",1.3,"Marmara Denizi - [04.40 km] Merkez (Yalova)",606884
"20/10/2023 02:02:22",28.19512,40.54597,6.05,0.35,"ML",1.3,"Marmara Denizi - [17.35 km] Erdek (Balıkesir)",606882
"20/10/2023 01:56:50",28.04933,40.5874,7,0.55,"ML",1.6,"Marmara Denizi - [12.83 km] Erdek (Balıkesir)",606880
"19/10/2023 03:35:39",28.1278,40.10268,7,0.7,"ML",2,"Bandırma (Balıkesir)",606774
"17/10/2023 17:34:59",27.68039,40.21467,7,0.24,"ML",1.6,"Gönen (Balıkesir)",606666
"17/10/2023 16:10:29",27.70862,40.77593,6.98,0.54,"ML",1.6,"Marmara Denizi - [15.42 km] Marmara (Balıkesir)",606651
"17/10/2023 13:09:21",26.91608,40.02668,7,0.78,"ML",1.2,"Çan (Çanakkale)",606630
"17/10/2023 11:24:32",28.56223,40.09518,7.06,0.52,"ML",1.7,"Mustafakemalpaşa (Bursa)",606611
"15/10/2023 04:32:51",26.34221,40.46882,6.99,0.3,"ML",2.6,"Ege Denizi - Saros Körfezi - [13.34 km] Gelibolu (Çanakkale)",606391
"13/10/2023 13:54:47",27.48541,40.78899,7.08,0.47,"ML",1.8,"Marmara Denizi - [08.61 km] Süleymanpaşa (Tekirdağ)",606187
"13/10/2023 12:57:54",27.00731,40.3607,7.02,0.35,"ML",1.9,"Lapseki (Çanakkale)",606176
"13/10/2023 12:44:10",26.99598,40.02676,7,0.65,"ML",1.3,"Çan (Çanakkale)",606174
"13/10/2023 09:25:32",26.95116,40.05053,6.68,0.71,"ML",1.3,"Çan (Çanakkale)",606156
"12/10/2023 16:07:45",27.39082,40.2318,7.01,0.36,"ML",2.4,"Biga (Çanakkale)",606065
"11/10/2023 19:36:01",28.26722,40.83372,6.99,0.41,"ML",3,"Marmara Denizi - [24.70 km] Silivri (İstanbul)",605997
"10/10/2023 19:56:51",26.2834,40.291,16.55,0.2,"ML",1.9,"Eceabat (Çanakkale)",605875
"10/10/2023 14:05:11",27.01939,40.02507,6.99,0.65,"ML",1.2,"Çan (Çanakkale)",605853
"10/10/2023 13:06:52",27.00425,40.01728,7,0.55,"ML",1.1,"Çan (Çanakkale)",605850
"10/10/2023 12:35:57",26.84455,40.06703,18.71,0.69,"ML",1.6,"Çan (Çanakkale)",605849
"10/10/2023 11:09:59",27.01171,40.07349,11.2,0.87,"ML",1.6,"Çan (Çanakkale)",605843
"07/10/2023 12:19:03",27.02452,40.07403,6.84,0.76,"ML",1.7,"Çan (Çanakkale)",605584
"06/10/2023 13:00:38",27.00298,40.01,7,0.44,"ML",1.4,"Çan (Çanakkale)",605454
"06/10/2023 12:52:46",26.99889,40.04862,10.24,0.78,"ML",1.5,"Çan (Çanakkale)",605468
"05/10/2023 23:11:36",26.60839,40.9013,17.73,0.37,"ML",1.5,"Keşan (Edirne)",605402
"05/10/2023 22:05:29",26.59758,40.89639,12.06,0.44,"ML",2.2,"Keşan (Edirne)",605392
"05/10/2023 21:48:10",26.58923,40.89998,12.19,0.36,"ML",1.9,"Keşan (Edirne)",605393
"05/10/2023 21:45:36",28.44714,40.395,7.11,0.57,"ML",1.9,"Marmara Denizi - [04.90 km] Karacabey (Bursa)",605394
"05/10/2023 17:50:29",26.9994,40.01882,7.01,0.42,"ML",1.5,"Çan (Çanakkale)",605379
"04/10/2023 12:03:30",29.98117,40.17434,7.34,0.31,"ML",1.1,"Merkez (Bilecik)",605203
"04/10/2023 11:51:39",27.03789,40.134,7,0.1,"ML",1.4,"Çan (Çanakkale)",605201
"04/10/2023 09:56:19",29.474,40.81715,6.99,0.12,"ML",1.1,"Gebze (Kocaeli)",605192
"04/10/2023 07:42:42",29.11748,40.26329,6.88,0.23,"ML",1.9,"Osmangazi (Bursa)",605181
"03/10/2023 12:14:08",26.97455,40.05188,7.01,0.57,"ML",1.5,"Çan (Çanakkale)",605109
"03/10/2023 01:54:58",28.94497,40.37797,7,0.35,"ML",2,"Marmara Denizi - Gemlik Körfezi - [03.94 km] Mudanya (Bursa)",605056
"03/10/2023 00:10:02",28.23449,40.02036,7,0.35,"ML",1.5,"Mustafakemalpaşa (Bursa)",605051
"02/10/2023 16:17:00",26.99479,40.0557,7.04,0.87,"ML",1.8,"Çan (Çanakkale)",605021
"02/10/2023 02:58:24",28.21479,40.03591,12.6,0.52,"ML",1.3,"Mustafakemalpaşa (Bursa)",604930
"30/09/2023 07:19:40",28.25896,40.07246,7.01,0.41,"ML",1.4,"Mustafakemalpaşa (Bursa)",604732
"30/09/2023 04:06:28",27.3904,40.7082,7,0.32,"ML",1.3,"Marmara Denizi - [05.95 km] Şarköy (Tekirdağ)",604713
"29/09/2023 16:25:25",29.60914,40.82803,7.01,0.37,"ML",1.2,"Dilovası (Kocaeli)",604647
"29/09/2023 14:22:41",29.25613,40.44878,7.21,0.46,"ML",1.5,"Orhangazi (Bursa)",604628
"29/09/2023 13:20:43",29.76483,40.90365,7.29,0.09,"ML",0.9,"Körfez (Kocaeli)",604625
"29/09/2023 01:25:58",28.25986,40.06784,7.09,0.16,"ML",1.2,"Mustafakemalpaşa (Bursa)",604556
"28/09/2023 11:52:03",29.60756,40.83787,13.31,0.61,"ML",1.5,"Dilovası (Kocaeli)",604477
"27/09/2023 05:07:40",27.44793,40.763,8.35,0.37,"ML",1.4,"Marmara Denizi - [07.35 km] Süleymanpaşa (Tekirdağ)",604346
"26/09/2023 17:54:16",27.90389,40.17661,8.7,0.32,"ML",2.1,"Kuş Gölü - [03.14 km] Bandırma (Balıkesir)",604291
"26/09/2023 13:17:58",27.00417,40.054,7.06,0.45,"ML",1.5,"Çan (Çanakkale)",604277
"26/09/2023 00:18:13",28.26742,40.84758,17.94,0.49,"ML",2.1,"Marmara Denizi - [23.68 km] Silivri (İstanbul)",604207
"25/09/2023 17:52:56",26.98652,40.03458,7.01,0.68,"ML",1.7,"Çan (Çanakkale)",604174
"25/09/2023 12:49:31",28.78735,40.4468,6.79,0.75,"ML",1.8,"Marmara Denizi - Gemlik Körfezi - [06.83 km] Mudanya (Bursa)",604147
"24/09/2023 10:50:26",28.74956,40.404,7,0.61,"ML",1.4,"Marmara Denizi - Gemlik Körfezi - [03.39 km] Mudanya (Bursa)",604022
"24/09/2023 08:42:37",27.50753,40.48671,6.85,0.44,"ML",1.4,"Marmara Denizi, Avşa Adası, Marmara (Balıkesir)",604012
"24/09/2023 03:36:18",27.24958,40.18024,7,0.35,"ML",2,"Biga (Çanakkale)",603982
"23/09/2023 05:00:40",29.13802,40.71163,7,0.44,"ML",1.6,"Marmara Denizi - [07.10 km] Çınarcık (Yalova)",603864
"22/09/2023 11:07:56",27.12093,40.40353,6.98,0.13,"ML",1.9,"Biga (Çanakkale)",603759
"21/09/2023 21:37:08",29.15804,40.27626,5.8,0.44,"ML",1.7,"Osmangazi (Bursa)",603664
"21/09/2023 21:33:19",27.66381,40.10996,7.06,0.25,"ML",1.1,"Gönen (Balıkesir)",603665
"20/09/2023 20:05:48",27.90597,40.18964,7,0.16,"ML",1.4,"Kuş Gölü - [03.19 km] Bandırma (Balıkesir)",603570
"19/09/2023 05:05:55",27.50098,40.42979,7,0.42,"ML",1.3,"Marmara Denizi - [07.53 km] Marmara (Balıkesir)",603419
"19/09/2023 04:27:31",27.52547,40.41324,7.08,0.31,"ML",2.1,"Marmara Denizi - Erdek Körfezi - [08.86 km] Erdek (Balıkesir)",603418
"18/09/2023 23:36:11",28.8185,40.58353,7,0.54,"ML",2.3,"Marmara Denizi - [03.82 km] Armutlu (Yalova)",603387
"17/09/2023 09:07:55",27.45645,40.69161,8.42,0.7,"ML",1.9,"Marmara Denizi - [10.81 km] Marmara (Balıkesir)",603223
"17/09/2023 03:56:55",27.39393,40.66527,6.53,0.31,"ML",1.3,"Marmara Denizi - [08.50 km] Şarköy (Tekirdağ)",603208
"15/09/2023 16:07:18",28.89796,40.21077,6.79,0.09,"ML",1.3,"Nilüfer (Bursa)",603012
"15/09/2023 12:58:22",27.01305,40.02884,7.01,0.59,"ML",1.4,"Çan (Çanakkale)",602991
"14/09/2023 15:54:48",29.21742,40.4484,7.38,0.4,"ML",1.3,"Gemlik (Bursa)",602878
"14/09/2023 02:53:24",29.18465,40.647,9.06,0.36,"ML",1.6,"Marmara Denizi - [02.47 km] Çınarcık (Yalova)",602802
"13/09/2023 17:17:03",29.95114,40.90883,9.52,0.36,"ML",1.6,"İzmit (Kocaeli)",602761
"13/09/2023 12:31:45",28.08266,40.83345,7.01,0.54,"ML",1.8,"Marmara Denizi - [18.16 km] Marmaraereğlisi (Tekirdağ)",602738
"13/09/2023 10:45:09",26.3524,40.46785,14.5,0.27,"MW",3.2,"Ege Denizi - Saros Körfezi - [13.12 km] Gelibolu (Çanakkale)",602727
"13/09/2023 05:52:48",26.99997,40.09784,7.01,0.51,"ML",1.6,"Çan (Çanakkale)",602716
"11/09/2023 23:39:31",26.089,40.36732,8.63,0.4,"ML",1.5,"Ege Denizi - [20.31 km] Eceabat (Çanakkale)",602526
"11/09/2023 19:36:21",29.01376,40.80809,10.23,0.37,"ML",2.3,"Marmara Denizi - [06.41 km] Adalar (İstanbul)",602503
"11/09/2023 00:02:12",29.191,40.6996,10.75,0.32,"ML",2.1,"Marmara Denizi - [05.86 km] Çınarcık (Yalova)",602421
"09/09/2023 23:29:08",29.19488,40.57903,8.26,0.14,"ML",1.8,"Termal (Yalova)",602324
"09/09/2023 23:19:02",27.7336,40.79225,7.05,0.26,"ML",1.8,"Marmara Denizi - [17.58 km] Marmara (Balıkesir)",602323
"07/09/2023 15:33:03",28.58413,40.27752,7,0.64,"ML",1.3,"Karacabey (Bursa)",602083
"07/09/2023 12:31:02",27.01619,40.03094,7.13,0.78,"ML",1.4,"Çan (Çanakkale)",602066
"06/09/2023 18:50:56",29.17081,40.4146,7.1,0.37,"ML",1,"Gemlik (Bursa)",601910
"06/09/2023 06:26:22",27.10696,40.12679,6.98,0.18,"ML",1.4,"Çan (Çanakkale)",601821
"05/09/2023 08:55:37",28.27983,40.84903,6.25,0.45,"ML",1.7,"Marmara Denizi - [23.78 km] Silivri (İstanbul)",601763
"05/09/2023 00:41:43",27.94873,40.7496,7,0.36,"ML",1.9,"Marmara Denizi - [23.34 km] Marmaraereğlisi (Tekirdağ)",601732
"04/09/2023 17:05:19",26.99222,40.01381,7,0.79,"ML",1.5,"Çan (Çanakkale)",601725
"04/09/2023 05:08:45",26.08553,40.3694,7,0.38,"ML",1,"Ege Denizi - [20.12 km] Gökçeada (Çanakkale)",601668
"04/09/2023 01:30:46",29.97973,40.44168,12.38,0.36,"ML",2.7,"Osmaneli (Bilecik)",601639
"02/09/2023 15:23:27",27.48076,40.51539,6.6,0.43,"ML",1.6,"Marmara Denizi - [00.94 km] Marmara (Balıkesir)",601485
"01/09/2023 12:04:10",27.48291,40.75718,11.26,0.24,"ML",1.8,"Marmara Denizi - [10.06 km] Süleymanpaşa (Tekirdağ)",601325
"01/09/2023 01:41:28",28.82711,40.40874,6.81,0.42,"ML",2,"Marmara Denizi - Gemlik Körfezi - [03.39 km] Mudanya (Bursa)",601260
"31/08/2023 18:55:04",26.17807,40.02493,8.45,0.18,"ML",2.3,"Ege Denizi - [02.01 km] Eceabat (Çanakkale)",601230
"31/08/2023 14:46:25",26.14982,40.38403,7,0.27,"ML",2,"Ege Denizi - [16.49 km] Eceabat (Çanakkale)",601210
"31/08/2023 11:52:36",26.05746,40.32324,6.97,0.46,"ML",2,"Ege Denizi - [14.84 km] Gökçeada (Çanakkale)",601202
"31/08/2023 06:48:26",27.49659,40.5158,6.52,0.42,"ML",1.4,"Marmara Denizi, Avşa Adası, Marmara (Balıkesir)",601183
"31/08/2023 06:24:23",27.49852,40.52578,6.8,0.75,"ML",1.4,"Marmara Denizi - [02.00 km] Marmara (Balıkesir)",601180
"31/08/2023 04:14:21",28.823,40.39945,7.11,0.5,"ML",1.8,"Marmara Denizi - Gemlik Körfezi - [02.69 km] Mudanya (Bursa)",601169
"31/08/2023 00:38:21",27.48647,40.50073,5.12,0.62,"ML",1.9,"Marmara Denizi - [00.56 km] Marmara (Balıkesir)",601148
"30/08/2023 12:53:47",28.79591,40.03636,11.46,0.47,"ML",1.8,"Orhaneli (Bursa)",601113
"29/08/2023 22:34:54",27.44681,40.51646,7.02,0.45,"ML",1.4,"Marmara Denizi - [04.06 km] Marmara (Balıkesir)",601020
"29/08/2023 21:41:30",27.53537,40.43408,7.99,0.27,"ML",0.9,"Marmara Denizi - [06.24 km] Marmara (Balıkesir)",601014
"29/08/2023 17:35:14",28.7644,40.42525,6.99,0.39,"ML",1.6,"Marmara Denizi - Gemlik Körfezi - [04.57 km] Mudanya (Bursa)",600972
"28/08/2023 13:09:59",29.73052,40.92831,7,0.45,"ML",1.4,"Körfez (Kocaeli)",600825
"28/08/2023 12:30:53",26.94091,40.06459,6.28,0.74,"ML",1.8,"Çan (Çanakkale)",600823
"26/08/2023 18:00:38",29.2717,40.679,7,0.45,"ML",1.7,"Marmara Denizi - [03.44 km] Merkez (Yalova)",600658
"26/08/2023 01:21:15",27.70718,40.8056,7.02,0.49,"ML",1.6,"Marmara Denizi - [17.90 km] Marmara (Balıkesir)",600567
"25/08/2023 23:54:52",27.41723,40.75948,4.05,0.44,"ML",1.6,"Marmara Denizi - [06.34 km] Şarköy (Tekirdağ)",600552
"24/08/2023 12:57:29",29.97244,40.17936,11.12,0.43,"ML",1.1,"Merkez (Bilecik)",600345
"24/08/2023 12:07:32",26.22761,40.00014,7,0.41,"ML",0.9,"Ege Denizi - Çanakkale Boğazı - [03.11 km] Merkez (Çanakkale)",600338
"24/08/2023 11:56:17",29.388,40.50362,7.05,0.55,"ML",1.3,"Orhangazi (Bursa)",600323
"24/08/2023 04:33:09",28.86712,40.38462,7,0.63,"ML",1.4,"Marmara Denizi - Gemlik Körfezi - [01.04 km] Mudanya (Bursa)",600264
"21/08/2023 21:32:48",27.23743,40.356,7.29,0.44,"ML",1.4,"Biga (Çanakkale)",599957
"21/08/2023 06:56:39",29.12866,40.72737,12.48,0.5,"ML",1.5,"Marmara Denizi - [09.33 km] Çınarcık (Yalova)",599886
"21/08/2023 06:31:30",27.45978,40.71006,7.01,0.59,"ML",2.2,"Marmara Denizi - [11.79 km] Şarköy (Tekirdağ)",599889
"21/08/2023 01:24:28",27.46764,40.78805,13.69,0.4,"ML",2.2,"Marmara Denizi - [07.21 km] Süleymanpaşa (Tekirdağ)",599871
"20/08/2023 23:47:52",27.84,40.80591,6.47,0.28,"ML",1.5,"Marmara Denizi - [18.51 km] Marmaraereğlisi (Tekirdağ)",599861
"20/08/2023 00:48:27",27.47497,40.69426,6.94,0.51,"ML",2.1,"Marmara Denizi - [11.08 km] Marmara (Balıkesir)",599736
"19/08/2023 17:43:47",28.06118,40.86708,8.83,0.26,"MW",3.8,"Marmara Denizi - [13.95 km] Marmaraereğlisi (Tekirdağ)",666946
"17/08/2023 23:46:20",27.52007,40.41556,6.55,0.72,"ML",2,"Marmara Denizi - Erdek Körfezi - [08.46 km] Marmara (Balıkesir)",599431
"15/08/2023 05:54:14",27.02655,40.37748,7.01,0.25,"ML",1.2,"Biga (Çanakkale)",599132
"14/08/2023 06:59:29",26.99423,40.3409,12.69,0.45,"ML",2.3,"Lapseki (Çanakkale)",598963
"12/08/2023 10:49:17",29.09677,40.34785,4.7,0.61,"ML",1.6,"Gemlik (Bursa)",598670
"11/08/2023 20:17:21",27.65416,40.78015,8.22,0.38,"ML",1.7,"Marmara Denizi - [14.65 km] Marmara (Balıkesir)",598595
"11/08/2023 19:31:53",29.613,40.23308,7,0.8,"ML",2,"Yenişehir (Bursa)",598584
"11/08/2023 12:00:43",27.50767,40.95492,6.99,0.35,"ML",1.4,"Marmara Denizi - [01.66 km] Süleymanpaşa (Tekirdağ)",598520
"11/08/2023 06:40:49",27.53908,40.438,7,0.21,"ML",1.9,"Marmara Denizi - [06.70 km] Erdek (Balıkesir)",598491
"11/08/2023 01:36:05",27.93391,40.36056,14.82,0.27,"ML",1.9,"Marmara Denizi - Bandırma Körfezi - [01.40 km] Bandırma (Balıkesir)",598447
"09/08/2023 17:06:03",27.33947,40.3521,7,0.49,"ML",1.4,"Biga (Çanakkale)",598273
"08/08/2023 23:29:05",29.15,40.68276,7,0.57,"ML",2,"Marmara Denizi - [04.16 km] Çınarcık (Yalova)",598203
"08/08/2023 09:34:32",27.42764,40.69982,7.07,0.3,"ML",1.8,"Marmara Denizi - [09.99 km] Şarköy (Tekirdağ)",598124
"08/08/2023 09:03:44",27.45973,40.76982,7.16,0.49,"ML",2,"Marmara Denizi - [08.00 km] Süleymanpaşa (Tekirdağ)",598122
"08/08/2023 07:58:58",28.75884,40.041,6.97,0.3,"ML",1.3,"Orhaneli (Bursa)",598110
"07/08/2023 11:53:01",27.11825,40.35626,7,0.6,"ML",1.2,"Biga (Çanakkale)",597992
"06/08/2023 18:29:01",29.21932,40.70151,7.7,0.2,"ML",3.3,"Marmara Denizi - [05.54 km] Merkez (Yalova)",597912
"06/08/2023 18:23:18",29.70943,40.23153,6.99,0.56,"ML",1.8,"Yenişehir (Bursa)",597913
"04/08/2023 22:43:54",27.45062,40.53147,7.02,0.25,"ML",1.4,"Marmara Denizi - [02.84 km] Marmara (Balıkesir)",597712
"04/08/2023 19:39:07",27.06749,40.70001,10.06,0.33,"ML",2.5,"Şarköy (Tekirdağ)",597694
"04/08/2023 17:57:26",27.23097,40.39618,7.39,0.22,"ML",1.2,"Biga (Çanakkale)",597678
"04/08/2023 00:20:55",27.23664,40.39825,8.47,0.12,"ML",1.1,"Biga (Çanakkale)",597617
"03/08/2023 17:19:47",27.172,40.01385,6.8,0.36,"ML",0.9,"Çan (Çanakkale)",597599
"02/08/2023 17:48:36",27.87325,40.54955,7,0.56,"ML",2.6,"Marmara Denizi - [06.38 km] Erdek (Balıkesir)",597455
"02/08/2023 12:36:59",26.93209,40.21243,12.4,0.52,"ML",1.4,"Biga (Çanakkale)",597444
"02/08/2023 03:50:19",27.11725,40.25407,6.99,0.45,"ML",1.4,"Biga (Çanakkale)",597404
"02/08/2023 03:33:34",27.22643,40.39875,7.02,0.27,"ML",1.5,"Biga (Çanakkale)",597399
"02/08/2023 03:28:19",27.73354,40.81762,7,0.59,"ML",1.2,"Marmara Denizi - [20.36 km] Marmara (Balıkesir)",597395
"02/08/2023 03:27:46",27.74695,40.7969,6.98,0.91,"ML",1.3,"Marmara Denizi - [18.24 km] Marmara (Balıkesir)",597394
"02/08/2023 03:24:26",27.77885,40.79999,7.16,0.61,"ML",1.5,"Marmara Denizi - [20.25 km] Marmara (Balıkesir)",597393
"01/08/2023 14:44:10",27.23359,40.37458,6.98,0.28,"ML",2.3,"Biga (Çanakkale)",597297
"31/07/2023 15:39:06",27.23444,40.38427,6.97,0.3,"ML",1.7,"Biga (Çanakkale)",597202
"31/07/2023 06:18:03",29.28331,40.70016,7.06,0.59,"ML",1.6,"Marmara Denizi - [04.92 km] Merkez (Yalova)",597155
"29/07/2023 06:35:26",27.86637,40.21399,7.04,0.49,"ML",1.4,"Bandırma (Balıkesir)",596940
"27/07/2023 11:32:50",27.80369,40.78741,11.75,0.33,"ML",3.1,"Marmara Denizi - [19.99 km] Marmara (Balıkesir)",596702
"26/07/2023 14:48:14",27.07665,40.32605,6.97,0.47,"ML",1.5,"Biga (Çanakkale)",596606
"26/07/2023 00:20:39",27.58283,40.84437,7,0.5,"ML",1.4,"Marmara Denizi - [11.23 km] Süleymanpaşa (Tekirdağ)",596501
"25/07/2023 14:43:41",28.67419,40.8053,5.29,0.42,"ML",1.3,"Marmara Denizi - [17.59 km] Beylikdüzü (İstanbul)",596405
"24/07/2023 13:33:19",29.15552,40.30214,6.58,0.59,"ML",1,"Osmangazi (Bursa)",596283
"23/07/2023 10:05:32",27.30219,40.41785,6.01,0.3,"ML",1.3,"Biga (Çanakkale)",596155
"23/07/2023 02:39:07",28.38154,40.39595,9.46,0.46,"ML",2,"Marmara Denizi - [02.76 km] Karacabey (Bursa)",596103
"22/07/2023 04:00:30",27.4756,40.70648,13.57,0.43,"ML",1.4,"Marmara Denizi - [11.37 km] Marmara (Balıkesir)",596004
"22/07/2023 01:38:30",27.286,40.41784,8.86,0.4,"ML",1.3,"Biga (Çanakkale)",595985
"21/07/2023 16:31:11",27.57456,40.19815,7,0.55,"ML",1.2,"Gönen (Balıkesir)",595942
"21/07/2023 12:29:53",29.43244,40.34345,6.77,0.52,"ML",1.2,"Orhangazi (Bursa)",595913
"20/07/2023 21:51:40",28.54738,40.39803,7,0.22,"ML",1.6,"Marmara Denizi - [04.91 km] Karacabey (Bursa)",595796
"20/07/2023 20:57:58",27.29465,40.17995,7,0.26,"ML",0.9,"Biga (Çanakkale)",595787
"20/07/2023 09:04:37",28.00844,40.11073,7.57,0.23,"ML",1.7,"Manyas (Balıkesir)",595725
"20/07/2023 02:04:40",29.04368,40.63961,7,0.49,"ML",1.3,"Çınarcık (Yalova)",595695
"19/07/2023 14:19:46",29.18308,40.55758,10.95,0.34,"ML",1.5,"Termal (Yalova)",595638
"17/07/2023 16:32:12",28.57779,40.10704,10.53,0.65,"ML",1.4,"Mustafakemalpaşa (Bursa)",595428
"17/07/2023 00:08:23",27.93604,40.794,11.55,0.65,"ML",1.9,"Marmara Denizi - [17.94 km] Marmaraereğlisi (Tekirdağ)",595285
"14/07/2023 23:59:06",26.13724,40.39018,6.92,0.34,"ML",1.6,"Ege Denizi - [18.26 km] Eceabat (Çanakkale)",595064
"14/07/2023 05:53:35",29.12727,40.61349,5.58,0.7,"ML",1.4,"Çınarcık (Yalova)",594950
"14/07/2023 02:32:08",27.24648,40.46353,6.65,0.89,"ML",1,"Marmara Denizi - [07.48 km] Biga (Çanakkale)",594924
"13/07/2023 14:57:10",27.42173,40.73264,5.79,0.2,"ML",1.4,"Marmara Denizi - [08.05 km] Şarköy (Tekirdağ)",594855
"12/07/2023 11:31:03",27.77825,40.81445,7.01,0.41,"ML",1.5,"Marmara Denizi - [20.65 km] Marmaraereğlisi (Tekirdağ)",594723
"12/07/2023 02:58:31",26.43876,40.10847,15.17,0.46,"ML",1.5,"Merkez (Çanakkale)",594690
"12/07/2023 02:49:19",27.40991,40.38796,10.08,0.55,"ML",1.2,"Marmara Denizi - Erdek Körfezi - [08.45 km] Biga (Çanakkale)",594691
"12/07/2023 01:35:49",29.07701,40.42217,7.21,0.59,"ML",2.5,"Marmara Denizi - Gemlik Körfezi - [02.20 km] Gemlik (Bursa)",594667
"11/07/2023 18:32:14",29.25118,40.7229,2.76,0.59,"ML",1.7,"Marmara Denizi - [08.02 km] Merkez (Yalova)",594633
"11/07/2023 12:01:58",27.60333,40.1012,6.82,0.38,"ML",1.5,"Gönen (Balıkesir)",594591
"11/07/2023 01:12:42",28.90197,40.48048,6.24,0.39,"ML",1.6,"Armutlu (Yalova)",594508
"10/07/2023 13:14:33",29.98,40.43561,18.38,0.34,"ML",1.7,"Çerkeşli Göleti - [01.27 km] Osmaneli (Bilecik)",594433
"09/07/2023 21:36:44",28.16532,40.06808,8.21,0.15,"ML",2.1,"Susurluk (Balıkesir)",594369
"09/07/2023 11:49:16",29.04513,40.62582,7,0.59,"ML",1.9,"Çınarcık (Yalova)",594342
"08/07/2023 19:11:54",28.09799,40.77122,13.04,0.26,"ML",1.6,"Marmara Denizi - [24.52 km] Marmaraereğlisi (Tekirdağ)",594245
"08/07/2023 17:56:21",29.20367,40.43248,7,0.46,"ML",1.6,"Gemlik (Bursa)",594241
"08/07/2023 17:46:10",28.3012,40.86635,7,0.66,"ML",1.7,"Marmara Denizi - [20.89 km] Silivri (İstanbul)",594240
"07/07/2023 03:42:39",27.42049,40.80785,7,0.67,"ML",1,"Marmara Denizi - [03.33 km] Süleymanpaşa (Tekirdağ)",594061
"07/07/2023 01:37:55",28.25373,40.13631,7,0.39,"ML",0.8,"Karacabey (Bursa)",594040
"07/07/2023 01:07:02",28.18722,40.31832,13.14,0.24,"ML",2.1,"Karacabey (Bursa)",594030
"07/07/2023 00:34:47",27.4309,40.72879,8.05,0.4,"ML",1.9,"Marmara Denizi - [08.78 km] Şarköy (Tekirdağ)",594025
"05/07/2023 03:18:47",27.28174,40.41344,7,0.27,"ML",1.2,"Biga (Çanakkale)",593745
"05/07/2023 03:14:31",27.21524,40.35212,7.24,0.34,"ML",1.1,"Biga (Çanakkale)",593746
"03/07/2023 09:53:22",26.33145,40.39957,7,0.26,"ML",1.9,"Ege Denizi - Saros Körfezi - [08.82 km] Eceabat (Çanakkale)",593599
"03/07/2023 00:00:53",27.34976,40.72773,7,0.63,"ML",1.9,"Marmara Denizi - [02.80 km] Şarköy (Tekirdağ)",593538
"02/07/2023 01:57:51",28.83989,40.138,7,0.57,"ML",1.4,"Nilüfer (Bursa)",593403
"01/07/2023 21:10:18",27.39413,40.7462,11.43,0.25,"ML",1,"Marmara Denizi - [05.52 km] Şarköy (Tekirdağ)",593379
"01/07/2023 01:28:26",27.04864,40.30009,6.99,0.16,"ML",1.2,"Biga (Çanakkale)",593275
"30/06/2023 06:56:06",28.22151,40.844,7.46,0.44,"ML",2,"Marmara Denizi - [23.84 km] Silivri (İstanbul)",593184
"30/06/2023 06:24:13",27.43872,40.68726,12.96,0.48,"ML",1.3,"Marmara Denizi - [10.83 km] Şarköy (Tekirdağ)",593176
"30/06/2023 05:38:03",28.43958,40.709,5.15,0.47,"ML",1.4,"Marmara Denizi - [31.46 km] Büyükçekmece (İstanbul)",593174
"30/06/2023 05:32:19",27.47571,40.3687,7.08,0.15,"ML",0.7,"Marmara Denizi - Erdek Körfezi - [09.77 km] Biga (Çanakkale)",593175
"29/06/2023 21:47:48",28.89388,40.22452,9.21,0.29,"ML",2.9,"Nilüfer (Bursa)",593073
"29/06/2023 20:31:23",28.89324,40.22185,7.01,0.46,"ML",2.2,"Nilüfer (Bursa)",593064
"29/06/2023 15:28:42",29.20309,40.73508,12.05,0.19,"ML",1.3,"Marmara Denizi - [10.40 km] Çınarcık (Yalova)",593016
"29/06/2023 14:44:59",26.98929,40.43172,7.64,0.52,"ML",1.7,"Marmara Denizi - [06.14 km] Biga (Çanakkale)",593014
"29/06/2023 03:54:45",29.01916,40.7251,7.08,0.18,"ML",1.4,"Marmara Denizi - [10.12 km] Çınarcık (Yalova)",592966
"28/06/2023 17:34:03",27.51356,40.69193,14.15,0.29,"ML",2.6,"Marmara Denizi - [09.69 km] Marmara (Balıkesir)",592930
"28/06/2023 12:42:09",28.97684,40.79778,6.74,0.3,"ML",1.6,"Marmara Denizi - [07.16 km] Adalar (İstanbul)",592906
"28/06/2023 06:52:11",29.15375,40.359,7.29,0.59,"ML",1.4,"Gemlik (Bursa)",592888
"28/06/2023 02:24:09",27.21537,40.38309,6.82,0.41,"ML",1.6,"Biga (Çanakkale)",592862
"26/06/2023 20:16:05",29.99298,40.66932,7,0.63,"ML",2.5,"Başiskele (Kocaeli)",592663
"26/06/2023 16:33:30",29.25577,40.45437,7.03,0.4,"ML",0.9,"Orhangazi (Bursa)",592637
"25/06/2023 17:15:41",29.2557,40.23284,7.07,0.64,"ML",1.3,"Gürsu (Bursa)",592510
"25/06/2023 10:13:22",27.35862,40.74009,11.05,0.2,"ML",2.4,"Marmara Denizi - [02.70 km] Şarköy (Tekirdağ)",592489
"25/06/2023 04:54:11",27.34855,40.73269,13.52,0.29,"ML",1.7,"Marmara Denizi - [02.08 km] Şarköy (Tekirdağ)",592462
"23/06/2023 23:43:20",28.11054,40.04331,7,0.26,"ML",1.3,"Susurluk (Balıkesir)",592218
"22/06/2023 01:05:30",28.591,40.40453,7,0.46,"ML",1.5,"Marmara Denizi - [06.00 km] Mudanya (Bursa)",591862
"21/06/2023 18:46:44",29.58146,40.26185,6.98,0.2,"ML",1.5,"Yenişehir (Bursa)",591827
"21/06/2023 18:37:22",29.57718,40.2523,7,0.34,"ML",2.5,"Yenişehir (Bursa)",591824
"20/06/2023 05:46:09",27.50413,40.47885,7,0.42,"ML",1.2,"Marmara Denizi, Avşa Adası, Marmara (Balıkesir)",591563
"19/06/2023 21:13:47",27.5373,40.38216,7.01,0.39,"ML",2.7,"Marmara Denizi - Erdek Körfezi - [10.99 km] Erdek (Balıkesir)",591463
"19/06/2023 10:36:04",26.10501,40.40716,7,0.33,"ML",1.5,"Ege Denizi - [21.30 km] Eceabat (Çanakkale)",591387
"19/06/2023 02:04:53",27.53793,40.79735,8.65,0.29,"ML",1.3,"Marmara Denizi - [09.93 km] Süleymanpaşa (Tekirdağ)",591321
"18/06/2023 21:26:12",29.03019,40.38619,7.04,0.33,"ML",1.3,"Marmara Denizi - Gemlik Körfezi - [04.01 km] Gemlik (Bursa)",591292
"18/06/2023 12:06:38",29.21984,40.25222,11.65,0.48,"ML",1.6,"Gürsu (Bursa)",591242
"17/06/2023 17:39:40",29.05178,40.382,7,0.29,"ML",2.1,"Marmara Denizi - Gemlik Körfezi - [04.05 km] Gemlik (Bursa)",591071
"17/06/2023 03:33:03",27.47831,40.76199,7.02,0.59,"ML",1.2,"Marmara Denizi - [09.98 km] Süleymanpaşa (Tekirdağ)",590942
"17/06/2023 01:19:59",28.05,40.80002,11.61,0.44,"ML",3.2,"Marmara Denizi - [19.62 km] Marmaraereğlisi (Tekirdağ)",590917
"16/06/2023 22:48:32",28.07159,40.81206,7,0.78,"ML",1.2,"Marmara Denizi - [19.26 km] Marmaraereğlisi (Tekirdağ)",590895
"16/06/2023 22:05:12",28.08813,40.78948,6.62,0.63,"ML",1.4,"Marmara Denizi - [22.17 km] Marmaraereğlisi (Tekirdağ)",590890
"16/06/2023 22:03:49",28.13983,40.826,12.25,0.49,"ML",1.5,"Marmara Denizi - [21.11 km] Marmaraereğlisi (Tekirdağ)",590889
"16/06/2023 21:48:51",28.07312,40.78459,6.76,0.78,"ML",1.8,"Marmara Denizi - [21.60 km] Marmaraereğlisi (Tekirdağ)",590885
"16/06/2023 16:46:28",28.08192,40.7681,7.01,0.83,"ML",1.7,"Marmara Denizi - [24.01 km] Marmaraereğlisi (Tekirdağ)",590847
"16/06/2023 15:54:23",27.991,40.81686,6.95,0.63,"ML",1.4,"Marmara Denizi - [16.51 km] Marmaraereğlisi (Tekirdağ)",590833
"16/06/2023 09:21:48",28.23903,40.80003,6.45,0.39,"ML",2.2,"Marmara Denizi - [29.09 km] Silivri (İstanbul)",590787
"16/06/2023 01:10:01",27.5025,40.40287,5.58,0.27,"ML",1.9,"Marmara Denizi - Erdek Körfezi - [10.16 km] Marmara (Balıkesir)",590694
"14/06/2023 23:41:13",27.75909,40.7999,6.73,0.41,"ML",2.4,"Marmara Denizi - [18.76 km] Marmara (Balıkesir)",590483
"14/06/2023 11:21:02",27.83384,40.58398,7.03,0.56,"ML",1.5,"Marmara Denizi - [08.89 km] Erdek (Balıkesir)",590383
"14/06/2023 09:45:54",27.37436,40.711,7,0.28,"ML",1.5,"Marmara Denizi - [04.62 km] Şarköy (Tekirdağ)",590372
"14/06/2023 03:31:53",27.74954,40.76189,6.99,0.6,"ML",1.8,"Marmara Denizi - [14.94 km] Marmara (Balıkesir)",590316
"12/06/2023 13:48:08",29.102,40.72221,7,0.21,"ML",1.4,"Marmara Denizi - [08.89 km] Çınarcık (Yalova)",590073
"12/06/2023 12:45:39",29.08591,40.71958,11.27,0.34,"ML",1.9,"Marmara Denizi - [09.15 km] Çınarcık (Yalova)",590067
"11/06/2023 21:43:51",27.34553,40.13178,6.44,0.39,"ML",1.6,"Biga (Çanakkale)",589904
"11/06/2023 03:08:40",27.27303,40.42801,6.98,0.72,"ML",1,"Biga (Çanakkale)",589739
"11/06/2023 01:30:16",27.28131,40.44648,6.48,0.34,"ML",1.4,"Biga (Çanakkale)",589724
"10/06/2023 14:16:02",27.36867,40.70928,6.11,0.37,"ML",2.3,"Marmara Denizi - [04.96 km] Şarköy (Tekirdağ)",589662
"10/06/2023 07:56:22",29.21139,40.683,8.17,0.41,"ML",1.3,"Marmara Denizi - [05.05 km] Merkez (Yalova)",589638
"10/06/2023 06:48:12",29.2118,40.69323,7,0.5,"ML",1.1,"Marmara Denizi - [05.68 km] Merkez (Yalova)",589632
"09/06/2023 10:36:49",26.06807,40.07215,15.16,0.19,"ML",2.5,"Ege Denizi - [10.69 km] Eceabat (Çanakkale)",589429
"08/06/2023 16:50:46",29.22095,40.695,6.47,0.25,"ML",1.6,"Marmara Denizi - [06.03 km] Merkez (Yalova)",589313
"08/06/2023 11:30:08",29.22932,40.68626,9.83,0.22,"ML",1.8,"Marmara Denizi - [04.47 km] Merkez (Yalova)",589283
"08/06/2023 10:12:00",29.23098,40.6999,7.45,0.28,"ML",1.8,"Marmara Denizi - [05.14 km] Merkez (Yalova)",589263
"08/06/2023 04:46:43",27.57017,40.75216,6.96,0.67,"ML",1.5,"Marmara Denizi - [13.85 km] Marmara (Balıkesir)",589221
"07/06/2023 21:30:37",27.68757,40.78721,7.07,0.54,"ML",1.3,"Marmara Denizi - [15.77 km] Marmara (Balıkesir)",589132
"07/06/2023 16:32:47",27.66046,40.77681,11.19,0.45,"ML",1.6,"Marmara Denizi - [14.68 km] Marmara (Balıkesir)",589087
"07/06/2023 15:11:33",27.63846,40.77919,7,0.37,"ML",2.1,"Marmara Denizi - [14.77 km] Marmara (Balıkesir)",589076
"07/06/2023 13:51:07",27.65776,40.78797,14.15,0.56,"ML",2.3,"Marmara Denizi - [15.64 km] Marmara (Balıkesir)",589072
"06/06/2023 12:24:49",29.149,40.48251,6.61,0.39,"ML",1.3,"Gemlik (Bursa)",588833
"05/06/2023 16:31:31",27.54786,40.33047,7.01,0.21,"ML",1.8,"Marmara Denizi - Erdek Körfezi - [07.54 km] Gönen (Balıkesir)",588748
"05/06/2023 13:11:30",27.53845,40.33074,10.41,0.31,"ML",3,"Marmara Denizi - Erdek Körfezi - [07.38 km] Gönen (Balıkesir)",588719
"05/06/2023 05:10:54",29.23066,40.25371,10.03,0.46,"ML",2.5,"Gürsu (Bursa)",588643
"05/06/2023 00:09:27",29.22272,40.24722,7,0.56,"ML",1.9,"Gürsu (Bursa)",588595
"04/06/2023 06:49:36",29.22439,40.25901,7.14,0.47,"ML",1.9,"Gürsu (Bursa)",588473
"04/06/2023 06:23:47",29.23192,40.25073,8.64,0.44,"ML",3.2,"Gürsu (Bursa)",588463
"04/06/2023 03:52:18",27.76379,40.43235,6.99,0.42,"ML",1.3,"Erdek (Balıkesir)",588452
"04/06/2023 02:35:11",29.22437,40.25359,7.2,0.48,"ML",1.2,"Gürsu (Bursa)",588432
"03/06/2023 14:07:51",29.00937,40.41388,11.87,0.48,"ML",3.1,"Marmara Denizi - Gemlik Körfezi - [06.45 km] Gemlik (Bursa)",588330
"03/06/2023 13:09:10",28.98684,40.40038,7,0.54,"ML",1.8,"Marmara Denizi - Gemlik Körfezi - [05.57 km] Gemlik (Bursa)",588328
"02/06/2023 10:39:29",27.76156,40.43909,14.78,0.32,"ML",2.4,"Erdek (Balıkesir)",588181
"02/06/2023 10:01:02",28.84025,40.81306,7.08,0.2,"ML",1.4,"Marmara Denizi - [13.48 km] Adalar (İstanbul)",588178
"02/06/2023 09:59:05",27.699,40.18265,12.31,0.11,"ML",1.6,"Gönen (Balıkesir)",588176
"02/06/2023 03:52:42",29.06565,40.43711,5.14,0.31,"MW",3.5,"Marmara Denizi - Gemlik Körfezi - [03.78 km] Gemlik (Bursa)",588077
"01/06/2023 09:04:40",27.41701,40.16803,7,0.2,"ML",1.1,"Gönen (Balıkesir)",587890
"31/05/2023 20:47:54",27.88079,40.08191,10.29,0.06,"ML",1.4,"Manyas (Balıkesir)",587805
"31/05/2023 17:44:05",27.69514,40.00434,6.93,0.3,"ML",1.7,"Gönen (Balıkesir)",587776
"31/05/2023 07:52:24",27.44723,40.73632,10.52,0.38,"ML",1.2,"Marmara Denizi - [09.79 km] Şarköy (Tekirdağ)",587656
"31/05/2023 07:50:14",29.01827,40.61305,10.09,0.29,"ML",1.4,"Çınarcık (Yalova)",587655
"31/05/2023 06:12:01",29.23572,40.46766,7.86,0.33,"ML",1,"Orhangazi (Bursa)",587626
"31/05/2023 06:01:45",27.40771,40.31127,6.89,0.36,"ML",1.7,"Biga (Çanakkale)",587625
"31/05/2023 03:04:16",27.42167,40.19033,7.06,0.77,"ML",0.9,"Gönen (Balıkesir)",587584
"31/05/2023 00:36:31",29.19242,40.46652,8.2,0.44,"ML",1.2,"Gemlik (Bursa)",587551
"30/05/2023 23:37:28",29.09,40.415,7.01,0.81,"ML",1.4,"Marmara Denizi - Gemlik Körfezi - [00.52 km] Gemlik (Bursa)",587542
"29/05/2023 10:37:01",27.40635,40.1561,15.02,0.42,"ML",2.7,"Gönen (Balıkesir)",587254
"28/05/2023 17:07:53",29.33424,40.25473,7,0.47,"ML",1.6,"Kestel (Bursa)",587123
"27/05/2023 14:32:37",29.13164,40.73338,15.39,0.47,"ML",1.6,"Marmara Denizi - [10.25 km] Çınarcık (Yalova)",586903
"27/05/2023 12:39:01",29.85562,40.2078,7,0.19,"ML",1.5,"Merkez (Bilecik)",586891
"27/05/2023 10:40:45",29.23445,40.51849,2.4,0.71,"ML",1.6,"Orhangazi (Bursa)",586886
"26/05/2023 08:59:57",28.06483,40.83854,7.2,0.35,"ML",3,"Marmara Denizi - [16.45 km] Marmaraereğlisi (Tekirdağ)",586705
"26/05/2023 08:59:31",28.08,40.85686,6.97,0.49,"MW",3.1,"Marmara Denizi - [16.21 km] Marmaraereğlisi (Tekirdağ)",586704
"25/05/2023 17:17:52",27.43293,40.61275,8.91,0.12,"ML",1.8,"Marmara Denizi - [08.41 km] Marmara (Balıkesir)",586606
"25/05/2023 00:07:09",28.72446,40.80831,5.64,0.36,"ML",1.4,"Marmara Denizi - [17.58 km] Avcılar (İstanbul)",586462
"24/05/2023 20:01:17",28.74102,40.822,7,0.33,"ML",1.4,"Marmara Denizi - [16.34 km] Bakırköy (İstanbul)",586396
"24/05/2023 04:38:58",27.497,40.76661,10.15,0.51,"ML",1.7,"Marmara Denizi - [10.60 km] Süleymanpaşa (Tekirdağ)",586236
"24/05/2023 04:03:52",27.72811,40.83369,7,0.46,"ML",1.8,"Marmara Denizi - [20.25 km] Süleymanpaşa (Tekirdağ)",586230
"24/05/2023 03:11:51",28.13993,40.85103,7.02,0.65,"ML",1.4,"Marmara Denizi - [19.98 km] Marmaraereğlisi (Tekirdağ)",586207
"22/05/2023 01:31:21",29.054,40.22297,11.11,0.34,"ML",1.8,"Osmangazi (Bursa)",585698
"20/05/2023 21:51:05",29.22531,40.24999,8.63,0.27,"ML",2.1,"Gürsu (Bursa)",585400
"20/05/2023 19:42:31",27.65581,40.78655,5.35,0.43,"ML",2.1,"Marmara Denizi - [15.48 km] Marmara (Balıkesir)",585387
"20/05/2023 17:35:31",27.62447,40.7786,7.34,0.66,"ML",2.3,"Marmara Denizi - [14.67 km] Marmara (Balıkesir)",585382
"20/05/2023 16:25:05",29.23185,40.266,7,0.42,"ML",2.6,"Gürsu (Bursa)",585377
"20/05/2023 09:28:20",27.6937,40.76156,9.47,0.31,"ML",2.3,"Marmara Denizi - [13.45 km] Marmara (Balıkesir)",585359
"20/05/2023 03:18:53",27.47381,40.39364,7.04,0.27,"ML",1.4,"Marmara Denizi - Erdek Körfezi - [11.44 km] Marmara (Balıkesir)",585281
"18/05/2023 19:37:09",28.94026,40.18801,7,0.67,"ML",1.2,"Nilüfer (Bursa)",585022
"18/05/2023 17:39:29",28.61159,40.38775,6.46,0.62,"ML",1.5,"Marmara Denizi - [03.46 km] Mudanya (Bursa)",585003
"18/05/2023 14:35:54",27.0613,40.26714,6.98,0.35,"ML",1.7,"Biga (Çanakkale)",584973
"18/05/2023 05:22:03",27.36814,40.19248,7,0.37,"ML",1.8,"Biga (Çanakkale)",584890
"17/05/2023 19:33:44",29.37964,40.34054,4.41,0.23,"ML",1.1,"Gemlik (Bursa)",584773
"16/05/2023 18:53:43",28.13635,40.31382,8.16,0.4,"ML",1.3,"Bandırma (Balıkesir)",584501
"15/05/2023 22:19:06",27.88107,40.80383,7.12,0.77,"ML",1.3,"Marmara Denizi - [18.04 km] Marmaraereğlisi (Tekirdağ)",584194
"15/05/2023 21:08:59",27.8961,40.83191,7.07,0.51,"ML",1.4,"Marmara Denizi - [15.03 km] Marmaraereğlisi (Tekirdağ)",584179
"15/05/2023 14:06:00",26.9355,40.143,7.03,0.6,"ML",1.6,"Biga (Çanakkale)",584107
"15/05/2023 11:43:01",27.38571,40.55813,7.88,0.24,"ML",1.4,"Marmara Denizi - [08.15 km] Marmara (Balıkesir)",584089
"15/05/2023 10:13:07",27.51534,40.302,7.04,0.12,"ML",1.6,"Marmara Denizi - Erdek Körfezi - [04.49 km] Gönen (Balıkesir)",584077
"15/05/2023 08:40:35",27.37634,40.69663,10.63,0.6,"ML",2.5,"Marmara Denizi - [05.66 km] Şarköy (Tekirdağ)",584056
"14/05/2023 19:53:30",26.30307,40.4277,11.32,0.22,"ML",2,"Ege Denizi - Saros Körfezi - [12.30 km] Eceabat (Çanakkale)",583946
"14/05/2023 03:40:49",28.77422,40.59168,4.92,0.65,"ML",1.3,"Marmara Denizi - [08.22 km] Armutlu (Yalova)",583839
"14/05/2023 03:32:46",28.73813,40.58,7.06,0.63,"ML",1.2,"Marmara Denizi - [10.44 km] Armutlu (Yalova)",583838
"13/05/2023 23:38:48",28.74745,40.59804,5.75,0.48,"ML",1.3,"Marmara Denizi - [10.12 km] Armutlu (Yalova)",583797
"13/05/2023 11:33:18",29.247,40.26243,10.09,0.63,"ML",2.2,"Gürsu (Bursa)",583674
"13/05/2023 02:55:33",28.98734,40.25827,7.49,0.65,"ML",1.4,"Osmangazi (Bursa)",583572
"12/05/2023 21:21:56",27.23777,40.10545,9.35,0.46,"ML",1.8,"Biga (Çanakkale)",583492
"12/05/2023 20:26:06",27.32199,40.002,7,0.56,"ML",1.2,"Yenice (Çanakkale)",583480
"12/05/2023 01:32:09",27.3718,40.69795,6.96,0.3,"ML",1.5,"Marmara Denizi - [05.54 km] Şarköy (Tekirdağ)",583230
"11/05/2023 15:30:57",27.41465,40.76771,13.4,0.45,"ML",2.5,"Marmara Denizi - [05.68 km] Şarköy (Tekirdağ)",583116
"11/05/2023 04:58:48",27.22425,40.49683,7,0.2,"ML",1.6,"Marmara Denizi - [08.48 km] Biga (Çanakkale)",583029
"10/05/2023 12:02:13",26.9854,40.03267,7,0.19,"ML",1.1,"Çan (Çanakkale)",582865
"10/05/2023 05:15:38",28.06248,40.409,7,0.42,"ML",1.4,"Marmara Denizi - Bandırma Körfezi - [04.78 km] Bandırma (Balıkesir)",582776
"10/05/2023 00:49:16",26.15232,40.40766,5.65,0.36,"ML",1.8,"Ege Denizi - [18.08 km] Eceabat (Çanakkale)",582715
"09/05/2023 11:51:29",28.60564,40.38893,6.9,0.58,"ML",2,"Marmara Denizi - [04.04 km] Mudanya (Bursa)",582520
"09/05/2023 11:37:40",26.1467,40.41045,14.6,0.29,"ML",2.9,"Ege Denizi - [18.58 km] Eceabat (Çanakkale)",582514
"09/05/2023 10:47:47",28.61349,40.39935,6.13,0.46,"ML",2,"Marmara Denizi - [04.62 km] Mudanya (Bursa)",582508
"09/05/2023 10:20:49",28.62193,40.37178,7.46,0.33,"MW",3.8,"Marmara Denizi - [02.01 km] Mudanya (Bursa)",582490
"08/05/2023 20:27:49",29.27982,40.46076,7,0.46,"ML",2.3,"Orhangazi (Bursa)",582373
"06/05/2023 20:57:49",27.67924,40.63993,16.06,0.45,"ML",2.1,"Marmara Denizi, Marmara Adası, Marmara (Balıkesir)",581897
"05/05/2023 02:55:59",29.51375,40.11932,6.99,0.33,"ML",1.4,"İnegöl (Bursa)",581384
"04/05/2023 23:32:14",27.66498,40.81169,7,0.58,"ML",1.7,"Marmara Denizi - [18.36 km] Marmara (Balıkesir)",581305
"04/05/2023 04:50:00",26.18846,40.41619,18.31,0.42,"MW",4.2,"Ege Denizi - Saros Körfezi - [16.82 km] Eceabat (Çanakkale)",581073
"04/05/2023 04:48:09",26.16673,40.42025,7,0.63,"ML",2.5,"Ege Denizi - Saros Körfezi - [18.20 km] Eceabat (Çanakkale)",581075
"03/05/2023 22:34:10",29.22069,40.778,7,0.4,"ML",2,"Marmara Denizi - [07.08 km] Tuzla (İstanbul)",581024
"03/05/2023 02:11:02",27.66726,40.61564,7.04,0.1,"ML",1.7,"Marmara Denizi, Marmara Adası, Marmara (Balıkesir)",580793
"02/05/2023 13:42:57",27.7205,40.63171,15.71,0.4,"ML",1.8,"Marmara Denizi, Marmara Adası, Marmara (Balıkesir)",580678
"02/05/2023 07:19:58",28.09202,40.82509,8.18,0.51,"ML",1.1,"Marmara Denizi - [18.64 km] Marmaraereğlisi (Tekirdağ)",580587
"02/05/2023 06:27:56",27.55762,40.43718,9.32,0.32,"ML",2.5,"Marmara Denizi - [04.83 km] Erdek (Balıkesir)",580563
"02/05/2023 03:52:21",27.75691,40.323,6.99,0.53,"ML",1.2,"Marmara Denizi - Erdek Körfezi - [04.41 km] Bandırma (Balıkesir)",580516
"02/05/2023 03:42:50",28.07095,40.81086,6.95,0.66,"ML",1.2,"Marmara Denizi - [19.40 km] Marmaraereğlisi (Tekirdağ)",580512
"02/05/2023 03:26:28",28.13893,40.8125,7.01,0.72,"ML",1.3,"Marmara Denizi - [22.85 km] Marmaraereğlisi (Tekirdağ)",580507
"30/04/2023 21:03:46",28.96931,40.18218,12.46,0.4,"ML",1,"Nilüfer (Bursa)",580064
"30/04/2023 15:23:39",29.21182,40.79164,7.05,0.27,"ML",1.6,"Marmara Denizi - [06.80 km] Tuzla (İstanbul)",579989
"30/04/2023 14:01:53",27.33299,40.74721,15.86,0.54,"ML",3,"Marmara Denizi - [01.01 km] Şarköy (Tekirdağ)",579983
"30/04/2023 11:42:49",28.08327,40.42269,7,0.66,"ML",1.8,"Marmara Denizi - Bandırma Körfezi - [05.00 km] Bandırma (Balıkesir)",579972
"29/04/2023 12:36:39",29.96168,40.45837,15.18,0.18,"ML",1.2,"Osmaneli (Bilecik)",579748
"29/04/2023 06:03:24",28.17144,40.82082,15.2,0.86,"ML",1.6,"Marmara Denizi - [23.94 km] Marmaraereğlisi (Tekirdağ)",579700
"29/04/2023 03:27:32",29.965,40.71115,7,0.55,"ML",1.7,"Başiskele (Kocaeli)",579656
"29/04/2023 02:07:05",27.31379,40.43962,7,0.47,"ML",1.4,"Marmara Denizi - [04.29 km] Biga (Çanakkale)",579621
"29/04/2023 01:50:06",29.25582,40.78158,7,0.37,"ML",1.7,"Marmara Denizi - [04.60 km] Tuzla (İstanbul)",579615
"29/04/2023 01:49:28",29.25475,40.776,7,0.36,"ML",2.1,"Marmara Denizi - [04.89 km] Tuzla (İstanbul)",579614
"27/04/2023 14:06:45",27.0903,40.34579,6.9,0.29,"ML",2,"Biga (Çanakkale)",579120
"27/04/2023 07:36:02",26.098,40.39919,7.02,0.33,"ML",2,"Ege Denizi - [20.97 km] Eceabat (Çanakkale)",579041
"26/04/2023 10:34:07",27.93189,40.77389,7.01,0.42,"ML",1.8,"Marmara Denizi - [20.23 km] Marmaraereğlisi (Tekirdağ)",578832
"26/04/2023 02:58:36",27.48744,40.77567,11.83,0.27,"ML",1.6,"Marmara Denizi - [09.40 km] Süleymanpaşa (Tekirdağ)",578649
"25/04/2023 17:28:44",28.6507,40.83767,10.15,0.24,"ML",2.1,"Marmara Denizi - [13.33 km] Beylikdüzü (İstanbul)",578505
"22/04/2023 17:39:36",28.9832,40.09896,6.73,0.47,"ML",1.3,"Osmangazi (Bursa)",577683
"22/04/2023 16:06:00",29.24445,40.516,6.79,0.43,"ML",1,"Orhangazi (Bursa)",577662
"21/04/2023 23:43:48",27.87644,40.81962,7.77,0.61,"ML",1.2,"Marmara Denizi - [16.56 km] Marmaraereğlisi (Tekirdağ)",577372
"21/04/2023 20:39:41",28.64953,40.35941,7,0.39,"ML",1.5,"Marmara Denizi - [02.17 km] Mudanya (Bursa)",577308
"21/04/2023 20:24:59",27.91156,40.83524,8.54,0.42,"ML",1.3,"Marmara Denizi - [13.71 km] Marmaraereğlisi (Tekirdağ)",577300
"21/04/2023 19:42:18",27.84236,40.8357,10.18,0.37,"ML",2.3,"Marmara Denizi - [15.88 km] Marmaraereğlisi (Tekirdağ)",577286
"20/04/2023 13:41:35",27.03001,40.43255,11.66,0.33,"ML",3.1,"Marmara Denizi - [03.68 km] Biga (Çanakkale)",576941
"20/04/2023 08:01:01",27.07841,40.47503,7,0.41,"ML",0.7,"Marmara Denizi - [05.64 km] Biga (Çanakkale)",576872
"20/04/2023 07:48:08",28.75619,40.42315,6.95,0.52,"ML",1.4,"Marmara Denizi - Gemlik Körfezi - [04.65 km] Mudanya (Bursa)",576866
"19/04/2023 23:31:34",27.44298,40.747,6.99,0.36,"ML",1.4,"Marmara Denizi - [08.04 km] Şarköy (Tekirdağ)",576682
"19/04/2023 19:36:49",29.06203,40.23793,7,0.44,"ML",1.2,"Osmangazi (Bursa)",576629
"19/04/2023 15:07:45",27.05679,40.36362,7.07,0.12,"ML",1,"Biga (Çanakkale)",576541
"19/04/2023 11:01:00",29.30548,40.21825,7.04,0.18,"ML",1.4,"Kestel (Bursa)",576441
"19/04/2023 07:21:25",28.54909,40.43561,7,0.23,"ML",1.2,"Marmara Denizi - [08.82 km] Karacabey (Bursa)",576380
"18/04/2023 04:19:17",27.342,40.69572,11.56,0.32,"ML",1.4,"Marmara Denizi - [03.65 km] Şarköy (Tekirdağ)",575894
"17/04/2023 21:38:18",27.78713,40.643,7,0.48,"ML",2.1,"Marmara Denizi - [07.87 km] Marmara (Balıkesir)",575772
"17/04/2023 05:11:43",28.83145,40.1167,6.43,0.36,"ML",2,"Nilüfer (Bursa)",575605
"17/04/2023 03:54:09",29.22743,40.25468,7.11,0.18,"ML",1.7,"Gürsu (Bursa)",575592
"16/04/2023 08:11:14",29.23565,40.246,10.19,0.59,"ML",1.9,"Gürsu (Bursa)",575430
"16/04/2023 05:02:29",28.8343,40.44263,5.94,0.29,"ML",1.3,"Marmara Denizi - Gemlik Körfezi - [06.41 km] Armutlu (Yalova)",575372
"15/04/2023 03:15:39",27.41094,40.34537,16.34,0.36,"ML",2.2,"Marmara Denizi - Erdek Körfezi - [05.48 km] Biga (Çanakkale)",575011
"13/04/2023 15:10:07",28.36766,40.24751,6.82,0.62,"ML",1.1,"Karacabey (Bursa)",574572
"13/04/2023 13:40:52",26.34593,40.28541,6.91,0.23,"ML",1.4,"Eceabat (Çanakkale)",574555
"13/04/2023 11:31:16",26.985,40.02658,7.06,0.75,"ML",1.2,"Çan (Çanakkale)",574518
"13/04/2023 03:21:12",27.44718,40.30692,7.12,0.38,"ML",1.3,"Biga (Çanakkale)",574401
"13/04/2023 02:07:34",29.18664,40.64117,6.9,0.28,"ML",1.3,"Termal (Yalova)",574374
"12/04/2023 10:46:02",29.96688,40.15381,13.13,0.39,"ML",0.9,"Merkez (Bilecik)",574069
"12/04/2023 09:51:19",28.11423,40.11881,6.89,0.07,"ML",1.2,"Bandırma (Balıkesir)",574032
"12/04/2023 07:18:52",29.27261,40.6727,7.05,0.36,"ML",1.7,"Marmara Denizi - [01.97 km] Merkez (Yalova)",573970
"10/04/2023 15:18:27",26.99182,40.34973,6.14,0.23,"ML",2,"Lapseki (Çanakkale)",573373
"10/04/2023 09:08:17",28.97482,40.5699,7.2,0.3,"ML",1.4,"Çınarcık (Yalova)",573270
"09/04/2023 18:02:03",28.23783,40.64959,11.98,0.61,"ML",2.8,"Marmara Denizi - [27.77 km] Erdek (Balıkesir)",573094
"09/04/2023 08:59:43",29.26578,40.77848,7.01,0.13,"ML",1.4,"Marmara Denizi - [04.31 km] Tuzla (İstanbul)",572950
"09/04/2023 03:40:32",27.36,40.54884,9.98,0.28,"ML",3.1,"Marmara Denizi - [10.76 km] Marmara (Balıkesir)",572888
"09/04/2023 01:00:47",29.01621,40.17644,7.03,0.39,"ML",1.5,"Osmangazi (Bursa)",572864
"09/04/2023 00:46:49",29.03489,40.15183,7,0.65,"ML",1.1,"Osmangazi (Bursa)",572862
"08/04/2023 05:59:45",29.22992,40.243,10.27,0.4,"ML",2.3,"Gürsu (Bursa)",572691
"08/04/2023 02:29:45",28.95,40.57594,9.58,0.58,"ML",1.8,"Çınarcık (Yalova)",572651
"08/04/2023 02:17:33",28.01598,40.04566,9.65,0.18,"ML",1.1,"Manyas (Balıkesir)",572645
"07/04/2023 18:54:05",28.9876,40.52802,7.14,0.51,"ML",1.3,"Armutlu (Yalova)",572529
"07/04/2023 13:22:09",29.19402,40.25186,6.91,0.35,"ML",1.5,"Gürsu (Bursa)",572422
"06/04/2023 13:22:47",26.57664,40.46758,7,0.81,"ML",1.6,"Gelibolu (Çanakkale)",572045
"06/04/2023 03:00:45",27.08353,40.36759,7,0.37,"ML",0.8,"Biga (Çanakkale)",571882
"03/04/2023 11:18:25",26.99696,40.06183,8.91,0.77,"ML",1.1,"Çan (Çanakkale)",570900
"02/04/2023 21:37:18",28.92468,40.65525,6.94,0.2,"ML",1.7,"Marmara Denizi - [04.88 km] Çınarcık (Yalova)",570728
"02/04/2023 07:03:53",27.36315,40.71479,8.68,0.28,"ML",2.8,"Marmara Denizi - [04.57 km] Şarköy (Tekirdağ)",570569
"01/04/2023 07:08:42",28.85513,40.586,11.2,0.58,"ML",1.8,"Marmara Denizi - [01.74 km] Armutlu (Yalova)",570125
"01/04/2023 01:31:38",29.9876,40.13292,9.35,0.4,"ML",1,"Merkez (Bilecik)",569972
"30/03/2023 03:41:55",27.37633,40.3777,7.49,0.44,"ML",1.7,"Marmara Denizi - Erdek Körfezi - [06.13 km] Biga (Çanakkale)",569197
"28/03/2023 18:46:09",27.7297,40.8182,10.78,0.41,"ML",1.8,"Marmara Denizi - [19.89 km] Marmara (Balıkesir)",568683
"26/03/2023 01:02:41",27.75886,40.71137,7.01,0.3,"ML",1.2,"Marmara Denizi - [11.53 km] Marmara (Balıkesir)",567660
"25/03/2023 12:47:32",29.96785,40.43591,13.66,0.36,"ML",1,"Osmaneli (Bilecik)",567480
"25/03/2023 00:30:29",27.525,40.40617,7,0.39,"ML",1.3,"Marmara Denizi - Erdek Körfezi - [09.08 km] Marmara (Balıkesir)",567211
"24/03/2023 16:30:56",26.34063,40.16529,6.97,0.27,"ML",2.6,"Eceabat (Çanakkale)",567039
"24/03/2023 07:49:45",27.90208,40.32268,7.17,0.4,"ML",2.5,"Bandırma (Balıkesir)",566856
"24/03/2023 06:41:50",28.93761,40.23568,7.01,0.48,"ML",1.1,"Nilüfer (Bursa)",566844
"23/03/2023 20:42:54",28.29243,40.04616,6.99,0.18,"ML",0.8,"Mustafakemalpaşa (Bursa)",566655
"23/03/2023 05:23:43",27.80954,40.01036,14.73,0.42,"ML",1.9,"Manyas (Balıkesir)",566403
"23/03/2023 01:31:20",28.29538,40.04425,6.97,0.31,"ML",1.4,"Mustafakemalpaşa (Bursa)",566358
"21/03/2023 01:30:31",27.86084,40.77484,7.01,0.63,"ML",1.6,"Marmara Denizi - [21.50 km] Marmaraereğlisi (Tekirdağ)",565627
"20/03/2023 23:35:05",27.52489,40.81,7,0.56,"ML",1.4,"Marmara Denizi - [08.08 km] Süleymanpaşa (Tekirdağ)",565587
"19/03/2023 01:20:22",29.32493,40.51152,7.03,0.28,"ML",1.9,"Orhangazi (Bursa)",564769
"18/03/2023 23:30:04",28.23098,40.14013,6.99,0.39,"ML",1.4,"Karacabey (Bursa)",564699
"17/03/2023 04:00:29",28.73577,40.05125,4.54,0.56,"ML",1.6,"Mustafakemalpaşa (Bursa)",563958
"16/03/2023 14:26:05",27.22751,40.35186,7,0.29,"ML",1.3,"Biga (Çanakkale)",563728
"15/03/2023 22:51:48",29.124,40.46464,7,0.46,"ML",1.5,"Gemlik (Bursa)",563394
"15/03/2023 22:43:17",27.4432,40.3513,7.01,0.37,"ML",1.4,"Marmara Denizi - Erdek Körfezi - [07.58 km] Biga (Çanakkale)",563389
"15/03/2023 20:32:23",27.44302,40.34887,7,0.41,"ML",1.1,"Marmara Denizi - Erdek Körfezi - [07.13 km] Biga (Çanakkale)",563343
"15/03/2023 11:24:50",27.45179,40.36033,7,0.32,"ML",2.3,"Marmara Denizi - Erdek Körfezi - [08.20 km] Biga (Çanakkale)",563189
"13/03/2023 15:58:21",27.51488,40.81923,7.02,0.56,"ML",1.9,"Marmara Denizi - [07.28 km] Süleymanpaşa (Tekirdağ)",562371
"13/03/2023 08:43:54",27.86476,40.55559,7.21,0.81,"ML",1.7,"Marmara Denizi - [06.42 km] Erdek (Balıkesir)",562227
"13/03/2023 08:39:14",28.11331,40.87655,13.1,0.53,"ML",2.2,"Marmara Denizi - [16.33 km] Marmaraereğlisi (Tekirdağ)",562226
"13/03/2023 07:00:27",27.56196,40.43671,7,0.35,"ML",1.9,"Marmara Denizi - [05.12 km] Erdek (Balıkesir)",562199
"12/03/2023 12:10:28",27.36929,40.75653,10.55,0.49,"ML",2.6,"Marmara Denizi - [03.69 km] Şarköy (Tekirdağ)",561882
"11/03/2023 12:30:26",29.74532,40.906,7.34,0.41,"ML",1.2,"Körfez (Kocaeli)",561449
"11/03/2023 10:04:33",29.17387,40.73296,12.04,0.34,"ML",2.3,"Marmara Denizi - [09.36 km] Çınarcık (Yalova)",561412
"11/03/2023 10:04:03",29.12887,40.75433,7,0.17,"ML",2,"Marmara Denizi - [10.13 km] Adalar (İstanbul)",561411
"11/03/2023 06:51:19",29.19676,40.75182,9.82,0.28,"ML",1.3,"Marmara Denizi - [10.82 km] Tuzla (İstanbul)",561335
"11/03/2023 06:02:44",29.20153,40.73006,7.9,0.18,"ML",1.4,"Marmara Denizi - [09.57 km] Merkez (Yalova)",561337
"11/03/2023 01:25:20",29.882,40.92253,7,0.66,"ML",1.3,"Derince (Kocaeli)",561197
"10/03/2023 19:20:12",27.11185,40.35174,7.03,0.47,"ML",1.4,"Biga (Çanakkale)",561044
"09/03/2023 08:28:53",28.22808,40.5207,7,0.29,"MW",3.9,"Marmara Denizi - [14.41 km] Karacabey (Bursa)",560471
"08/03/2023 16:57:06",28.00618,40.43145,6.42,0.28,"ML",1.2,"Marmara Denizi - Bandırma Körfezi - [00.76 km] Erdek (Balıkesir)",560262
"08/03/2023 08:02:37",27.70119,40.80345,7,0.7,"ML",1.8,"Marmara Denizi - [17.47 km] Marmara (Balıkesir)",560074
"08/03/2023 06:29:21",27.46338,40.84199,7,0.98,"ML",1.4,"Marmara Denizi - [02.25 km] Süleymanpaşa (Tekirdağ)",560046
"08/03/2023 05:30:24",27.43376,40.77751,7,0.35,"ML",1.2,"Marmara Denizi - [06.11 km] Süleymanpaşa (Tekirdağ)",560026
"07/03/2023 22:56:36",27.69469,40.78189,6.98,0.34,"ML",1.6,"Marmara Denizi - [15.11 km] Marmara (Balıkesir)",559932
"07/03/2023 14:21:49",27.0704,40.15919,10.4,0.1,"ML",1.6,"Biga (Çanakkale)",560817
"07/03/2023 13:00:57",27.07099,40.15388,7,0.07,"ML",1.1,"Biga (Çanakkale)",560208
"07/03/2023 11:36:30",27.75717,40.81606,8.63,0.44,"MW",3.6,"Marmara Denizi - [21.16 km] Marmaraereğlisi (Tekirdağ)",559694
"07/03/2023 07:45:18",27.22286,40.38,7,0.42,"ML",1.5,"Biga (Çanakkale)",559602
"07/03/2023 02:21:56",27.42263,40.36306,7,0.45,"ML",1.2,"Marmara Denizi - Erdek Körfezi - [07.88 km] Biga (Çanakkale)",559455
"06/03/2023 22:38:17",27.83213,40.027,7.1,0.26,"ML",1.4,"Manyas (Balıkesir)",559343
"06/03/2023 21:54:33",29.16988,40.7524,11.38,0.12,"ML",0.9,"Marmara Denizi - [10.36 km] Adalar (İstanbul)",573279
"06/03/2023 21:43:59",26.03248,40.40707,6.56,0.35,"ML",1.7,"Ege Denizi - [21.91 km] Gökçeada (Çanakkale)",559319
"06/03/2023 20:29:56",26.03606,40.4191,7.02,0.33,"ML",1.9,"Ege Denizi - [23.76 km] Gökçeada (Çanakkale)",559298
"06/03/2023 17:30:03",27.79252,40.61349,7,0.44,"ML",2.5,"Marmara Denizi - [07.34 km] Marmara (Balıkesir)",559225
"06/03/2023 05:09:06",28.17825,40.14799,7.16,0.15,"ML",1,"Karacabey (Bursa)",558808
"06/03/2023 03:39:17",28.11473,40.02878,9.29,0.17,"ML",1.2,"Susurluk (Balıkesir)",558789
"06/03/2023 00:28:55",27.3818,40.74754,7,0.28,"ML",1.4,"Marmara Denizi - [04.56 km] Şarköy (Tekirdağ)",558733
"06/03/2023 00:22:02",27.56995,40.36479,7.02,0.33,"ML",1.2,"Marmara Denizi - Erdek Körfezi - [10.41 km] Bandırma (Balıkesir)",558734
"05/03/2023 22:46:18",26.039,40.42204,6.8,0.25,"ML",1.4,"Ege Denizi - [23.82 km] Enez (Edirne)",558705
"05/03/2023 18:39:00",26.01201,40.398,6.72,0.34,"ML",1.7,"Ege Denizi - [21.30 km] Gökçeada (Çanakkale)",558640
"05/03/2023 12:18:24",28.95544,40.61395,7.01,0.42,"ML",1.4,"Marmara Denizi - [00.19 km] Çınarcık (Yalova)",558521
"05/03/2023 06:31:35",28.02246,40.31819,6.4,0.35,"ML",1,"Bandırma (Balıkesir)",558405
"05/03/2023 03:36:54",26.35854,40.42631,8.48,0.26,"ML",1.4,"Ege Denizi - Saros Körfezi - [09.88 km] Gelibolu (Çanakkale)",572044
"04/03/2023 18:04:14",29.23697,40.26392,16.5,0.36,"ML",1.2,"Gürsu (Bursa)",569699
"04/03/2023 13:06:37",27.48514,40.54764,8.88,0.35,"ML",2.2,"Marmara Denizi - [01.05 km] Marmara (Balıkesir)",558109
"04/03/2023 11:55:49",27.0037,40.02576,7,0.59,"ML",1,"Çan (Çanakkale)",558082
"04/03/2023 01:03:19",26.36798,40.43612,7,0.33,"ML",1,"Ege Denizi - Saros Körfezi - [09.86 km] Gelibolu (Çanakkale)",579493
"02/03/2023 20:36:54",29.34503,40.50123,7,0.28,"ML",1.5,"Orhangazi (Bursa)",557204
"02/03/2023 18:34:15",27.87516,40.42016,7.05,0.34,"ML",1.8,"Erdek (Balıkesir)",557170
"02/03/2023 13:47:28",27.33221,40.25,6.53,0.43,"ML",1.9,"Biga (Çanakkale)",557021
"02/03/2023 06:20:29",27.50308,40.55291,9.15,0.42,"ML",1.3,"Marmara Denizi - [02.26 km] Marmara (Balıkesir)",556835
"28/02/2023 11:49:30",26.98922,40.01568,7.01,0.29,"ML",1.6,"Çan (Çanakkale)",555739
"26/02/2023 09:55:07",27.21314,40.38336,7,0.56,"ML",1.6,"Biga (Çanakkale)",554648
"26/02/2023 01:05:58",29.26341,40.78118,8.44,0.28,"ML",1.8,"Marmara Denizi - [04.02 km] Tuzla (İstanbul)",554399
"24/02/2023 10:27:11",27.46272,40.342,6.98,0.33,"ML",1.5,"Marmara Denizi - Erdek Körfezi - [07.57 km] Biga (Çanakkale)",553408
"24/02/2023 05:11:32",27.60134,40.80024,6.98,0.33,"ML",1.9,"Marmara Denizi - [14.47 km] Süleymanpaşa (Tekirdağ)",553275
"24/02/2023 05:08:23",27.60362,40.79887,7.01,0.5,"MW",3.4,"Marmara Denizi - [14.55 km] Süleymanpaşa (Tekirdağ)",553265
"24/02/2023 03:45:47",27.6232,40.28609,7,0.37,"ML",1.3,"Gönen (Balıkesir)",553247
"24/02/2023 00:54:50",27.10276,40.52118,13.97,0.26,"ML",1.2,"Marmara Denizi - [09.30 km] Şarköy (Tekirdağ)",560527
"22/02/2023 23:42:08",28.698,40.02974,7.98,0.36,"ML",1.2,"Mustafakemalpaşa (Bursa)",552542
"22/02/2023 08:31:05",27.81361,40.16949,8.29,0.34,"ML",1.6,"Gönen (Balıkesir)",552119
"22/02/2023 03:16:30",27.46932,40.7007,7,0.74,"ML",1.8,"Marmara Denizi - [10.88 km] Marmara (Balıkesir)",551942
"22/02/2023 03:13:22",27.49912,40.69528,9.62,0.33,"ML",2,"Marmara Denizi - [10.36 km] Marmara (Balıkesir)",551941
"21/02/2023 00:35:53",27.15529,40.25227,7,0.94,"ML",1,"Biga (Çanakkale)",552826
"19/02/2023 11:17:49",27.96311,40.83446,7,0.31,"ML",1.7,"Marmara Denizi - [14.16 km] Marmaraereğlisi (Tekirdağ)",552335
"19/02/2023 09:12:02",27.97609,40.79622,6.98,0.63,"ML",1.7,"Marmara Denizi - [18.42 km] Marmaraereğlisi (Tekirdağ)",550144
"19/02/2023 02:26:06",27.281,40.41502,7,0.23,"ML",1.1,"Biga (Çanakkale)",552202
"17/02/2023 15:57:19",29.10403,40.425,8.24,0.51,"ML",2.4,"Marmara Denizi - Gemlik Körfezi - [01.39 km] Gemlik (Bursa)",549341
"17/02/2023 06:40:34",27.33138,40.30373,7,0.56,"ML",1.6,"Biga (Çanakkale)",548929
"16/02/2023 19:48:16",29.03088,40.63803,7.01,0.42,"ML",1.4,"Çınarcık (Yalova)",548699
"16/02/2023 12:59:35",28.2854,40.12835,7,0.17,"ML",1.3,"Karacabey (Bursa)",548485
"16/02/2023 11:48:58",29.03905,40.62612,10.39,0.29,"ML",1.7,"Çınarcık (Yalova)",548428
"15/02/2023 18:28:27",27.39257,40.01639,7,0.33,"ML",2,"Yenice (Çanakkale)",566212
"15/02/2023 18:17:10",27.40082,40.03633,7.68,0.07,"ML",1.1,"Yenice (Çanakkale)",566215
"15/02/2023 18:16:07",27.39864,40.0226,6.76,0.37,"ML",1.6,"Yenice (Çanakkale)",566213
"14/02/2023 08:01:25",28.67106,40.59966,5.3,0.58,"ML",1.6,"Marmara Denizi - [15.81 km] Armutlu (Yalova)",547033
"14/02/2023 06:11:31",29.069,40.64631,7,0.59,"ML",1.2,"Marmara Denizi - [01.37 km] Çınarcık (Yalova)",565813
"11/02/2023 02:52:34",27.80054,40.17394,7,0.42,"ML",1.2,"Gönen (Balıkesir)",545539
"08/02/2023 00:16:35",28.73732,40.81671,7,0.39,"ML",2.3,"Marmara Denizi - [16.54 km] Bakırköy (İstanbul)",548554
"07/02/2023 00:39:49",28.33391,40.03112,7.18,0.45,"ML",1.9,"Mustafakemalpaşa (Bursa)",543795
"06/02/2023 07:24:32",27.71281,40.202,9.74,0.28,"MW",4.6,"Gönen (Balıkesir)",543475
"06/02/2023 06:30:31",28.99805,40.69913,7.02,0.34,"ML",2.2,"Marmara Denizi - [08.74 km] Çınarcık (Yalova)",543468
"05/02/2023 15:49:58",27.74814,40.78406,10.62,0.33,"ML",3.5,"Marmara Denizi - [16.83 km] Marmara (Balıkesir)",543385
"04/02/2023 23:43:36",29.16834,40.46076,6.88,0.4,"ML",1.2,"Gemlik (Bursa)",543337
"04/02/2023 23:08:16",27.33161,40.15268,6.98,0.37,"ML",2.1,"Biga (Çanakkale)",543333
"04/02/2023 22:56:48",28.703,40.84472,7,0.42,"ML",1.5,"Marmara Denizi - [13.77 km] Avcılar (İstanbul)",543332
"04/02/2023 07:24:16",27.4852,40.28824,7.46,0.11,"ML",2.3,"Biga (Çanakkale)",543293
"04/02/2023 03:58:39",29.8301,40.691,7,0.08,"ML",1,"Gölcük (Kocaeli)",543287
"04/02/2023 01:46:50",29.18257,40.46931,7,0.62,"ML",1.5,"Gemlik (Bursa)",543283
"03/02/2023 21:37:20",27.4601,40.7533,7,0.4,"ML",1,"Marmara Denizi - [09.62 km] Süleymanpaşa (Tekirdağ)",543274
"03/02/2023 20:42:43",27.23507,40.36999,5,0.14,"ML",1.7,"Biga (Çanakkale)",543269
"03/02/2023 04:34:46",28.72804,40.8545,17.25,0.49,"ML",2,"Marmara Denizi - [13.17 km] Avcılar (İstanbul)",543225
"03/02/2023 00:12:11",27.556,40.33575,6.99,0.3,"ML",1.6,"Marmara Denizi - Erdek Körfezi - [08.12 km] Gönen (Balıkesir)",543209
"02/02/2023 04:49:36",28.01895,40.39416,7,0.45,"ML",1.8,"Marmara Denizi - Bandırma Körfezi - [03.88 km] Bandırma (Balıkesir)",543164
"01/02/2023 17:42:55",27.49453,40.5622,7.29,0.27,"ML",1.2,"Marmara Denizi - [02.74 km] Marmara (Balıkesir)",543103
"01/02/2023 17:35:59",27.4708,40.64511,6.77,0.13,"ML",1.1,"Marmara Denizi - [06.86 km] Marmara (Balıkesir)",543102
"01/02/2023 14:39:42",27.78051,40.80048,7.01,0.84,"ML",1.3,"Marmara Denizi - [20.36 km] Marmara (Balıkesir)",543095
"01/02/2023 09:52:00",27.48975,40.66332,10.17,0.52,"ML",1.5,"Marmara Denizi - [07.43 km] Marmara (Balıkesir)",543082
"01/02/2023 05:40:52",27.756,40.7956,7.03,0.6,"ML",1.7,"Marmara Denizi - [18.77 km] Marmara (Balıkesir)",543070
"01/02/2023 05:37:17",27.76287,40.79418,7.11,0.45,"ML",1.6,"Marmara Denizi - [19.20 km] Marmara (Balıkesir)",543069
"01/02/2023 02:15:46",27.57637,40.35713,7.01,0.44,"ML",1.5,"Marmara Denizi - Erdek Körfezi - [10.02 km] Bandırma (Balıkesir)",543061
"01/02/2023 01:13:49",28.09777,40.03991,12.44,0.4,"ML",1.6,"Susurluk (Balıkesir)",543053
"01/02/2023 00:18:48",29.26656,40.68691,5.95,0.33,"ML",1.2,"Marmara Denizi - [03.38 km] Merkez (Yalova)",543049
"31/01/2023 20:36:16",27.44832,40.29181,7,0.61,"ML",1,"Biga (Çanakkale)",543035
"31/01/2023 19:35:29",27.40237,40.16697,6.96,0.39,"ML",2.8,"Gönen (Balıkesir)",543030
"31/01/2023 15:37:52",28.77573,40.37335,11.55,0.28,"ML",1.6,"Mudanya (Bursa)",543026
"31/01/2023 00:12:19",27.75158,40.37712,6.99,0.75,"ML",1.7,"Marmara Denizi - Erdek Körfezi - [04.16 km] Erdek (Balıkesir)",542967
"30/01/2023 05:28:02",27.76349,40.79617,5.9,0.3,"ML",1.3,"Marmara Denizi - [19.57 km] Marmara (Balıkesir)",542912
"30/01/2023 03:53:47",27.19573,40.52273,9.46,0.37,"ML",2.5,"Marmara Denizi - [09.65 km] Biga (Çanakkale)",542900
"30/01/2023 01:52:25",27.43849,40.35246,5.19,0.12,"ML",1.4,"Marmara Denizi - Erdek Körfezi - [07.08 km] Biga (Çanakkale)",542893
"30/01/2023 00:45:47",27.40213,40.384,8.21,0.42,"ML",1.3,"Marmara Denizi - Erdek Körfezi - [08.07 km] Biga (Çanakkale)",542884
"30/01/2023 00:10:03",27.44409,40.339,7.93,0.36,"ML",2.1,"Marmara Denizi - Erdek Körfezi - [06.92 km] Biga (Çanakkale)",542878
"29/01/2023 11:04:27",27.23321,40.56803,5.98,0.26,"ML",2.9,"Marmara Denizi - [08.61 km] Şarköy (Tekirdağ)",542841
"29/01/2023 07:58:00",28.805,40.42167,7,0.4,"ML",2,"Marmara Denizi - Gemlik Körfezi - [04.09 km] Mudanya (Bursa)",542839
"28/01/2023 05:49:20",27.11175,40.34428,4.72,0.4,"ML",1.8,"Biga (Çanakkale)",542749
"28/01/2023 03:12:40",27.03188,40.244,8.93,0.27,"ML",1.8,"Biga (Çanakkale)",542737
"27/01/2023 10:40:39",27.71595,40.78354,18.76,0.4,"ML",2.4,"Marmara Denizi - [15.61 km] Marmara (Balıkesir)",542694
"27/01/2023 00:32:26",27.31048,40.54141,6.99,0.3,"ML",2,"Marmara Denizi - [14.18 km] Marmara (Balıkesir)",542676
"26/01/2023 23:08:07",27.64817,40.515,4.36,0.4,"ML",2.1,"Marmara Denizi - [03.68 km] Erdek (Balıkesir)",542670
"26/01/2023 19:32:19",28.68988,40.83175,7,0.72,"ML",1.9,"Marmara Denizi - [15.22 km] Beylikdüzü (İstanbul)",542662
"26/01/2023 12:49:47",28.88914,40.87237,6.72,0.25,"ML",1.4,"Marmara Denizi - [08.63 km] Adalar (İstanbul)",542646
"25/01/2023 06:47:51",26.48113,40.22554,6.98,0.47,"ML",2.1,"Ege Denizi - Çanakkale Boğazı - [05.69 km] Merkez (Çanakkale)",542524
"25/01/2023 04:04:31",28.91809,40.61333,6.94,0.44,"ML",1.6,"Marmara Denizi - [02.80 km] Çınarcık (Yalova)",542514
"25/01/2023 00:34:25",28.33142,40.8211,6.98,0.55,"ML",2.3,"Marmara Denizi - [24.23 km] Büyükçekmece (İstanbul)",542505
"24/01/2023 09:57:10",27.55126,40.35846,7,0.56,"ML",1.4,"Marmara Denizi - Erdek Körfezi - [09.96 km] Gönen (Balıkesir)",542445
"24/01/2023 06:58:11",27.37772,40.7136,9.46,0.5,"ML",1.8,"Marmara Denizi - [05.26 km] Şarköy (Tekirdağ)",542436
"23/01/2023 22:58:54",28.93984,40.61816,14.14,0.42,"ML",1.5,"Marmara Denizi - [00.78 km] Çınarcık (Yalova)",542388
"23/01/2023 21:33:51",27.343,40.7249,8.41,0.39,"ML",1.4,"Marmara Denizi - [02.21 km] Şarköy (Tekirdağ)",542385
"23/01/2023 16:00:31",29.40263,40.481,6.78,0.77,"ML",1.1,"İznik Gölü - [03.45 km] Orhangazi (Bursa)",542365
"23/01/2023 06:53:59",28.26307,40.841,7.01,0.66,"ML",2,"Marmara Denizi - [25.05 km] Silivri (İstanbul)",542331
"22/01/2023 07:27:03",28.27,40.16807,6.99,0.36,"ML",1.1,"Karacabey (Bursa)",542283
"21/01/2023 01:06:22",28.91498,40.60882,6.99,0.61,"ML",1.8,"Marmara Denizi - [02.01 km] Çınarcık (Yalova)",542142
"19/01/2023 22:27:59",27.065,40.38536,7.02,0.51,"ML",1.7,"Biga (Çanakkale)",542045
"19/01/2023 03:46:30",28.90056,40.59991,6.99,0.53,"ML",2.1,"Marmara Denizi - [01.83 km] Çınarcık (Yalova)",541969
"19/01/2023 00:52:33",29.12328,40.64845,7.07,0.45,"ML",1.4,"Marmara Denizi - [01.03 km] Çınarcık (Yalova)",541953
"18/01/2023 22:15:12",26.98177,40.21756,6.72,0.62,"ML",2.3,"Biga (Çanakkale)",541933
"18/01/2023 08:59:52",28.96133,40.66105,7,0.44,"ML",1.8,"Marmara Denizi - [05.27 km] Çınarcık (Yalova)",541882
"18/01/2023 06:03:31",27.50637,40.8231,6.98,0.16,"ML",2,"Marmara Denizi - [06.65 km] Süleymanpaşa (Tekirdağ)",541876
"17/01/2023 22:41:01",29.075,40.7783,7.01,0.38,"ML",1.9,"Marmara Denizi - [08.99 km] Adalar (İstanbul)",541858
"17/01/2023 22:38:47",29.08178,40.766,7.01,0.35,"ML",3,"Marmara Denizi - [10.50 km] Adalar (İstanbul)",541857
"17/01/2023 20:54:59",29.061,40.76459,6.98,0.44,"ML",1.9,"Marmara Denizi - [10.71 km] Adalar (İstanbul)",541846
"17/01/2023 13:17:53",28.87,40.82673,9.02,0.18,"ML",1.7,"Marmara Denizi - [10.09 km] Adalar (İstanbul)",541829
"16/01/2023 20:15:56",26.96258,40.19968,7.04,0.3,"ML",1.8,"Biga (Çanakkale)",541730
"16/01/2023 15:33:41",29.06484,40.74594,14.51,0.41,"ML",2.4,"Marmara Denizi - [11.93 km] Çınarcık (Yalova)",541713
"16/01/2023 11:01:29",27.75702,40.5887,10.1,0.24,"ML",1.4,"Marmara Denizi - [05.78 km] Marmara (Balıkesir)",541700
"15/01/2023 23:26:34",26.96121,40.20121,9.87,0.32,"ML",1.6,"Biga (Çanakkale)",541627
"15/01/2023 23:26:33",29.04902,40.62375,7,0.61,"ML",1.9,"Çınarcık (Yalova)",541628
"14/01/2023 11:15:51",29.10312,40.41375,7,0.6,"ML",1.1,"Marmara Denizi - Gemlik Körfezi - [00.98 km] Gemlik (Bursa)",541423
"14/01/2023 06:40:15",28.69857,40.40117,7,0.17,"ML",1.7,"Marmara Denizi - [05.72 km] Mudanya (Bursa)",541400
"14/01/2023 03:33:43",27.62807,40.72063,10.33,0.43,"ML",1.3,"Marmara Denizi - [08.69 km] Marmara (Balıkesir)",541381
"13/01/2023 20:09:43",27.10449,40.35724,12.36,0.46,"ML",2.6,"Biga (Çanakkale)",541322
"13/01/2023 11:20:50",28.74401,40.59122,6.99,0.34,"ML",1.7,"Marmara Denizi - [09.94 km] Armutlu (Yalova)",541288
"13/01/2023 10:03:53",28.72918,40.59423,6.98,0.38,"ML",1.8,"Marmara Denizi - [11.31 km] Armutlu (Yalova)",541285
"12/01/2023 12:51:38",27.82155,40.85505,7,0.46,"ML",1.4,"Marmara Denizi - [15.23 km] Marmaraereğlisi (Tekirdağ)",541171
"12/01/2023 12:50:34",27.83292,40.82516,6.86,0.35,"ML",1.5,"Marmara Denizi - [16.90 km] Marmaraereğlisi (Tekirdağ)",541170
"12/01/2023 12:49:33",27.82136,40.82948,7.98,0.42,"ML",1.5,"Marmara Denizi - [17.31 km] Marmaraereğlisi (Tekirdağ)",541168
"11/01/2023 16:45:28",27.24665,40.09603,7,0.26,"ML",1.5,"Biga (Çanakkale)",541071
"09/01/2023 20:53:08",29.87778,40.89327,7.03,0.44,"ML",1.1,"Derince (Kocaeli)",540742
"08/01/2023 17:18:59",28.87232,40.204,7,0.82,"ML",1.5,"Nilüfer (Bursa)",540512
"07/01/2023 12:56:09",27.11669,40.35237,7,0.45,"ML",2.1,"Biga (Çanakkale)",540402
"07/01/2023 05:05:37",27.07963,40.34858,7.01,0.29,"ML",1.7,"Biga (Çanakkale)",540346
"06/01/2023 16:53:42",27.16477,40.52695,6.97,0.31,"ML",1.5,"Marmara Denizi - [09.82 km] Biga (Çanakkale)",540286
"06/01/2023 12:10:17",28.21007,40.52174,6.99,0.3,"ML",1.5,"Marmara Denizi - [15.43 km] Karacabey (Bursa)",540254
"03/01/2023 23:08:46",28.69828,40.80295,13.07,0.57,"ML",1.4,"Marmara Denizi - [18.24 km] Beylikdüzü (İstanbul)",540087
"03/01/2023 13:41:25",28.81698,40.42883,11.32,0.6,"ML",2.6,"Marmara Denizi - Gemlik Körfezi - [05.73 km] Mudanya (Bursa)",540056
"02/01/2023 16:55:12",27.24305,40.12287,7,0.36,"ML",1.2,"Biga (Çanakkale)",539993
"02/01/2023 12:26:32",27.25211,40.13762,14.22,0.31,"ML",3.1,"Biga (Çanakkale)",539978
"02/01/2023 07:44:58",28.30513,40.38106,6.99,0.37,"ML",1.7,"Karacabey (Bursa)",539964
"02/01/2023 02:52:02",28.94384,40.6012,7.03,0.17,"ML",2.7,"Çınarcık (Yalova)",539940
"01/01/2023 05:05:16",27.11,40.359,7,0.16,"ML",1.9,"Biga (Çanakkale)",539865
"01/01/2023 03:25:24",27.31829,40.71872,14.45,0.29,"ML",1.1,"Marmara Denizi - [01.88 km] Şarköy (Tekirdağ)",539869
"31/12/2022 06:57:17",27.12491,40.12594,7.01,0.39,"ML",1.8,"Biga (Çanakkale)",539820
"31/12/2022 04:18:19",29.15659,40.72188,7.05,0.99,"ML",1.1,"Marmara Denizi - [08.69 km] Çınarcık (Yalova)",539803
"30/12/2022 22:13:32",28.94668,40.61145,6.99,0.38,"ML",1.7,"Marmara Denizi - [00.69 km] Çınarcık (Yalova)",539776
"30/12/2022 13:29:03",28.96738,40.59616,13.67,0.47,"ML",3.3,"Çınarcık (Yalova)",539743
"30/12/2022 00:07:55",27.37232,40.01516,5.58,0.49,"ML",1,"Yenice (Çanakkale)",539657
"29/12/2022 18:05:18",27.10409,40.35556,6.9,0.08,"ML",0.8,"Biga (Çanakkale)",539636
"29/12/2022 16:10:55",29.56242,40.55416,6.51,0.85,"ML",1.9,"Karamürsel (Kocaeli)",539632
"29/12/2022 14:15:19",29.10909,40.41312,9.9,0.73,"ML",1.8,"Gemlik (Bursa)",539621
"29/12/2022 07:08:29",29.32589,40.21643,8.56,0.47,"ML",2,"Gölbaşı Gölü - [01.86 km] Kestel (Bursa)",539596
"28/12/2022 06:32:39",27.11788,40.39805,7,0.35,"ML",1.3,"Biga (Çanakkale)",539533
"27/12/2022 22:46:31",28.357,40.40906,7.01,0.32,"ML",2.5,"Marmara Denizi - [05.16 km] Karacabey (Bursa)",539506
"27/12/2022 09:54:14",27.13586,40.32621,7,0.2,"ML",1.1,"Biga (Çanakkale)",539461
"27/12/2022 06:36:30",27.1509,40.31,7.02,0.23,"ML",1.4,"Biga (Çanakkale)",539456
"26/12/2022 12:35:39",27.652,40.60169,5.92,0.49,"ML",1.8,"Marmara Denizi, Marmara Adası, Marmara (Balıkesir)",539420
"25/12/2022 21:33:02",27.54679,40.62864,13.1,0.25,"ML",1.3,"Marmara Denizi, Marmara Adası, Marmara (Balıkesir)",539359
"25/12/2022 17:06:36",27.41615,40.59583,6.84,0.28,"ML",1,"Marmara Denizi - [07.93 km] Marmara (Balıkesir)",539336
"25/12/2022 09:31:33",27.41356,40.69306,10.43,0.37,"ML",1.2,"Marmara Denizi - [09.14 km] Şarköy (Tekirdağ)",539309
"25/12/2022 09:23:51",28.78491,40.14431,10.76,0.54,"ML",1.4,"Nilüfer (Bursa)",539308
"25/12/2022 05:05:36",27.71918,40.00496,7,0.21,"ML",1.1,"Gönen (Balıkesir)",539289
"24/12/2022 22:23:43",27.43949,40.6515,7.01,0.33,"ML",1.4,"Marmara Denizi - [09.02 km] Marmara (Balıkesir)",539265
"24/12/2022 14:29:15",27.30367,40.27652,7.22,0.39,"ML",1.7,"Biga (Çanakkale)",539245
"24/12/2022 06:11:20",27.62128,40.56923,12.89,0.63,"ML",1.9,"Marmara Denizi - [02.59 km] Marmara (Balıkesir)",539209
"24/12/2022 05:43:18",27.62372,40.781,8.08,0.48,"ML",0.8,"Marmara Denizi - [15.68 km] Marmara (Balıkesir)",539204
"24/12/2022 01:26:36",27.35146,40.638,12.87,0.45,"ML",0.9,"Marmara Denizi - [09.28 km] Şarköy (Tekirdağ)",539203
"23/12/2022 18:13:32",29.22298,40.29693,5.99,0.35,"ML",1.3,"Gürsu (Bursa)",539132
"23/12/2022 17:19:37",29.78691,40.91358,7,0.1,"ML",1,"Körfez (Kocaeli)",539129
"23/12/2022 03:13:15",27.56576,40.36489,7,0.3,"ML",1.3,"Marmara Denizi - Erdek Körfezi - [10.82 km] Bandırma (Balıkesir)",539081
"23/12/2022 03:10:57",27.56824,40.36205,7,0.34,"ML",1.6,"Marmara Denizi - Erdek Körfezi - [10.81 km] Bandırma (Balıkesir)",539080
"22/12/2022 18:23:25",27.94267,40.1804,6.28,0.13,"ML",1.1,"Kuş Gölü - [06.33 km] Bandırma (Balıkesir)",539018
"22/12/2022 12:50:41",27.78075,40.05651,7,0.19,"ML",1.3,"Manyas (Balıkesir)",538999
"22/12/2022 06:49:49",27.47018,40.05706,7.01,0.37,"ML",2,"Gönen (Balıkesir)",538979
"20/12/2022 14:24:59",27.49069,40.673,12.51,0.14,"ML",1.9,"Marmara Denizi - [08.51 km] Marmara (Balıkesir)",538862
"20/12/2022 07:00:58",27.59831,40.34537,7,0.23,"ML",1.8,"Marmara Denizi - Erdek Körfezi - [07.44 km] Bandırma (Balıkesir)",538835
"20/12/2022 06:50:24",27.73946,40.812,7,0.36,"ML",2.2,"Marmara Denizi - [20.39 km] Marmara (Balıkesir)",538834
"19/12/2022 00:17:07",27.039,40.21845,15.78,0.33,"ML",1.7,"Biga (Çanakkale)",538741
"18/12/2022 19:35:04",28.679,40.38489,7.05,0.47,"ML",1.7,"Marmara Denizi - [04.75 km] Mudanya (Bursa)",538716
"18/12/2022 05:20:52",26.99605,40.33447,7,0.52,"ML",1.1,"Lapseki (Çanakkale)",538671
"17/12/2022 16:55:00",27.69486,40.79783,7.8,0.48,"ML",1.7,"Marmara Denizi - [16.86 km] Marmara (Balıkesir)",538623
"17/12/2022 13:38:33",29.11986,40.32967,7,0.66,"ML",1.3,"Osmangazi (Bursa)",538606
"17/12/2022 13:34:07",29.94886,40.9438,7,0.37,"ML",1,"İzmit (Kocaeli)",538604
"16/12/2022 18:04:09",29.32154,40.19674,7,0.44,"ML",1.2,"Kestel (Bursa)",538536
"16/12/2022 13:20:11",27.89072,40.29652,7,0.41,"ML",1,"Bandırma (Balıkesir)",538518
"14/12/2022 16:32:35",27.83283,40.0295,7.26,0.22,"ML",1.9,"Manyas (Balıkesir)",538370
"14/12/2022 07:53:58",28.95393,40.60509,7,0.5,"ML",1.6,"Çınarcık (Yalova)",538341
"14/12/2022 07:52:30",28.96537,40.59629,7,0.54,"ML",1.5,"Çınarcık (Yalova)",538340
"14/12/2022 05:41:33",27.10194,40.34892,7.04,0.37,"ML",1.7,"Biga (Çanakkale)",538338
"13/12/2022 22:39:34",28.72105,40.83078,7.01,0.64,"ML",1.5,"Marmara Denizi - [15.45 km] Avcılar (İstanbul)",538307
"13/12/2022 12:40:51",27.08362,40.3553,7,0.4,"ML",1.5,"Biga (Çanakkale)",538282
"13/12/2022 07:08:19",27.11545,40.34988,7,0.22,"ML",1.3,"Biga (Çanakkale)",538264
"13/12/2022 06:21:16",27.10298,40.36108,12.12,0.3,"MW",4.3,"Biga (Çanakkale)",538260
"12/12/2022 09:48:13",27.29068,40.71374,10.41,0.33,"ML",1.4,"Şarköy (Tekirdağ)",538173
"12/12/2022 01:24:29",29.13383,40.42467,10.76,0.37,"ML",2.2,"Marmara Denizi - Gemlik Körfezi - [01.47 km] Gemlik (Bursa)",538146
"11/12/2022 18:25:29",27.86321,40.8366,6.94,0.81,"ML",1.5,"Marmara Denizi - [15.42 km] Marmaraereğlisi (Tekirdağ)",538123
"11/12/2022 09:25:45",27.08192,40.727,8.49,0.25,"ML",1.8,"Şarköy (Tekirdağ)",538101
"10/12/2022 19:43:14",27.65197,40.79148,6.97,0.42,"ML",1.7,"Marmara Denizi - [16.44 km] Marmara (Balıkesir)",538057
"09/12/2022 07:22:47",27.44585,40.73716,7.45,0.56,"ML",1.4,"Marmara Denizi - [09.62 km] Şarköy (Tekirdağ)",537937
"09/12/2022 00:50:47",27.99718,40.37744,6.7,0.52,"ML",1.4,"Marmara Denizi - Bandırma Körfezi - [02.88 km] Bandırma (Balıkesir)",537917
"07/12/2022 23:13:16",27.12822,40.25019,7,0.62,"ML",1.9,"Biga (Çanakkale)",537832
"07/12/2022 10:05:23",27.47728,40.41347,11.58,0.14,"ML",1.5,"Marmara Denizi - Erdek Körfezi - [09.41 km] Marmara (Balıkesir)",537784
"06/12/2022 13:35:46",29.28867,40.85543,14.28,0.35,"ML",1.4,"Pendik (İstanbul)",537725
"06/12/2022 13:06:03",29.80358,40.89463,5.37,0.31,"ML",1.3,"Körfez (Kocaeli)",537723
"05/12/2022 22:12:58",29.074,40.0616,7.22,0.38,"ML",1.5,"Osmangazi (Bursa)",537667
"04/12/2022 22:03:41",27.74348,40.79694,6.95,0.6,"ML",2.7,"Marmara Denizi - [18.70 km] Marmara (Balıkesir)",537632
"03/12/2022 05:57:21",28.97682,40.40064,7,0.45,"ML",1.3,"Marmara Denizi - Gemlik Körfezi - [05.78 km] Mudanya (Bursa)",537521
"02/12/2022 23:56:48",29.78613,40.15873,5.17,0.48,"ML",1.3,"Merkez (Bilecik)",537497
"30/11/2022 10:07:57",27.36705,40.72743,12.87,0.28,"ML",1.6,"Marmara Denizi - [03.56 km] Şarköy (Tekirdağ)",537304
"30/11/2022 08:49:22",28.38449,40.81601,7.03,0.52,"ML",1.7,"Marmara Denizi - [22.46 km] Büyükçekmece (İstanbul)",537300
"30/11/2022 08:17:05",28.37016,40.49509,6.11,0.65,"ML",1.3,"Marmara Denizi - [13.70 km] Karacabey (Bursa)",537299
"28/11/2022 04:50:49",27.37766,40.68478,7,0.28,"ML",1.5,"Marmara Denizi - [06.81 km] Şarköy (Tekirdağ)",537138
"27/11/2022 03:56:31",27.196,40.06494,6.07,0.5,"ML",1.5,"Çan (Çanakkale)",537023
"27/11/2022 01:17:33",26.25288,40.41899,6.94,0.2,"ML",2,"Ege Denizi - Saros Körfezi - [12.57 km] Eceabat (Çanakkale)",537012
"25/11/2022 03:16:31",27.29453,40.27282,10.02,0.37,"ML",2.2,"Biga (Çanakkale)",536832
"24/11/2022 22:36:45",27.75464,40.06767,7,0.25,"ML",1.2,"Gönen (Balıkesir)",536812
"24/11/2022 21:44:17",29.07066,40.78,11.07,0.3,"ML",2.1,"Marmara Denizi - [09.71 km] Adalar (İstanbul)",536808
"24/11/2022 21:25:20",29.09755,40.77276,6.98,0.38,"ML",1.5,"Marmara Denizi - [09.22 km] Adalar (İstanbul)",536805
"24/11/2022 18:38:32",29.23879,40.23793,7,0.74,"ML",1.1,"Gürsu (Bursa)",536796
"23/11/2022 16:47:26",29.74716,40.90668,11.3,0.4,"ML",1.2,"Körfez (Kocaeli)",536656
"22/11/2022 19:27:40",29.1795,40.45493,7.55,0.41,"ML",1.7,"Gemlik (Bursa)",536479
"22/11/2022 09:47:49",29.34854,40.68069,7,0.19,"ML",1.2,"Marmara Denizi - İzmit Körfezi - [02.78 km] Çiftlikköy (Yalova)",536443
"22/11/2022 00:54:42",27.78391,40.39631,7.03,0.54,"ML",2.2,"Erdek (Balıkesir)",536435
"20/11/2022 09:46:19",29.11788,40.62515,12.13,0.24,"ML",1.3,"Çınarcık (Yalova)",536359
"19/11/2022 21:07:36",27.56,40.426,7,0.37,"ML",1.5,"Marmara Denizi - Erdek Körfezi - [06.82 km] Erdek (Balıkesir)",536328
"19/11/2022 11:11:03",27.54529,40.41107,7.05,0.54,"ML",1.6,"Marmara Denizi - Erdek Körfezi - [08.29 km] Erdek (Balıkesir)",536283
"16/11/2022 20:40:14",27.19625,40.02979,9.06,0.44,"ML",1.3,"Çan (Çanakkale)",536147
"15/11/2022 18:09:34",29.06315,40.40123,12.46,0.36,"ML",2.1,"Marmara Denizi - Gemlik Körfezi - [02.45 km] Gemlik (Bursa)",536076
"15/11/2022 06:06:31",26.03545,40.31752,7,0.57,"ML",1.4,"Ege Denizi - [13.48 km] Gökçeada (Çanakkale)",536044
"14/11/2022 22:29:41",27.3403,40.76785,7,0.5,"ML",2,"Şarköy (Tekirdağ)",536022
"14/11/2022 21:29:18",29.04676,40.59976,11.64,0.41,"ML",2.1,"Çınarcık (Yalova)",536014
"14/11/2022 18:33:02",27.34833,40.71497,12.62,0.44,"ML",1.4,"Marmara Denizi - [03.13 km] Şarköy (Tekirdağ)",535998
"13/11/2022 01:12:48",27.26512,40.33622,7.08,0.62,"ML",1.3,"Biga (Çanakkale)",535890
"12/11/2022 23:30:43",27.50232,40.4064,11.62,0.47,"ML",1.5,"Marmara Denizi - Erdek Körfezi - [09.54 km] Marmara (Balıkesir)",535885
"12/11/2022 18:39:50",27.7265,40.2023,7,0.96,"ML",1.1,"Gönen (Balıkesir)",535870
"12/11/2022 08:05:47",27.16106,40.34442,7.04,0.57,"ML",1.4,"Biga (Çanakkale)",535857
"12/11/2022 01:00:48",27.83833,40.23061,7,0.25,"ML",1.7,"Bandırma (Balıkesir)",535823
"11/11/2022 23:45:32",27.989,40.45476,7,0.25,"ML",1.4,"Erdek (Balıkesir)",535818
"11/11/2022 02:02:30",27.43666,40.64899,10.38,0.31,"ML",1.2,"Marmara Denizi - [09.03 km] Marmara (Balıkesir)",535746
"10/11/2022 20:23:43",28.18499,40.33731,12.84,0.15,"ML",1.2,"Bandırma (Balıkesir)",535726
"08/11/2022 11:51:26",29.29963,40.48515,8.27,0.32,"ML",1.4,"Orhangazi (Bursa)",535601
"06/11/2022 11:52:25",28.53774,40.81746,7,0.55,"ML",1.3,"Marmara Denizi - [18.42 km] Beylikdüzü (İstanbul)",535479
"06/11/2022 11:21:10",28.46069,40.82454,7,0.22,"ML",1.1,"Marmara Denizi - [19.55 km] Büyükçekmece (İstanbul)",535476
"06/11/2022 10:40:19",28.26314,40.87529,7,0.33,"ML",1.3,"Marmara Denizi - [20.58 km] Silivri (İstanbul)",535474
"06/11/2022 10:35:59",28.72813,40.77653,7,0.48,"ML",1.2,"Marmara Denizi - [21.07 km] Bakırköy (İstanbul)",535473
"06/11/2022 10:34:37",28.44563,40.83308,7,0.36,"ML",1.4,"Marmara Denizi - [19.12 km] Büyükçekmece (İstanbul)",535472
"05/11/2022 20:59:44",27.23723,40.56,7.25,0.19,"ML",1.9,"Marmara Denizi - [08.77 km] Şarköy (Tekirdağ)",535440
"04/11/2022 07:26:38",28.73504,40.83475,7,0.62,"ML",1.4,"Marmara Denizi - [14.70 km] Avcılar (İstanbul)",535298
"03/11/2022 20:08:27",27.60894,40.38595,6.95,0.31,"ML",2.6,"Marmara Denizi - Erdek Körfezi - [07.92 km] Erdek (Balıkesir)",535198
"03/11/2022 12:24:54",28.64795,40.06607,8.72,0.12,"ML",1.3,"Mustafakemalpaşa (Bursa)",535183
"02/11/2022 12:25:11",28.33109,40.1519,7.02,0.38,"ML",1.9,"Karacabey (Bursa)",535115
"02/11/2022 03:46:26",28.10861,40.8143,12.18,0.53,"ML",2.6,"Marmara Denizi - [20.85 km] Marmaraereğlisi (Tekirdağ)",535094
"01/11/2022 14:50:27",29.17463,40.33758,6.72,0.51,"ML",1.2,"Gemlik (Bursa)",535078
"01/11/2022 13:56:59",27.42447,40.69644,12.48,0.22,"ML",1.9,"Marmara Denizi - [09.66 km] Şarköy (Tekirdağ)",535070
"01/11/2022 12:36:28",29.1106,40.67166,9.28,0.38,"ML",1.5,"Marmara Denizi - [02.85 km] Çınarcık (Yalova)",535067
"31/10/2022 13:21:45",27.34983,40.31847,6.92,0.27,"ML",1.9,"Biga (Çanakkale)",535008
"29/10/2022 04:41:07",27.68342,40.8545,7,0.33,"ML",1.7,"Marmara Denizi - [16.42 km] Süleymanpaşa (Tekirdağ)",534910
"29/10/2022 03:34:27",29.06368,40.02369,7,0.27,"ML",1.3,"Orhaneli (Bursa)",534903
"28/10/2022 02:02:29",27.83584,40.82369,6.42,0.43,"ML",3.3,"Marmara Denizi - [17.52 km] Marmaraereğlisi (Tekirdağ)",534842
"28/10/2022 00:34:18",27.13028,40.48221,10.5,0.16,"ML",1.4,"Marmara Denizi - [05.86 km] Biga (Çanakkale)",534839
"28/10/2022 00:02:10",27.61982,40.619,6.26,0.49,"ML",1.5,"Marmara Denizi, Marmara Adası, Marmara (Balıkesir)",534835
"27/10/2022 03:32:17",27.79361,40.15416,7.03,0.68,"ML",1.3,"Gönen (Balıkesir)",534782
"27/10/2022 03:04:19",27.77606,40.16632,7.03,0.57,"ML",1,"Gönen (Balıkesir)",534781
"27/10/2022 02:52:08",27.79159,40.17851,7,0.29,"ML",2.1,"Gönen (Balıkesir)",534778
"26/10/2022 22:46:50",27.81049,40.03241,7.2,0.54,"ML",1.2,"Manyas (Balıkesir)",534764
"26/10/2022 15:41:19",27.77952,40.16631,7.02,0.44,"ML",2.4,"Gönen (Balıkesir)",534745
"26/10/2022 12:27:47",28.7118,40.00351,12.48,0.72,"ML",1.4,"Mustafakemalpaşa (Bursa)",534735
"26/10/2022 11:27:36",27.34455,40.70183,8.38,0.14,"ML",1.4,"Marmara Denizi - [03.22 km] Şarköy (Tekirdağ)",534738
"25/10/2022 17:45:59",27.75509,40.82044,7.01,0.6,"ML",2,"Marmara Denizi - [20.88 km] Marmara (Balıkesir)",534702
"25/10/2022 17:17:50",27.51744,40.29554,14.2,0.26,"ML",2.8,"Marmara Denizi - Erdek Körfezi - [03.67 km] Gönen (Balıkesir)",534700
"25/10/2022 10:53:44",27.76191,40.81091,13.89,0.28,"ML",2.1,"Marmara Denizi - [20.77 km] Marmara (Balıkesir)",534692
"25/10/2022 01:00:40",27.34275,40.68761,7.13,0.36,"ML",2.4,"Marmara Denizi - [03.70 km] Şarköy (Tekirdağ)",534664
"25/10/2022 00:01:31",28.06061,40.85235,7,0.61,"ML",1.5,"Marmara Denizi - [14.97 km] Marmaraereğlisi (Tekirdağ)",534662
"24/10/2022 14:36:30",27.45355,40.71394,13.33,0.26,"ML",1.6,"Marmara Denizi - [10.77 km] Şarköy (Tekirdağ)",534633
"24/10/2022 07:34:30",27.80858,40.18203,7,0.12,"ML",1.5,"Gönen (Balıkesir)",534611
"22/10/2022 09:04:31",28.69548,40.00068,6.86,0.7,"ML",1.7,"Mustafakemalpaşa (Bursa)",534501
"21/10/2022 16:02:52",27.49752,40.79404,6.98,0.61,"ML",2.8,"Marmara Denizi - [08.41 km] Süleymanpaşa (Tekirdağ)",534473
"21/10/2022 13:07:44",29.23805,40.26019,7,0.84,"ML",1.5,"Gürsu (Bursa)",534469
"20/10/2022 12:57:50",28.77499,40.12462,7,0.18,"ML",1.4,"Nilüfer (Bursa)",534318
"20/10/2022 06:30:45",28.27999,40.00599,6.92,0.47,"ML",1.7,"Mustafakemalpaşa (Bursa)",534303
"19/10/2022 12:39:02",27.27461,40.41875,14.99,0.29,"ML",2.4,"Biga (Çanakkale)",534270
"16/10/2022 18:13:50",29.258,40.63117,7,0.44,"ML",1.7,"Merkez (Yalova)",534135
"16/10/2022 14:44:48",29.20378,40.64024,8.82,0.34,"ML",2,"Merkez (Yalova)",534132
"15/10/2022 05:23:40",27.30279,40.12958,7.13,0.36,"ML",1.6,"Biga (Çanakkale)",534061
"15/10/2022 00:06:38",28.63865,40.04064,5.97,0.33,"ML",1.4,"Mustafakemalpaşa (Bursa)",534036
"14/10/2022 21:05:23",27.363,40.68325,7,0.59,"ML",1.6,"Marmara Denizi - [05.09 km] Şarköy (Tekirdağ)",534028
"14/10/2022 01:07:29",27.40918,40.1691,7,0.11,"ML",1.5,"Gönen (Balıkesir)",533979
"14/10/2022 00:53:30",28.305,40.8411,7.14,0.2,"ML",1.7,"Marmara Denizi - [23.60 km] Silivri (İstanbul)",533978
"13/10/2022 17:25:51",27.75732,40.21762,7.02,0.42,"ML",3.3,"Gönen (Balıkesir)",533964
"13/10/2022 17:25:32",27.7977,40.20267,7.02,0.2,"ML",2.3,"Gönen (Balıkesir)",533965
"13/10/2022 13:08:30",28.67402,40.02463,4.76,0.3,"ML",1.9,"Mustafakemalpaşa (Bursa)",533961
"13/10/2022 12:48:38",28.8681,40.1651,5.58,0.68,"ML",1.8,"Nilüfer (Bursa)",533957
"11/10/2022 16:36:21",29.16465,40.64388,12.03,0.68,"ML",2.2,"Çınarcık (Yalova)",533860
"11/10/2022 09:32:50",29.49536,40.15109,7,0.56,"ML",2,"İnegöl (Bursa)",533841
"11/10/2022 09:17:17",29.488,40.13959,7.12,0.35,"ML",1.8,"İnegöl (Bursa)",533840
"09/10/2022 21:46:16",28.1938,40.16536,7,0.56,"ML",1.6,"Karacabey (Bursa)",533784
"09/10/2022 21:44:36",28.18121,40.18104,7.05,0.5,"ML",2.3,"Karacabey (Bursa)",533783
"09/10/2022 15:47:18",27.175,40.14052,7.02,0.41,"ML",1.2,"Biga (Çanakkale)",533771
"09/10/2022 07:05:48",27.83,40.02718,10.35,0.34,"ML",1.8,"Manyas (Balıkesir)",533744
"09/10/2022 04:36:56",27.63424,40.32732,5.89,0.33,"ML",1.1,"Marmara Denizi - Erdek Körfezi - [04.42 km] Bandırma (Balıkesir)",533740
"09/10/2022 04:19:53",27.6235,40.32971,6,0.35,"ML",1.4,"Marmara Denizi - Erdek Körfezi - [05.03 km] Bandırma (Balıkesir)",533739
"08/10/2022 05:25:30",26.1976,40.31921,7.32,0.34,"ML",1.9,"Ege Denizi - [10.22 km] Eceabat (Çanakkale)",533682
"08/10/2022 04:26:33",26.15609,40.32178,6.99,0.18,"ML",1.8,"Ege Denizi - [13.84 km] Eceabat (Çanakkale)",533680
"07/10/2022 21:38:25",26.14702,40.32391,6.96,0.24,"ML",1.8,"Ege Denizi - [14.12 km] Eceabat (Çanakkale)",533658
"07/10/2022 08:32:19",26.168,40.31378,6.99,0.18,"ML",1.8,"Ege Denizi - [12.92 km] Eceabat (Çanakkale)",533622
"07/10/2022 07:52:00",29.41775,40.098,7,0.4,"ML",1.9,"İnegöl (Bursa)",533619
"07/10/2022 07:49:31",27.02664,40.13842,7,0.53,"ML",2.1,"Çan (Çanakkale)",533618
"06/10/2022 14:35:27",26.17229,40.29538,7,0.1,"ML",1.7,"Ege Denizi - [11.70 km] Eceabat (Çanakkale)",533589
"06/10/2022 05:35:30",29.09996,40.743,6.92,0.35,"ML",1.2,"Marmara Denizi - [10.81 km] Çınarcık (Yalova)",533568
"05/10/2022 09:41:31",27.476,40.791,5.24,0.42,"ML",2.9,"Marmara Denizi - [07.77 km] Süleymanpaşa (Tekirdağ)",533503
"05/10/2022 04:48:20",28.7768,40.34766,8.57,0.44,"ML",1.2,"Mudanya (Bursa)",533479
"05/10/2022 02:54:02",28.89,40.19825,7.13,0.37,"ML",1.3,"Nilüfer (Bursa)",533469
"04/10/2022 06:48:22",28.38261,40.84821,4.81,0.46,"ML",2.4,"Marmara Denizi - [19.68 km] Büyükçekmece (İstanbul)",533425
"04/10/2022 06:17:22",27.44315,40.04706,7,0.55,"ML",1.4,"Yenice (Çanakkale)",533424
"04/10/2022 05:30:56",27.3074,40.17927,7,0.37,"ML",1.1,"Biga (Çanakkale)",533419
"04/10/2022 05:08:50",27.55394,40.43434,15.5,0.48,"ML",1.8,"Marmara Denizi - [05.87 km] Erdek (Balıkesir)",533418
"04/10/2022 03:37:12",29.03311,40.51721,7,0.28,"ML",1.1,"Gemlik (Bursa)",533412
"04/10/2022 02:54:39",26.384,40.39809,7.1,0.23,"ML",1.1,"Ege Denizi - Saros Körfezi - [06.98 km] Gelibolu (Çanakkale)",533410
"04/10/2022 01:57:50",28.37938,40.84227,8.09,0.32,"ML",3,"Marmara Denizi - [19.97 km] Büyükçekmece (İstanbul)",533403
"03/10/2022 13:13:50",28.39415,40.44591,7,0.91,"ML",1.2,"Marmara Denizi - [08.46 km] Karacabey (Bursa)",533375
"03/10/2022 12:46:51",28.70504,40.21391,7.01,0.53,"ML",1.6,"Nilüfer (Bursa)",533374
"03/10/2022 04:05:51",29.01424,40.39204,6.94,0.21,"ML",1.7,"Marmara Denizi - Gemlik Körfezi - [04.10 km] Gemlik (Bursa)",533352
"01/10/2022 07:13:24",27.66982,40.38933,6.95,0.35,"ML",1.5,"Marmara Denizi - Erdek Körfezi - [07.90 km] Erdek (Balıkesir)",533228
"01/10/2022 07:01:10",28.14475,40.74547,7,0.43,"ML",1.8,"Marmara Denizi - [28.69 km] Marmaraereğlisi (Tekirdağ)",533229
"01/10/2022 00:39:08",27.81536,40.2288,4.86,0.43,"ML",1.4,"Bandırma (Balıkesir)",533204
"01/10/2022 00:27:23",27.82007,40.22081,7,0.39,"ML",2.6,"Gönen (Balıkesir)",533203
"30/09/2022 22:45:48",28.084,40.8296,6.3,0.47,"ML",2.1,"Marmara Denizi - [18.40 km] Marmaraereğlisi (Tekirdağ)",533196
"30/09/2022 12:10:28",27.01202,40.13028,7,0.22,"ML",1.6,"Çan (Çanakkale)",533161
"29/09/2022 21:03:46",28.41192,40.844,12.84,0.33,"ML",2.1,"Marmara Denizi - [19.57 km] Büyükçekmece (İstanbul)",533104
"29/09/2022 16:09:32",27.73825,40.81768,6.99,0.33,"ML",1.9,"Marmara Denizi - [19.65 km] Marmara (Balıkesir)",533091
"29/09/2022 03:29:25",28.59665,40.41936,7.92,0.48,"ML",3.2,"Marmara Denizi - [07.42 km] Mudanya (Bursa)",533043
"27/09/2022 10:47:57",27.7325,40.52973,11.84,0.58,"ML",2.4,"Marmara Denizi - [02.35 km] Erdek (Balıkesir)",532831
"27/09/2022 02:32:39",27.48348,40.70046,7.04,0.26,"ML",1.5,"Marmara Denizi - [10.70 km] Marmara (Balıkesir)",532815
"27/09/2022 02:08:04",28.4096,40.84267,7.01,0.32,"ML",1.7,"Marmara Denizi - [18.79 km] Büyükçekmece (İstanbul)",532814
"27/09/2022 01:37:15",27.11841,40.3344,11.76,0.03,"ML",1,"Biga (Çanakkale)",532812
"27/09/2022 01:10:55",27.13232,40.32746,7.74,0.15,"ML",2.3,"Biga (Çanakkale)",532809
"27/09/2022 00:56:02",27.50475,40.39966,7,0.19,"ML",1.3,"Marmara Denizi - Erdek Körfezi - [10.95 km] Marmara (Balıkesir)",532808
"26/09/2022 22:01:47",28.41461,40.84311,7,0.5,"ML",2.4,"Marmara Denizi - [19.07 km] Büyükçekmece (İstanbul)",532801
"26/09/2022 21:54:01",28.0346,40.00752,7,0.29,"ML",1.5,"Manyas (Balıkesir)",532800
"26/09/2022 12:40:24",28.29226,40.12878,6.94,0.34,"ML",1.2,"Karacabey (Bursa)",532772
"25/09/2022 19:44:06",27.37873,40.17807,7.1,0.37,"ML",1.2,"Biga (Çanakkale)",532729
"25/09/2022 13:27:48",28.95115,40.543,6.71,0.58,"ML",1,"Armutlu (Yalova)",532701
"25/09/2022 12:25:10",28.3305,40.35009,9.78,0.52,"ML",1.8,"Karacabey (Bursa)",532697
"25/09/2022 08:51:35",28.04801,40.83134,4.66,0.35,"ML",1.4,"Marmara Denizi - [16.43 km] Marmaraereğlisi (Tekirdağ)",532683
"25/09/2022 08:28:38",28.03704,40.81978,9.96,0.49,"ML",2.1,"Marmara Denizi - [17.36 km] Marmaraereğlisi (Tekirdağ)",532681
"24/09/2022 21:56:32",29.01836,40.37262,7.01,0.25,"ML",1.3,"Marmara Denizi - Gemlik Körfezi - [02.25 km] Gemlik (Bursa)",532652
"24/09/2022 16:10:36",28.40171,40.84829,8.79,0.31,"ML",2.8,"Marmara Denizi - [19.12 km] Büyükçekmece (İstanbul)",532633
"24/09/2022 12:06:04",27.83284,40.31347,7,0.32,"ML",1,"Bandırma (Balıkesir)",532621
"23/09/2022 21:41:45",26.15706,40.3901,16.11,0.46,"ML",2,"Ege Denizi - [16.97 km] Eceabat (Çanakkale)",532612
"22/09/2022 17:40:42",28.77892,40.4188,7,0.47,"ML",1.9,"Marmara Denizi - Gemlik Körfezi - [03.18 km] Mudanya (Bursa)",532553
"22/09/2022 08:33:22",27.29745,40.67745,8.05,0.63,"ML",1.8,"Marmara Denizi - [03.01 km] Şarköy (Tekirdağ)",532540
"22/09/2022 01:56:10",27.51834,40.33095,6.98,0.58,"ML",1.8,"Marmara Denizi - Erdek Körfezi - [07.54 km] Gönen (Balıkesir)",532524
"22/09/2022 01:56:00",27.43041,40.52463,4.49,0.72,"ML",1.3,"Marmara Denizi - [04.75 km] Marmara (Balıkesir)",532525
"21/09/2022 08:14:32",27.52497,40.32779,7,0.24,"ML",2.2,"Marmara Denizi - Erdek Körfezi - [07.01 km] Gönen (Balıkesir)",532487
"21/09/2022 04:54:22",28.76683,40.58767,7,0.37,"ML",1.3,"Marmara Denizi - [08.15 km] Armutlu (Yalova)",532484
"20/09/2022 20:02:16",27.67386,40.76632,7.01,0.36,"ML",1.2,"Marmara Denizi - [13.42 km] Marmara (Balıkesir)",532456
"20/09/2022 16:34:37",27.052,40.50131,19.2,0.3,"ML",1.9,"Marmara Denizi - [10.03 km] Biga (Çanakkale)",532443
"20/09/2022 09:14:24",27.65987,40.77154,7,0.41,"ML",2.1,"Marmara Denizi - [14.21 km] Marmara (Balıkesir)",532424
"19/09/2022 07:43:33",27.42671,40.68225,9.68,0.45,"ML",2.7,"Marmara Denizi - [09.96 km] Şarköy (Tekirdağ)",532381
"19/09/2022 00:40:39",27.69258,40.77547,7.05,0.5,"ML",2.8,"Marmara Denizi - [14.67 km] Marmara (Balıkesir)",532378
"19/09/2022 00:39:45",27.61978,40.78601,7.01,0.5,"ML",1.6,"Marmara Denizi - [15.78 km] Marmara (Balıkesir)",532379
"19/09/2022 00:39:12",27.66534,40.769,6.99,0.44,"ML",1.5,"Marmara Denizi - [14.16 km] Marmara (Balıkesir)",532380
"18/09/2022 02:37:23",29.16611,40.67121,7,0.51,"ML",1.5,"Marmara Denizi - [02.80 km] Çınarcık (Yalova)",532317
"18/09/2022 02:18:39",26.0196,40.10464,7,0.47,"ML",1.2,"Ege Denizi - [08.17 km] Gökçeada (Çanakkale)",532319
"17/09/2022 19:05:44",29.01172,40.27808,7,0.27,"ML",1.2,"Osmangazi (Bursa)",532289
"17/09/2022 06:36:41",29.08053,40.41629,10.33,0.52,"ML",1.1,"Marmara Denizi - Gemlik Körfezi - [01.14 km] Gemlik (Bursa)",532258
"17/09/2022 05:23:27",27.43452,40.00934,6.65,0.22,"ML",2.3,"Yenice (Çanakkale)",532253
"16/09/2022 04:28:32",27.3818,40.05769,8.06,0.4,"ML",0.9,"Yenice (Çanakkale)",532187
"15/09/2022 18:09:46",28.84301,40.1091,2.68,0.58,"ML",1,"Nilüfer (Bursa)",532151
"15/09/2022 00:13:36",28.80948,40.82192,6.99,0.47,"ML",1.4,"Marmara Denizi - [14.44 km] Bakırköy (İstanbul)",532138
"14/09/2022 06:59:16",27.33815,40.69768,7,0.58,"ML",1,"Marmara Denizi - [02.49 km] Şarköy (Tekirdağ)",532093
"14/09/2022 03:42:12",27.3303,40.72231,14.06,0.58,"ML",2.2,"Marmara Denizi - [01.79 km] Şarköy (Tekirdağ)",532069
"14/09/2022 03:38:37",27.32621,40.71471,14.27,0.42,"ML",3.3,"Marmara Denizi - [01.85 km] Şarköy (Tekirdağ)",532068
"13/09/2022 15:57:41",28.47629,40.10159,6.29,0.42,"ML",2,"Mustafakemalpaşa (Bursa)",532050
"13/09/2022 07:25:02",28.17392,40.39933,13.2,0.3,"ML",1.6,"Marmara Denizi - [05.32 km] Bandırma (Balıkesir)",532023
"13/09/2022 01:32:22",28.12406,40.38718,14.19,0.53,"ML",1.2,"Marmara Denizi - Bandırma Körfezi - [01.26 km] Bandırma (Balıkesir)",532007
"13/09/2022 01:19:33",27.86637,40.7956,6.61,0.52,"ML",1.3,"Marmara Denizi - [20.01 km] Marmaraereğlisi (Tekirdağ)",532006
"13/09/2022 00:14:22",29.16967,40.67392,15.48,0.33,"ML",2.1,"Marmara Denizi - [02.99 km] Çınarcık (Yalova)",532002
"10/09/2022 22:42:37",29.00626,40.20022,7.14,0.26,"ML",2.1,"Osmangazi (Bursa)",531916
"10/09/2022 13:56:34",27.55064,40.28479,6.96,0.37,"ML",1.7,"Gönen (Balıkesir)",531903
"10/09/2022 06:06:24",28.81575,40.59081,7,0.4,"ML",1.5,"Marmara Denizi - [04.95 km] Armutlu (Yalova)",531887
"10/09/2022 04:24:57",28.95264,40.08424,8.07,0.64,"ML",1.2,"Osmangazi (Bursa)",531880
"08/09/2022 22:54:23",26.42915,40.4928,6.99,0.3,"ML",2.2,"Ege Denizi - Saros Körfezi - [10.58 km] Gelibolu (Çanakkale)",531795
"07/09/2022 13:09:15",28.93042,40.12645,3.49,0.77,"ML",1.9,"Nilüfer (Bursa)",531759
"07/09/2022 07:22:21",28.88298,40.00129,9,0.58,"ML",1.4,"Orhaneli (Bursa)",531742
"07/09/2022 03:54:22",27.74836,40.07953,7,0.39,"ML",1,"Gönen (Balıkesir)",531725
"07/09/2022 03:37:48",27.3399,40.16188,7,0.53,"ML",1.6,"Biga (Çanakkale)",531724
"07/09/2022 02:10:21",29.25047,40.73186,7.32,0.51,"ML",1.8,"Marmara Denizi - [09.32 km] Tuzla (İstanbul)",531719
"06/09/2022 22:26:06",28.71841,40.89223,14.9,0.5,"ML",1.6,"Marmara Denizi - [08.42 km] Avcılar (İstanbul)",531699
"06/09/2022 22:24:45",28.67498,40.89736,7,0.49,"ML",1.4,"Marmara Denizi - [07.51 km] Beylikdüzü (İstanbul)",531700
"06/09/2022 17:16:11",27.06915,40.37635,7,0.53,"ML",1.3,"Biga (Çanakkale)",531682
"06/09/2022 13:30:00",29.02651,40.38546,7.03,0.42,"ML",2.2,"Marmara Denizi - Gemlik Körfezi - [03.80 km] Gemlik (Bursa)",531670
"06/09/2022 11:20:16",28.15565,40.73212,6.96,0.34,"ML",2.1,"Marmara Denizi - [30.72 km] Marmaraereğlisi (Tekirdağ)",531669
"05/09/2022 23:19:23",29.01493,40.39033,7,0.48,"ML",2.8,"Marmara Denizi - Gemlik Körfezi - [03.76 km] Gemlik (Bursa)",531647
"04/09/2022 07:01:29",27.63699,40.7633,6.99,0.48,"ML",1.7,"Marmara Denizi - [13.53 km] Marmara (Balıkesir)",531460
"02/09/2022 23:01:52",27.45614,40.39427,7,0.32,"ML",1.2,"Marmara Denizi - Erdek Körfezi - [11.96 km] Biga (Çanakkale)",531392
"02/09/2022 14:06:02",28.68896,40.01835,5.79,0.32,"ML",1.2,"Mustafakemalpaşa (Bursa)",531371
"02/09/2022 12:30:28",28.67916,40.05231,25.98,0.84,"ML",1.7,"Mustafakemalpaşa (Bursa)",531370
"02/09/2022 00:00:29",29.58578,40.25368,7.13,0.43,"ML",2.5,"Yenişehir (Bursa)",531303
"01/09/2022 16:57:34",27.53904,40.33919,7,0.25,"ML",1.7,"Marmara Denizi - Erdek Körfezi - [08.59 km] Gönen (Balıkesir)",531271
"01/09/2022 02:39:29",27.84115,40.201,7,0.45,"ML",1.5,"Bandırma (Balıkesir)",531216
"31/08/2022 23:53:19",28.06211,40.68204,6.98,0.58,"ML",1.7,"Marmara Denizi - [23.01 km] Erdek (Balıkesir)",531198
"31/08/2022 08:35:58",27.37946,40.20108,7.03,0.32,"ML",1.2,"Biga (Çanakkale)",531092
"30/08/2022 01:47:15",27.45307,40.69217,7,0.3,"ML",1.1,"Marmara Denizi - [11.72 km] Marmara (Balıkesir)",531057
"28/08/2022 05:14:23",29.04695,40.58841,7,0.31,"ML",1.5,"Çınarcık (Yalova)",530940
"25/08/2022 22:12:32",28.8394,40.36911,9.26,0.6,"ML",1.7,"Mudanya (Bursa)",530824
"25/08/2022 07:27:40",28.92601,40.19261,11,0.3,"ML",1.4,"Nilüfer (Bursa)",530780
"22/08/2022 10:16:39",27.09864,40.03508,11.7,0.22,"ML",1.4,"Çan (Çanakkale)",530633
"21/08/2022 09:17:35",29.7505,40.71707,8.2,0.55,"ML",1.2,"Marmara Denizi - İzmit Körfezi - [00.86 km] Gölcük (Kocaeli)",530568
"20/08/2022 20:49:02",28.53818,40.81633,7.38,0.53,"ML",1.7,"Marmara Denizi - [18.07 km] Beylikdüzü (İstanbul)",530543
"20/08/2022 03:45:32",29.16367,40.7401,7,0.22,"ML",1,"Marmara Denizi - [09.81 km] Çınarcık (Yalova)",530519
"19/08/2022 15:26:28",27.30171,40.50691,7,0.1,"ML",1.2,"Marmara Denizi - [11.87 km] Biga (Çanakkale)",530506
"18/08/2022 22:42:18",28.80023,40.05254,12.29,0.53,"ML",1.7,"Orhaneli (Bursa)",530440
"18/08/2022 18:23:44",27.67959,40.00374,5.73,0.41,"ML",2.1,"Gönen (Balıkesir)",530422
"17/08/2022 12:00:36",27.61695,40.71049,7,0.63,"ML",1.3,"Marmara Denizi - [07.97 km] Marmara (Balıkesir)",530341
"16/08/2022 16:40:41",27.7731,40.09914,11.41,0.25,"ML",1.8,"Gönen (Balıkesir)",530316
"15/08/2022 06:54:12",29.47374,40.8761,7,0.26,"ML",1.1,"Gebze (Kocaeli)",530244
"13/08/2022 20:52:02",29.73361,40.24242,7,0.28,"ML",1,"Yenişehir (Bursa)",530083
"13/08/2022 06:22:26",29.3195,40.63664,6.41,0.35,"ML",0.9,"Çiftlikköy (Yalova)",530045
"12/08/2022 22:51:16",28.39615,40.91318,5.59,0.29,"ML",1.1,"Marmara Denizi - [13.18 km] Büyükçekmece (İstanbul)",530013
"12/08/2022 18:11:57",28.16257,40.11004,7.02,0.48,"ML",1.3,"Karacabey (Bursa)",529995
"12/08/2022 00:32:17",29.00167,40.57401,6.97,0.45,"ML",1.5,"Çınarcık (Yalova)",529957
"11/08/2022 22:23:01",29.31011,40.54318,7.04,0.35,"Mw",3.5,"Merkez (Yalova)",529949
"09/08/2022 12:30:59",28.65743,40.01549,7.05,0.58,"ML",1.6,"Mustafakemalpaşa (Bursa)",529863
"09/08/2022 02:55:33",29.10575,40.05096,3.35,0.37,"ML",1.6,"Osmangazi (Bursa)",529828
"07/08/2022 18:50:00",27.84584,40.5485,6.83,0.57,"ML",1.7,"Marmara Denizi - [05.04 km] Erdek (Balıkesir)",529760
"06/08/2022 10:34:13",29.0458,40.1741,12.25,0.47,"ML",1.8,"Osmangazi (Bursa)",529699
"06/08/2022 09:46:25",29.43582,40.82736,7.08,0.11,"ML",1.2,"Gebze (Kocaeli)",529694
"05/08/2022 15:25:07",27.47122,40.3831,6.99,0.51,"ML",2.1,"Marmara Denizi - Erdek Körfezi - [12.14 km] Biga (Çanakkale)",529657
"05/08/2022 02:25:03",27.541,40.33356,7,0.42,"ML",2.5,"Marmara Denizi - Erdek Körfezi - [07.44 km] Gönen (Balıkesir)",529632
"04/08/2022 20:29:03",27.05546,40.34516,7.05,0.26,"ML",2.3,"Biga (Çanakkale)",529624
"04/08/2022 07:15:45",26.24357,40.37864,7,0.21,"ML",2.1,"Ege Denizi - Saros Körfezi - [09.87 km] Eceabat (Çanakkale)",529597
"03/08/2022 10:16:38",27.53019,40.32914,6.98,0.28,"ML",2.7,"Marmara Denizi - Erdek Körfezi - [06.78 km] Gönen (Balıkesir)",529568
"03/08/2022 04:49:08",27.53335,40.337,7.02,0.46,"ML",2.7,"Marmara Denizi - Erdek Körfezi - [07.22 km] Gönen (Balıkesir)",529553
"03/08/2022 04:48:31",27.54423,40.32521,7,0.29,"ML",2.4,"Marmara Denizi - Erdek Körfezi - [07.13 km] Gönen (Balıkesir)",529554
"02/08/2022 21:13:25",27.33776,40.7288,7,0.3,"ML",1.8,"Marmara Denizi - [01.18 km] Şarköy (Tekirdağ)",529547
"01/08/2022 09:25:53",29.18382,40.4081,7.01,0.27,"ML",2,"Gemlik (Bursa)",529484
"30/07/2022 16:19:58",26.27044,40.4171,7,0.26,"ML",2,"Ege Denizi - Saros Körfezi - [11.89 km] Eceabat (Çanakkale)",529437
"30/07/2022 02:44:29",27.03863,40.07322,7.16,0.36,"ML",1.2,"Çan (Çanakkale)",529407
"30/07/2022 02:44:19",28.18813,40.89155,7.01,0.5,"ML",1.6,"Marmara Denizi - [19.38 km] Silivri (İstanbul)",529408
"29/07/2022 21:02:23",28.83266,40.59242,17.38,0.36,"ML",1.6,"Marmara Denizi - [03.90 km] Armutlu (Yalova)",529391
"29/07/2022 14:51:22",27.7347,40.33322,7,0.4,"ML",1.6,"Marmara Denizi - Erdek Körfezi - [04.88 km] Bandırma (Balıkesir)",529380
"29/07/2022 12:09:14",27.02595,40.02855,6.99,0.43,"ML",1,"Çan (Çanakkale)",529372
"29/07/2022 06:22:55",28.90153,40.57253,15.3,0.58,"ML",2,"Armutlu (Yalova)",529365
"29/07/2022 04:39:50",27.81013,40.80075,6.99,0.47,"ML",2.2,"Marmara Denizi - [20.27 km] Marmaraereğlisi (Tekirdağ)",529362
"28/07/2022 20:41:28",27.22357,40.37769,7,0.53,"ML",2,"Biga (Çanakkale)",529356
"28/07/2022 19:37:51",27.21753,40.36275,7,0.44,"ML",2.8,"Biga (Çanakkale)",529354
"28/07/2022 19:16:04",27.22161,40.37146,7,0.59,"ML",1.4,"Biga (Çanakkale)",529355
"28/07/2022 19:10:48",27.22998,40.35666,7,0.43,"Mw",3.3,"Biga (Çanakkale)",529351
"28/07/2022 01:31:51",26.38606,40.4632,6.95,0.33,"ML",1.6,"Ege Denizi - Saros Körfezi - [10.71 km] Gelibolu (Çanakkale)",529307
"27/07/2022 20:20:36",28.79312,40.59919,20.38,0.42,"ML",2.1,"Marmara Denizi - [06.79 km] Armutlu (Yalova)",529277
"26/07/2022 15:46:37",29.91547,40.72714,7,0.29,"ML",1.2,"Marmara Denizi - İzmit Körfezi - [02.64 km] Başiskele (Kocaeli)",529232
"25/07/2022 13:32:10",29.304,40.6688,7,0.28,"ML",1.5,"Marmara Denizi - [02.01 km] Çiftlikköy (Yalova)",529169
"25/07/2022 11:58:24",27.40435,40.15163,6.99,0.28,"ML",1.8,"Gönen (Balıkesir)",529161
"25/07/2022 11:07:08",28.82884,40.04833,7.69,0.34,"ML",1.5,"Orhaneli (Bursa)",529157
"24/07/2022 20:32:33",27.40547,40.1588,7,0.19,"ML",1.9,"Gönen (Balıkesir)",529126
"24/07/2022 17:38:19",27.41848,40.34048,6.99,0.37,"ML",1.5,"Marmara Denizi - Erdek Körfezi - [05.02 km] Biga (Çanakkale)",529124
"23/07/2022 00:21:22",27.41818,40.16015,7,0.42,"ML",1.3,"Gönen (Balıkesir)",529067
"22/07/2022 18:56:29",27.6803,40.07084,7.03,0.25,"ML",2.7,"Gönen (Balıkesir)",529057
"22/07/2022 18:55:30",27.69162,40.07061,7.02,0.3,"ML",3.3,"Gönen (Balıkesir)",529056
"22/07/2022 16:50:13",27.41071,40.17073,7,0.28,"ML",1.6,"Gönen (Balıkesir)",529053
"22/07/2022 15:04:57",27.39829,40.14712,7,0.53,"ML",1.4,"Gönen (Balıkesir)",529052
"22/07/2022 14:23:43",27.31066,40.12529,7,0.15,"ML",1,"Biga (Çanakkale)",529049
"22/07/2022 08:45:03",27.22074,40.1762,7.01,0.31,"ML",1.9,"Biga (Çanakkale)",529035
"22/07/2022 05:27:40",27.41045,40.14014,7,0.5,"ML",1.1,"Gönen (Balıkesir)",529026
"22/07/2022 04:18:19",27.41231,40.1617,7,0.5,"ML",1.5,"Gönen (Balıkesir)",529020
"22/07/2022 00:25:00",27.32328,40.16196,6.99,0.41,"ML",1.3,"Biga (Çanakkale)",529017
"21/07/2022 23:42:38",27.43383,40.09894,6.74,0.3,"ML",1.6,"Gönen (Balıkesir)",529016
"21/07/2022 21:55:51",27.4173,40.14679,7,0.44,"ML",2.1,"Gönen (Balıkesir)",529012
"21/07/2022 20:50:28",27.40867,40.16179,7,0.41,"ML",1.3,"Gönen (Balıkesir)",529010
"21/07/2022 20:01:30",27.4017,40.15234,7,0.34,"ML",1.4,"Gönen (Balıkesir)",529009
"21/07/2022 19:15:49",27.40919,40.17074,7,0.39,"ML",1,"Gönen (Balıkesir)",529008
"21/07/2022 19:05:03",27.40578,40.16257,7,0.5,"ML",1.5,"Gönen (Balıkesir)",529007
"21/07/2022 18:58:39",27.40857,40.15981,7,0.37,"ML",1.3,"Gönen (Balıkesir)",529006
"21/07/2022 18:51:19",27.39734,40.1413,7,0.33,"ML",1.6,"Gönen (Balıkesir)",529005
"21/07/2022 18:49:02",27.38483,40.13553,7,0.24,"ML",1.5,"Gönen (Balıkesir)",529004
"21/07/2022 18:48:09",27.38989,40.13432,7,0.39,"ML",1.7,"Gönen (Balıkesir)",529003
"21/07/2022 18:44:23",27.40228,40.15337,12.32,0.42,"Mw",4.6,"Gönen (Balıkesir)",528999
"21/07/2022 18:42:41",27.40079,40.14639,7,0.54,"ML",2.5,"Gönen (Balıkesir)",529001
"21/07/2022 18:41:44",27.4069,40.15831,7,0.46,"ML",2.5,"Gönen (Balıkesir)",529000
"21/07/2022 10:39:57",28.70406,40.03348,6.83,0.24,"ML",1.4,"Mustafakemalpaşa (Bursa)",528988
"21/07/2022 04:21:08",29.25035,40.68205,7.13,0.23,"ML",1.7,"Marmara Denizi - [03.80 km] Merkez (Yalova)",528982
"20/07/2022 12:13:59",28.98643,40.40056,6.9,0.4,"ML",2,"Marmara Denizi - Gemlik Körfezi - [05.74 km] Gemlik (Bursa)",528972
"20/07/2022 04:54:31",27.74792,40.42575,7.01,0.74,"ML",1.5,"Erdek (Balıkesir)",528958
"20/07/2022 01:14:39",29.29232,40.6455,7.53,0.52,"ML",2.7,"Merkez (Yalova)",528940
"19/07/2022 21:51:33",27.6813,40.07211,8.92,0.32,"ML",3,"Gönen (Balıkesir)",528931
"19/07/2022 09:11:52",29.25414,40.51429,7,0.34,"ML",1.6,"Orhangazi (Bursa)",528896
"18/07/2022 14:06:58",28.663,40.03773,7.14,0.19,"ML",1.3,"Mustafakemalpaşa (Bursa)",528872
"18/07/2022 10:32:49",27.05935,40.35749,7,0.52,"ML",1.1,"Biga (Çanakkale)",528870
"18/07/2022 09:22:49",27.23402,40.36925,6.98,0.74,"ML",1.2,"Biga (Çanakkale)",528867
"17/07/2022 20:07:50",27.41979,40.69689,5.98,0.21,"ML",2.4,"Marmara Denizi - [09.11 km] Şarköy (Tekirdağ)",528854
"17/07/2022 14:20:58",27.41932,40.14634,7,0.43,"ML",1.5,"Gönen (Balıkesir)",528828
"17/07/2022 04:59:50",27.39601,40.1556,7,0.21,"ML",1.2,"Gönen (Balıkesir)",528814
"17/07/2022 04:51:11",27.41118,40.14419,7,0.8,"ML",2.1,"Gönen (Balıkesir)",528817
"16/07/2022 05:44:14",27.36314,40.23582,7,0.44,"ML",1.1,"Biga (Çanakkale)",528782
"16/07/2022 04:52:52",27.99953,40.24383,7,0.42,"ML",1,"Bandırma (Balıkesir)",528775
"16/07/2022 04:22:29",28.34284,40.83963,7,0.47,"ML",1.1,"Marmara Denizi - [21.96 km] Büyükçekmece (İstanbul)",528774
"15/07/2022 01:06:00",27.32577,40.55991,6.46,0.54,"ML",1.1,"Marmara Denizi - [13.61 km] Şarköy (Tekirdağ)",528673
"11/07/2022 03:48:03",27.63544,40.77553,7,0.41,"ML",1.4,"Marmara Denizi - [14.52 km] Marmara (Balıkesir)",528532
"10/07/2022 23:18:26",28.03447,40.26982,12.78,0.44,"ML",2.3,"Bandırma (Balıkesir)",528512
"10/07/2022 21:24:48",27.90161,40.32985,7.21,0.32,"ML",1.1,"Bandırma (Balıkesir)",528501
"10/07/2022 09:36:33",29.11338,40.27279,7,0.34,"ML",0.9,"Osmangazi (Bursa)",528463
"08/07/2022 15:47:53",28.65703,40.01839,7,0.51,"ML",1.1,"Mustafakemalpaşa (Bursa)",528411
"08/07/2022 10:25:10",28.13388,40.72632,7.01,0.4,"ML",1.7,"Marmara Denizi - [29.89 km] Erdek (Balıkesir)",528402
"08/07/2022 06:53:44",27.98912,40.65516,7.08,0.65,"ML",1.4,"Marmara Denizi - [18.93 km] Erdek (Balıkesir)",528392
"08/07/2022 06:42:42",28.10095,40.6971,10.36,0.48,"ML",2,"Marmara Denizi - [26.05 km] Erdek (Balıkesir)",528394
"07/07/2022 21:11:53",27.928,40.80939,7.01,0.34,"ML",1.4,"Marmara Denizi - [16.93 km] Marmaraereğlisi (Tekirdağ)",528381
"07/07/2022 15:36:33",28.89282,40.2056,7.03,0.19,"ML",1.4,"Nilüfer (Bursa)",528370
"07/07/2022 09:24:27",29.0227,40.7715,14.77,0.27,"ML",2,"Marmara Denizi - [09.60 km] Adalar (İstanbul)",528364
"07/07/2022 07:45:36",28.11208,40.71642,7.07,0.22,"ML",1.5,"Marmara Denizi - [28.29 km] Erdek (Balıkesir)",528362
"06/07/2022 12:48:22",28.82254,40.15579,7,0.36,"ML",1.3,"Nilüfer (Bursa)",528341
"05/07/2022 21:53:54",27.29829,40.15046,7,0.5,"ML",1.7,"Biga (Çanakkale)",528292
"05/07/2022 21:25:15",28.0818,40.83871,7.08,0.68,"ML",1.5,"Marmara Denizi - [17.18 km] Marmaraereğlisi (Tekirdağ)",528293
"05/07/2022 18:54:18",29.5388,40.92222,7,0.39,"ML",1.1,"Gebze (Kocaeli)",528289
"03/07/2022 20:36:50",27.38768,40.75977,6.98,0.42,"ML",2.8,"Marmara Denizi - [04.33 km] Şarköy (Tekirdağ)",528207
"03/07/2022 06:42:30",29.14907,40.37475,7.03,0.16,"ML",1.7,"Gemlik (Bursa)",528196
"02/07/2022 22:42:26",26.48611,40.50189,7,0.33,"ML",1.7,"Ege Denizi - Saros Körfezi - [09.57 km] Gelibolu (Çanakkale)",528185
"02/07/2022 11:49:39",27.29907,40.52617,7,0.6,"ML",1.3,"Marmara Denizi - [13.94 km] Biga (Çanakkale)",528152
"02/07/2022 08:00:49",28.89943,40.20015,11.88,0.45,"ML",1.6,"Nilüfer (Bursa)",528143
"02/07/2022 03:56:37",29.0436,40.4182,7.06,0.29,"ML",1.3,"Marmara Denizi - Gemlik Körfezi - [03.98 km] Gemlik (Bursa)",528124
"02/07/2022 02:45:19",27.43002,40.74755,7,0.47,"ML",1.9,"Marmara Denizi - [08.21 km] Şarköy (Tekirdağ)",528119
"30/06/2022 00:05:15",27.98171,40.46885,7,0.43,"ML",1.1,"Erdek (Balıkesir)",528011
"27/06/2022 00:27:25",29.16034,40.68806,7,0.46,"ML",1.1,"Marmara Denizi - [04.02 km] Çınarcık (Yalova)",527887
"26/06/2022 19:19:57",27.67749,40.77538,7,0.48,"ML",2.5,"Marmara Denizi - [14.35 km] Marmara (Balıkesir)",527881
"26/06/2022 07:12:10",28.89264,40.346,11.88,0.58,"ML",1.7,"Mudanya (Bursa)",527856
"25/06/2022 21:35:01",29.07127,40.7173,15.38,0.63,"ML",1.7,"Marmara Denizi - [08.46 km] Çınarcık (Yalova)",527845
"25/06/2022 21:34:52",29.07095,40.71112,11.35,0.55,"ML",1.4,"Marmara Denizi - [07.65 km] Çınarcık (Yalova)",527846
"25/06/2022 15:08:00",27.82722,40.7159,7,0.47,"ML",1.3,"Marmara Denizi - [15.69 km] Marmara (Balıkesir)",527834
"25/06/2022 13:28:27",29.209,40.52574,7.82,0.4,"ML",1,"Merkez (Yalova)",527827
"25/06/2022 09:17:07",28.92543,40.61252,12.66,0.16,"ML",1.3,"Marmara Denizi - [01.75 km] Çınarcık (Yalova)",527802
"22/06/2022 19:20:37",28.07888,40.71215,6.98,0.32,"ML",1.4,"Marmara Denizi - [26.36 km] Erdek (Balıkesir)",527709
"22/06/2022 13:13:27",27.21853,40.07404,14.36,0.42,"ML",1.1,"Çan (Çanakkale)",527684
"22/06/2022 09:38:19",27.20914,40.07011,7,0.36,"ML",1.6,"Çan (Çanakkale)",527673
"22/06/2022 09:37:51",27.21236,40.0655,7,0.43,"ML",1.3,"Çan (Çanakkale)",527672
"22/06/2022 09:25:20",27.2132,40.05724,14.68,0.2,"ML",1,"Çan (Çanakkale)",527671
"21/06/2022 22:49:23",27.78844,40.75032,7.01,0.55,"ML",1.6,"Marmara Denizi - [16.52 km] Marmara (Balıkesir)",527645
"21/06/2022 22:48:59",27.12365,40.3491,6.98,0.37,"ML",1.3,"Biga (Çanakkale)",527644
"20/06/2022 17:04:15",28.55034,40.07626,9.4,0.49,"ML",1.5,"Mustafakemalpaşa (Bursa)",527590
"19/06/2022 19:37:17",28.09261,40.67414,6.98,0.38,"ML",2,"Marmara Denizi - [23.57 km] Erdek (Balıkesir)",527544
"18/06/2022 01:14:07",29.1352,40.63175,7,0.78,"ML",1.4,"Çınarcık (Yalova)",527490
"16/06/2022 12:55:20",27.98847,40.80404,7.03,0.81,"ML",1.8,"Marmara Denizi - [17.75 km] Marmaraereğlisi (Tekirdağ)",527438
"16/06/2022 11:42:22",29.29043,40.47086,5.26,0.9,"ML",1.3,"Orhangazi (Bursa)",527434
"16/06/2022 05:21:52",27.49785,40.764,6.99,0.69,"ML",1.9,"Marmara Denizi - [10.60 km] Süleymanpaşa (Tekirdağ)",527411
"15/06/2022 13:25:44",28.89695,40.04858,7.34,0.54,"ML",1.4,"Orhaneli (Bursa)",527385
"15/06/2022 06:09:14",27.44362,40.68441,11.43,0.58,"ML",1.4,"Marmara Denizi - [11.06 km] Marmara (Balıkesir)",527363
"15/06/2022 00:25:41",27.08343,40.62913,8.32,0.32,"ML",1.1,"Şarköy (Tekirdağ)",527343
"14/06/2022 09:28:16",27.42309,40.69028,10.13,0.55,"ML",1.3,"Marmara Denizi - [09.96 km] Şarköy (Tekirdağ)",527307
"13/06/2022 10:30:54",27.79329,40.7987,7.01,0.3,"ML",2.3,"Marmara Denizi - [20.73 km] Marmara (Balıkesir)",527264
"12/06/2022 10:59:18",27.40686,40.79038,7.03,0.4,"ML",1.7,"Marmara Denizi - [03.15 km] Süleymanpaşa (Tekirdağ)",527204
"12/06/2022 02:35:47",26.29838,40.41717,7.01,0.22,"ML",1.3,"Ege Denizi - Saros Körfezi - [11.11 km] Eceabat (Çanakkale)",527193
"11/06/2022 21:44:06",27.70519,40.2,7.01,0.37,"ML",1.8,"Gönen (Balıkesir)",527175
"11/06/2022 18:09:45",27.4469,40.70267,9.78,0.28,"ML",1.9,"Marmara Denizi - [10.83 km] Şarköy (Tekirdağ)",527169
"11/06/2022 13:12:28",27.43588,40.77389,6.98,0.5,"ML",1.5,"Marmara Denizi - [06.06 km] Süleymanpaşa (Tekirdağ)",527155
"10/06/2022 21:55:31",27.99105,40.7326,7.31,0.61,"ML",1.8,"Marmara Denizi - [26.14 km] Marmaraereğlisi (Tekirdağ)",527119
"10/06/2022 09:39:00",28.79681,40.08562,6.97,0.36,"ML",1.8,"Nilüfer (Bursa)",527089
"09/06/2022 16:57:34",28.91882,40.4268,6.99,0.58,"ML",2,"Marmara Denizi - Gemlik Körfezi - [04.97 km] Armutlu (Yalova)",527065
"09/06/2022 13:23:51",28.70757,40.006,5.59,0.59,"ML",1.4,"Mustafakemalpaşa (Bursa)",527060
"06/06/2022 10:26:55",28.6556,40.0088,5.9,0.9,"ML",1.6,"Mustafakemalpaşa (Bursa)",526906
"05/06/2022 14:56:10",27.00655,40.22716,6.36,0.23,"ML",1.9,"Biga (Çanakkale)",526882
"05/06/2022 14:51:06",28.41654,40.8665,7.03,0.24,"ML",1.3,"Marmara Denizi - [16.21 km] Büyükçekmece (İstanbul)",526883
"05/06/2022 05:15:19",27.50562,40.26268,6.93,0.36,"ML",2.5,"Gönen (Balıkesir)",526870
"04/06/2022 18:21:52",27.6976,40.77796,7.03,0.49,"ML",2.5,"Marmara Denizi - [14.76 km] Marmara (Balıkesir)",526864
"04/06/2022 16:01:42",28.27164,40.85047,6.99,0.49,"ML",2.5,"Marmara Denizi - [23.52 km] Silivri (İstanbul)",526862
"04/06/2022 08:21:52",28.9507,40.61039,8.77,0.27,"ML",1.7,"Çınarcık (Yalova)",526845
"04/06/2022 03:12:41",27.80489,40.10612,5.91,0.45,"ML",1.4,"Gönen (Balıkesir)",526806
"01/06/2022 20:52:47",27.0466,40.26787,7,0.3,"ML",1.7,"Biga (Çanakkale)",526691
"01/06/2022 17:11:42",27.04745,40.26699,7,0.17,"ML",1.2,"Biga (Çanakkale)",526685
"01/06/2022 16:30:57",27.05023,40.25041,7.02,0.32,"ML",2,"Biga (Çanakkale)",526684
"01/06/2022 11:48:00",27.04277,40.2552,12.01,0.25,"ML",1.8,"Biga (Çanakkale)",526669
"31/05/2022 22:33:16",28.15301,40.8449,6.98,0.57,"ML",2.1,"Marmara Denizi - [21.37 km] Marmaraereğlisi (Tekirdağ)",526647
"30/05/2022 23:47:46",28.85994,40.05527,6.99,0.38,"ML",1.5,"Orhaneli (Bursa)",526601
"29/05/2022 17:46:53",27.21013,40.14534,7.04,0.27,"ML",1.4,"Biga (Çanakkale)",526524
"29/05/2022 17:12:37",27.42167,40.6908,7,0.21,"ML",1.9,"Marmara Denizi - [10.10 km] Şarköy (Tekirdağ)",526522
"29/05/2022 00:49:39",27.14279,40.33771,7,0.36,"ML",1.5,"Biga (Çanakkale)",526504
"28/05/2022 08:53:08",27.60571,40.38565,7,0.58,"ML",2.2,"Marmara Denizi - Erdek Körfezi - [07.85 km] Erdek (Balıkesir)",526476
"27/05/2022 19:41:06",27.2134,40.13029,7,0.52,"ML",1.3,"Biga (Çanakkale)",526459
"27/05/2022 19:16:08",27.21798,40.12968,7,0.4,"ML",2.2,"Biga (Çanakkale)",526455
"27/05/2022 18:55:04",27.2246,40.1558,6.98,0.4,"ML",1.4,"Biga (Çanakkale)",526457
"27/05/2022 11:43:48",28.44923,40.71048,7.01,0.42,"ML",2.4,"Marmara Denizi - [31.80 km] Büyükçekmece (İstanbul)",526430
"27/05/2022 08:01:01",26.99067,40.05517,7.04,0.31,"ML",1.2,"Çan (Çanakkale)",526412
"26/05/2022 23:39:11",27.34528,40.7175,7.02,0.26,"ML",1.3,"Marmara Denizi - [02.99 km] Şarköy (Tekirdağ)",526375
"26/05/2022 18:47:38",28.98604,40.79339,7,0.42,"ML",2.2,"Marmara Denizi - [06.97 km] Adalar (İstanbul)",526355
"26/05/2022 18:46:52",29.02629,40.80404,6.99,0.38,"ML",1.5,"Marmara Denizi - [07.00 km] Adalar (İstanbul)",526356
"24/05/2022 11:52:46",29.29308,40.4721,5.48,0.21,"ML",1.2,"Orhangazi (Bursa)",526266
"24/05/2022 02:59:54",27.74898,40.57127,7.04,0.56,"ML",1.7,"Marmara Denizi - [05.72 km] Marmara (Balıkesir)",526259
"23/05/2022 17:08:28",28.87762,40.59483,7.01,0.42,"ML",2.1,"Marmara Denizi - [02.93 km] Armutlu (Yalova)",526243
"22/05/2022 21:00:57",27.5008,40.47466,14.53,0.35,"ML",1.5,"Marmara Denizi, Avşa Adası, Marmara (Balıkesir)",526212
"20/05/2022 22:00:51",27.8473,40.7919,7.02,0.55,"ML",1.9,"Marmara Denizi - [19.96 km] Marmaraereğlisi (Tekirdağ)",526115
"20/05/2022 19:15:24",27.49484,40.83049,7,0.56,"ML",1.7,"Marmara Denizi - [04.61 km] Süleymanpaşa (Tekirdağ)",526107
"19/05/2022 10:49:46",29.29354,40.46199,8.27,0.1,"ML",1.1,"Orhangazi (Bursa)",526025
"19/05/2022 02:19:29",27.42194,40.00542,7,0.27,"ML",1.6,"Yenice (Çanakkale)",526012
"17/05/2022 20:17:44",27.04359,40.38384,7.18,0.27,"ML",1.2,"Biga (Çanakkale)",525979
"17/05/2022 18:28:16",29.65102,40.89901,14.29,0.87,"ML",1.1,"Gebze (Kocaeli)",525970
"17/05/2022 13:54:42",27.31987,40.3802,6.98,0.52,"ML",1.6,"Marmara Denizi - Erdek Körfezi - [03.10 km] Biga (Çanakkale)",525962
"16/05/2022 13:12:23",27.47205,40.29594,7,0.3,"ML",1.1,"Biga (Çanakkale)",525919
"16/05/2022 13:09:38",29.17842,40.49003,7.23,0.63,"ML",1.3,"Gemlik (Bursa)",525918
"16/05/2022 04:24:39",28.51933,40.39932,6.96,0.14,"ML",1.2,"Marmara Denizi - [04.24 km] Karacabey (Bursa)",525895
"15/05/2022 20:33:53",27.92754,40.45603,7,0.39,"ML",2.4,"Erdek (Balıkesir)",525882
"13/05/2022 19:54:49",28.91637,40.87095,7.06,0.38,"ML",1.6,"Marmara Denizi - [06.24 km] Adalar (İstanbul)",525779
"12/05/2022 23:35:04",28.60937,40.07542,7,0.27,"ML",1.1,"Mustafakemalpaşa (Bursa)",525743
"12/05/2022 21:49:13",27.39025,40.53586,7,0.34,"ML",1.3,"Marmara Denizi - [07.83 km] Marmara (Balıkesir)",525735
"12/05/2022 07:07:17",26.00026,40.58588,7,0.94,"ML",1.2,"Ege Denizi - [13.19 km] Enez (Edirne)",525711
"12/05/2022 04:53:32",27.09669,40.35594,7,0.43,"ML",1.4,"Biga (Çanakkale)",525701
"11/05/2022 22:57:36",27.83038,40.79152,7.01,0.41,"ML",1.3,"Marmara Denizi - [21.09 km] Marmaraereğlisi (Tekirdağ)",525687
"11/05/2022 17:37:17",28.48989,40.43445,7.01,0.47,"ML",1.5,"Marmara Denizi - [08.51 km] Karacabey (Bursa)",525667
"11/05/2022 09:54:50",27.80973,40.30899,7,0.18,"ML",1.3,"Bandırma (Balıkesir)",525643
"10/05/2022 14:57:06",28.98043,40.59747,12.46,0.27,"ML",2.3,"Çınarcık (Yalova)",525605
"10/05/2022 08:31:34",27.80065,40.09341,7,0.24,"ML",1.5,"Manyas (Balıkesir)",525592
"10/05/2022 05:01:04",28.58227,40.07251,7,0.35,"ML",1.3,"Mustafakemalpaşa (Bursa)",525588
"10/05/2022 02:58:25",28.91416,40.58418,7.28,0.48,"ML",1.6,"Çınarcık (Yalova)",525584
"08/05/2022 20:28:01",27.08059,40.51394,7.01,0.51,"ML",2.4,"Marmara Denizi - [10.09 km] Şarköy (Tekirdağ)",525549
"07/05/2022 04:23:22",27.77056,40.78011,7,0.43,"ML",1.5,"Marmara Denizi - [17.59 km] Marmara (Balıkesir)",525464
"06/05/2022 22:38:03",29.12341,40.5992,12.52,0.11,"ML",1.2,"Çınarcık (Yalova)",525456
"06/05/2022 18:44:44",29.03406,40.46332,7.23,0.28,"ML",2,"Marmara Denizi - Gemlik Körfezi - [00.96 km] Gemlik (Bursa)",525448
"05/05/2022 19:57:20",27.73684,40.03005,7,0.33,"ML",1.2,"Gönen (Balıkesir)",525420
"05/05/2022 04:05:20",27.11756,40.3985,6.99,0.32,"ML",1.9,"Biga (Çanakkale)",525388
"03/05/2022 12:21:48",29.6461,40.21793,7,0.26,"ML",1.1,"Yenişehir (Bursa)",525277
"03/05/2022 11:17:33",29.63562,40.2513,7,0.43,"ML",2,"Yenişehir (Bursa)",525273
"01/05/2022 13:35:15",27.04644,40.26239,7,0.33,"ML",1.9,"Biga (Çanakkale)",525190
"01/05/2022 12:58:42",27.76447,40.7825,7.03,0.25,"ML",1.8,"Marmara Denizi - [17.02 km] Marmara (Balıkesir)",525189
"30/04/2022 06:35:54",27.71509,40.79251,7.01,0.49,"Mw",3.4,"Marmara Denizi - [17.02 km] Marmara (Balıkesir)",525145
"29/04/2022 11:34:21",28.63735,40.02946,7,0.2,"ML",1,"Mustafakemalpaşa (Bursa)",525103
"29/04/2022 09:43:24",28.6966,40.76283,7.02,0.4,"ML",1.8,"Marmara Denizi - [22.87 km] Beylikdüzü (İstanbul)",525095
"29/04/2022 08:53:14",28.51178,40.41286,7,0.28,"ML",1.7,"Marmara Denizi - [05.90 km] Karacabey (Bursa)",525093
"28/04/2022 18:01:47",29.76817,40.85946,9.5,0.42,"ML",1,"Körfez (Kocaeli)",525014
"27/04/2022 22:07:18",28.60526,40.0531,7,0.12,"ML",1.5,"Mustafakemalpaşa (Bursa)",524976
"27/04/2022 17:02:20",28.80907,40.39951,9.23,0.4,"ML",2.1,"Marmara Denizi - Gemlik Körfezi - [02.67 km] Mudanya (Bursa)",524968
"26/04/2022 22:06:44",28.59785,40.04674,7.02,0.39,"ML",2.2,"Mustafakemalpaşa (Bursa)",524927
"26/04/2022 19:50:21",27.18801,40.2444,7.06,0.53,"ML",1.6,"Biga (Çanakkale)",524924
"26/04/2022 01:51:43",27.42789,40.63594,6.93,0.13,"ML",1.1,"Marmara Denizi - [09.34 km] Marmara (Balıkesir)",524894
"26/04/2022 01:46:51",27.46433,40.68888,16.28,0.33,"ML",1.4,"Marmara Denizi - [10.77 km] Marmara (Balıkesir)",524893
"26/04/2022 01:45:44",27.42183,40.69195,7.01,0.47,"ML",1.5,"Marmara Denizi - [09.48 km] Şarköy (Tekirdağ)",524892
"25/04/2022 23:47:25",27.4538,40.65615,7,0.5,"ML",1.2,"Marmara Denizi - [09.12 km] Marmara (Balıkesir)",524886
"25/04/2022 23:21:00",27.41639,40.67947,7,0.29,"ML",1.3,"Marmara Denizi - [09.70 km] Şarköy (Tekirdağ)",524885
"25/04/2022 22:26:13",27.42627,40.67,12.2,0.38,"ML",1.5,"Marmara Denizi - [10.70 km] Şarköy (Tekirdağ)",524883
"25/04/2022 07:54:34",26.92126,40.58334,7,0.26,"ML",1,"Gelibolu (Çanakkale)",524859
"23/04/2022 15:11:32",28.72658,40.06269,7.01,0.26,"ML",2.3,"Mustafakemalpaşa (Bursa)",524769
"23/04/2022 13:07:16",29.95024,40.88006,7,0.53,"ML",0.9,"İzmit (Kocaeli)",524762
"23/04/2022 13:03:15",29.95505,40.8828,7,0.34,"ML",0.8,"İzmit (Kocaeli)",524761
"23/04/2022 10:55:18",29.2836,40.48391,5.86,0.3,"ML",1.1,"Orhangazi (Bursa)",524741
"22/04/2022 21:11:54",28.63331,40.05838,7,0.34,"ML",1.8,"Mustafakemalpaşa (Bursa)",524711
"22/04/2022 18:34:36",26.30831,40.41627,6.96,0.59,"ML",1.8,"Ege Denizi - Saros Körfezi - [10.57 km] Eceabat (Çanakkale)",524708
"22/04/2022 09:34:35",26.31417,40.4215,7,0.25,"ML",1.9,"Ege Denizi - Saros Körfezi - [11.52 km] Eceabat (Çanakkale)",524683
"22/04/2022 08:24:59",26.32191,40.38943,7.01,0.15,"ML",1.8,"Ege Denizi - Saros Körfezi - [08.13 km] Eceabat (Çanakkale)",524680
"22/04/2022 02:12:32",26.30335,40.4263,7.06,0.41,"ML",1.5,"Ege Denizi - Saros Körfezi - [11.55 km] Eceabat (Çanakkale)",524669
"22/04/2022 00:54:59",26.30947,40.43519,6.87,0.34,"ML",2.2,"Ege Denizi - Saros Körfezi - [12.56 km] Eceabat (Çanakkale)",524662
"22/04/2022 00:47:02",27.38096,40.63977,7,0.3,"ML",1.4,"Marmara Denizi - [09.72 km] Şarköy (Tekirdağ)",524663
"21/04/2022 20:52:03",27.73184,40.5495,6.64,0.22,"ML",1.1,"Marmara Denizi - [04.78 km] Erdek (Balıkesir)",524655
"21/04/2022 11:31:10",29.27,40.44959,2.6,1,"ML",1.5,"Orhangazi (Bursa)",524626
"21/04/2022 01:07:57",27.37656,40.64058,7,0.17,"ML",1.2,"Marmara Denizi - [09.50 km] Şarköy (Tekirdağ)",524602
"20/04/2022 23:09:43",27.76475,40.59184,7.12,0.58,"ML",1.7,"Marmara Denizi - [05.74 km] Marmara (Balıkesir)",524597
"20/04/2022 23:04:18",27.77108,40.587,7,0.41,"ML",2.6,"Marmara Denizi - [06.14 km] Marmara (Balıkesir)",524593
"20/04/2022 05:16:04",28.65226,40.0413,7,0.3,"ML",1.4,"Mustafakemalpaşa (Bursa)",524559
"19/04/2022 15:11:25",29.53898,40.84102,11.65,0.23,"ML",1.3,"Dilovası (Kocaeli)",524534
"19/04/2022 15:05:47",28.226,40.83529,7.06,0.61,"ML",1.3,"Marmara Denizi - [24.95 km] Silivri (İstanbul)",524535
"18/04/2022 20:41:50",28.27896,40.87862,7.03,0.53,"ML",2.5,"Marmara Denizi - [20.51 km] Silivri (İstanbul)",524486
"18/04/2022 19:44:21",28.61794,40.0572,7.01,0.22,"ML",2,"Mustafakemalpaşa (Bursa)",524483
"18/04/2022 05:06:19",29.00092,40.71911,7.45,0.6,"ML",1.5,"Marmara Denizi - [10.51 km] Çınarcık (Yalova)",524456
"18/04/2022 03:31:05",28.60953,40.05529,7.02,0.45,"ML",1.6,"Mustafakemalpaşa (Bursa)",524452
"15/04/2022 22:11:39",28.88354,40.17293,11.34,0.46,"ML",1.6,"Nilüfer (Bursa)",524328
"15/04/2022 20:36:59",27.24,40.61766,12.15,0.49,"ML",1.4,"Marmara Denizi - [04.61 km] Şarköy (Tekirdağ)",524321
"15/04/2022 00:49:08",28.73944,40.23897,5.08,0.52,"ML",1.5,"Nilüfer (Bursa)",524293
"14/04/2022 20:36:16",27.83951,40.42,7.01,0.48,"ML",2,"Erdek (Balıkesir)",524285
"14/04/2022 16:04:08",27.9336,40.80619,6.99,0.53,"ML",2,"Marmara Denizi - [17.16 km] Marmaraereğlisi (Tekirdağ)",524273
"14/04/2022 12:11:05",29.56661,40.74843,11.02,0.79,"ML",1.2,"Marmara Denizi - İzmit Körfezi - [02.20 km] Dilovası (Kocaeli)",524261
"14/04/2022 09:48:39",27.59119,40.45174,6.82,0.85,"ML",1.2,"Marmara Denizi - [02.05 km] Erdek (Balıkesir)",524251
"14/04/2022 09:21:08",26.3485,40.45469,7,0.31,"ML",1.3,"Ege Denizi - Saros Körfezi - [12.66 km] Gelibolu (Çanakkale)",524249
"13/04/2022 21:30:46",26.55197,40.49836,7,0.44,"ML",1.4,"Ege Denizi - Saros Körfezi - [04.63 km] Gelibolu (Çanakkale)",524231
"13/04/2022 20:53:28",27.35655,40.55614,7,0.57,"ML",1.7,"Marmara Denizi - [10.48 km] Marmara (Balıkesir)",524230
"13/04/2022 19:23:57",29.26664,40.69641,7,0.26,"ML",1.3,"Marmara Denizi - [04.82 km] Merkez (Yalova)",524229
"13/04/2022 08:50:46",28.74762,40.18807,7,0.24,"ML",1.4,"Nilüfer (Bursa)",524221
"13/04/2022 06:33:14",28.93266,40.01655,5.53,0.12,"ML",1,"Orhaneli (Bursa)",524213
"12/04/2022 19:47:32",26.48722,40.50606,7.03,0.35,"ML",2,"Ege Denizi - Saros Körfezi - [09.65 km] Gelibolu (Çanakkale)",524161
"12/04/2022 18:07:55",29.01127,40.5868,10.22,0.36,"ML",1.2,"Çınarcık (Yalova)",524150
"12/04/2022 10:12:46",29.96717,40.03877,7.01,0.31,"ML",1,"Merkez (Bilecik)",524127
"12/04/2022 09:20:37",29.24579,40.5374,7.05,0.4,"ML",1.3,"Merkez (Yalova)",524124
"12/04/2022 07:49:23",26.50292,40.51241,7,0.4,"ML",1.3,"Ege Denizi - Saros Körfezi - [08.72 km] Gelibolu (Çanakkale)",524121
"10/04/2022 21:22:15",27.46243,40.70292,6.82,0.59,"ML",2.3,"Marmara Denizi - [11.87 km] Şarköy (Tekirdağ)",524060
"09/04/2022 15:36:09",27.98598,40.33851,4.98,0.23,"ML",1.5,"Bandırma (Balıkesir)",523934
"09/04/2022 10:10:03",27.48903,40.74796,7.02,0.42,"ML",1.7,"Marmara Denizi - [11.30 km] Süleymanpaşa (Tekirdağ)",523906
"09/04/2022 01:00:26",27.60281,40.57201,7,0.17,"ML",1.2,"Marmara Denizi - [01.31 km] Marmara (Balıkesir)",523882
"08/04/2022 21:48:12",28.63637,40.03273,7,0.37,"ML",1.1,"Mustafakemalpaşa (Bursa)",523872
"07/04/2022 16:27:57",28.63944,40.04769,11.55,0.34,"ML",2.9,"Mustafakemalpaşa (Bursa)",523820
"07/04/2022 15:36:56",28.62981,40.05282,10.62,0.34,"ML",3,"Mustafakemalpaşa (Bursa)",523819
"07/04/2022 15:27:45",28.64165,40.04827,12.32,0.32,"ML",3,"Mustafakemalpaşa (Bursa)",523817
"07/04/2022 03:36:17",28.69596,40.89087,7.01,0.45,"ML",1.7,"Marmara Denizi - [08.89 km] Beylikdüzü (İstanbul)",523779
"07/04/2022 03:21:44",26.09729,40.38409,7,0.37,"ML",1.2,"Ege Denizi - [20.43 km] Eceabat (Çanakkale)",523784
"05/04/2022 17:49:45",27.77385,40.57457,7.71,0.39,"ML",3.1,"Marmara Denizi - [07.16 km] Erdek (Balıkesir)",523711
"05/04/2022 16:40:52",27.68528,40.77449,7,0.58,"ML",1.4,"Marmara Denizi - [14.59 km] Marmara (Balıkesir)",523708
"05/04/2022 12:03:00",27.46754,40.04681,15.84,0.29,"ML",1.5,"Gönen (Balıkesir)",523695
"05/04/2022 11:55:54",28.97836,40.6549,12.09,0.37,"ML",1.8,"Marmara Denizi - [03.68 km] Çınarcık (Yalova)",523693
"05/04/2022 11:55:23",28.50637,40.03537,9.11,0.51,"ML",1.9,"Mustafakemalpaşa (Bursa)",523694
"05/04/2022 10:30:59",28.0301,40.7543,6.95,0.15,"ML",1.5,"Marmara Denizi - [24.40 km] Marmaraereğlisi (Tekirdağ)",523690
"05/04/2022 06:58:32",27.765,40.61882,7,0.61,"ML",1.3,"Marmara Denizi - [05.41 km] Marmara (Balıkesir)",523676
"05/04/2022 04:42:13",27.46093,40.69186,7,0.38,"ML",1,"Marmara Denizi - [11.17 km] Marmara (Balıkesir)",523684
"04/04/2022 20:03:00",28.66811,40.84134,7,0.37,"ML",2.6,"Marmara Denizi - [13.41 km] Beylikdüzü (İstanbul)",523655
"04/04/2022 19:58:14",28.64872,40.78649,7.08,0.59,"ML",1.4,"Marmara Denizi - [19.02 km] Beylikdüzü (İstanbul)",523734
"04/04/2022 09:54:25",28.62012,40.06208,7,0.37,"ML",1.8,"Mustafakemalpaşa (Bursa)",523629
"04/04/2022 09:01:03",27.76204,40.59005,10.27,0.29,"ML",1.5,"Marmara Denizi - [05.49 km] Marmara (Balıkesir)",523625
"03/04/2022 19:41:52",29.0941,40.63657,10.6,0.56,"ML",2,"Marmara Denizi - [00.52 km] Çınarcık (Yalova)",523566
"03/04/2022 12:20:37",28.58139,40.07201,7,0.37,"ML",2.1,"Mustafakemalpaşa (Bursa)",523555
"03/04/2022 07:17:32",26.37483,40.42927,7.06,0.56,"ML",2,"Ege Denizi - Saros Körfezi - [09.48 km] Gelibolu (Çanakkale)",523540
"03/04/2022 03:01:44",28.18376,40.81953,7,0.48,"ML",1.9,"Marmara Denizi - [25.42 km] Marmaraereğlisi (Tekirdağ)",523542
"02/04/2022 12:46:47",27.43658,40.64489,6,0.45,"ML",2.5,"Marmara Denizi - [09.54 km] Marmara (Balıkesir)",523517
"02/04/2022 07:03:25",26.22624,40.2525,6.81,0.36,"ML",1.8,"Ege Denizi - [08.36 km] Eceabat (Çanakkale)",523510
"01/04/2022 02:18:49",27.17742,40.31413,7,0.15,"ML",2.8,"Biga (Çanakkale)",523438
"31/03/2022 16:00:30",29.12216,40.70187,12.98,0.29,"ML",1.5,"Marmara Denizi - [06.94 km] Çınarcık (Yalova)",523427
"29/03/2022 21:13:00",28.18187,40.13604,6.96,0.45,"ML",2,"Karacabey (Bursa)",523354
"29/03/2022 15:01:39",26.99113,40.2015,7,0.68,"ML",1.2,"Biga (Çanakkale)",523344
"29/03/2022 04:12:38",27.21293,40.3369,7,0.33,"ML",1.3,"Biga (Çanakkale)",523320
"28/03/2022 16:47:06",28.61831,40.0615,5.89,0.33,"ML",3.1,"Mustafakemalpaşa (Bursa)",523300
"26/03/2022 22:11:56",27.65328,40.82892,6.77,0.34,"ML",1.1,"Marmara Denizi - [17.08 km] Süleymanpaşa (Tekirdağ)",523180
"26/03/2022 20:19:36",27.74738,40.53484,7.04,0.41,"ML",1.3,"Marmara Denizi - [02.43 km] Erdek (Balıkesir)",523179
"25/03/2022 07:00:17",26.35962,40.4081,6.98,0.31,"ML",1.6,"Ege Denizi - Saros Körfezi - [08.85 km] Gelibolu (Çanakkale)",523118
"25/03/2022 06:33:35",28.81495,40.62188,15.92,0.39,"ML",1.5,"Marmara Denizi - [07.41 km] Armutlu (Yalova)",523114
"25/03/2022 00:49:01",28.64142,40.0386,7.08,0.43,"ML",1.1,"Mustafakemalpaşa (Bursa)",523081
"24/03/2022 20:18:44",28.05585,40.68103,7.03,0.51,"ML",1.3,"Marmara Denizi - [22.73 km] Erdek (Balıkesir)",523058
"24/03/2022 20:18:16",28.0876,40.6868,6.97,0.41,"ML",1.5,"Marmara Denizi - [24.96 km] Erdek (Balıkesir)",523057
"24/03/2022 13:41:04",28.61897,40.06412,7,0.33,"ML",2.5,"Mustafakemalpaşa (Bursa)",523041
"24/03/2022 13:39:59",28.63001,40.06098,7,0.34,"ML",1.9,"Mustafakemalpaşa (Bursa)",523040
"24/03/2022 13:17:38",28.61464,40.02913,7.08,0.14,"ML",2.1,"Mustafakemalpaşa (Bursa)",523036
"24/03/2022 13:14:47",26.29586,40.3654,7,0.24,"ML",1.6,"Ege Denizi - Saros Körfezi - [06.27 km] Eceabat (Çanakkale)",523037
"24/03/2022 12:16:57",29.99209,40.59337,7,0.79,"ML",1,"Başiskele (Kocaeli)",523032
"24/03/2022 03:42:28",28.6045,40.059,7,0.25,"ML",2.8,"Mustafakemalpaşa (Bursa)",523016
"23/03/2022 22:43:51",27.36384,40.75842,6.95,0.18,"ML",1.5,"Marmara Denizi - [03.50 km] Şarköy (Tekirdağ)",523010
"23/03/2022 18:08:46",27.40647,40.28354,7,0.8,"ML",1.4,"Biga (Çanakkale)",523002
"23/03/2022 10:55:50",28.61439,40.06182,7,0.35,"ML",1.4,"Mustafakemalpaşa (Bursa)",522982
"23/03/2022 10:10:14",28.6218,40.04622,7.51,0.39,"ML",2.5,"Mustafakemalpaşa (Bursa)",522980
"23/03/2022 03:43:42",28.10265,40.83801,6.97,0.64,"ML",1.7,"Marmara Denizi - [18.28 km] Marmaraereğlisi (Tekirdağ)",522970
"23/03/2022 01:12:04",27.72478,40.05231,7,0.17,"ML",1.4,"Gönen (Balıkesir)",522962
"22/03/2022 22:44:26",26.12988,40.3861,7,0.39,"ML",2.5,"Ege Denizi - [18.40 km] Eceabat (Çanakkale)",522958
"22/03/2022 22:39:47",27.76587,40.54745,6.94,0.46,"ML",1.9,"Marmara Denizi - [04.19 km] Erdek (Balıkesir)",522960
"22/03/2022 17:10:55",28.62061,40.06204,7,0.35,"Mw",4.3,"Mustafakemalpaşa (Bursa)",522948
"22/03/2022 09:59:06",28.59927,40.05762,6.99,0.3,"ML",1.5,"Mustafakemalpaşa (Bursa)",522931
"22/03/2022 07:22:09",28.62834,40.06214,6.99,0.41,"Mw",3.8,"Mustafakemalpaşa (Bursa)",522922
"21/03/2022 01:12:26",27.38752,40.19808,6.99,0.38,"ML",1.7,"Biga (Çanakkale)",522859
"20/03/2022 09:44:14",29.16712,40.50804,6.99,0.59,"ML",1.7,"Gemlik (Bursa)",522816
"20/03/2022 02:10:03",27.74108,40.00157,7.02,0.36,"ML",1.8,"Gönen (Balıkesir)",522805
"19/03/2022 19:20:09",29.25818,40.45756,6.69,0.35,"ML",1.9,"Orhangazi (Bursa)",522795
"19/03/2022 04:22:54",26.9494,40.45046,5.81,0.29,"ML",2,"Marmara Denizi - [09.88 km] Lapseki (Çanakkale)",522776
"17/03/2022 17:03:34",28.36604,40.80539,6.87,0.53,"ML",2.1,"Marmara Denizi - [24.32 km] Büyükçekmece (İstanbul)",522721
"17/03/2022 03:44:37",27.39105,40.62658,7,0.62,"ML",1.1,"Marmara Denizi - [11.35 km] Şarköy (Tekirdağ)",522684
"17/03/2022 03:21:48",27.23104,40.54322,7,0.5,"ML",0.9,"Marmara Denizi - [10.38 km] Şarköy (Tekirdağ)",522679
"17/03/2022 00:12:09",28.96068,40.4538,6.96,0.76,"ML",1.4,"Marmara Denizi - Gemlik Körfezi - [00.75 km] Armutlu (Yalova)",522667
"16/03/2022 23:27:31",27.60722,40.0375,11.1,0.57,"ML",1.1,"Gönen (Balıkesir)",522655
"16/03/2022 11:14:00",27.4076,40.33899,7,0.22,"ML",2,"Marmara Denizi - Erdek Körfezi - [04.76 km] Biga (Çanakkale)",522612
"16/03/2022 09:22:27",27.44599,40.78084,6.92,0.22,"ML",1.1,"Marmara Denizi - [06.19 km] Süleymanpaşa (Tekirdağ)",522603
"13/03/2022 01:52:36",27.40034,40.02147,10.19,0.29,"ML",2,"Yenice (Çanakkale)",522463
"12/03/2022 06:55:52",28.1751,40.15956,7,0.5,"ML",1.3,"Karacabey (Bursa)",522433
"10/03/2022 17:27:30",28.6684,40.05825,7,0.27,"ML",1.3,"Mustafakemalpaşa (Bursa)",522360
"10/03/2022 02:46:46",28.49635,40.39752,7.01,0.36,"ML",1.8,"Marmara Denizi - [04.67 km] Karacabey (Bursa)",522333
"09/03/2022 16:35:40",29.97579,40.12948,7,0.18,"ML",1,"Merkez (Bilecik)",522316
"09/03/2022 03:18:19",27.48316,40.69742,14.55,0.48,"ML",2.3,"Marmara Denizi - [10.78 km] Marmara (Balıkesir)",522274
"09/03/2022 03:15:20",27.39388,40.64273,12.1,0.54,"ML",1.7,"Marmara Denizi - [09.93 km] Şarköy (Tekirdağ)",522273
"08/03/2022 13:25:05",28.767,40.14445,7,0.66,"ML",1.3,"Nilüfer (Bursa)",522230
"08/03/2022 02:07:48",28.53091,40.39694,7.02,0.59,"ML",2.1,"Marmara Denizi - [03.71 km] Karacabey (Bursa)",522202
"07/03/2022 13:54:26",26.2221,40.21404,6.98,0.23,"ML",2,"Ege Denizi - [08.07 km] Eceabat (Çanakkale)",522171
"07/03/2022 09:29:35",27.48752,40.78328,7,0.43,"ML",1.8,"Marmara Denizi - [08.99 km] Süleymanpaşa (Tekirdağ)",522164
"07/03/2022 06:53:17",27.51809,40.57026,13.73,0.8,"ML",1.7,"Marmara Denizi - [02.93 km] Marmara (Balıkesir)",522158
"07/03/2022 04:34:10",28.98882,40.77218,7,0.25,"ML",1.9,"Marmara Denizi - [09.90 km] Adalar (İstanbul)",522154
"05/03/2022 15:57:37",26.9997,40.39739,7.04,0.49,"ML",1.7,"Marmara Denizi - [05.38 km] Biga (Çanakkale)",522092
"05/03/2022 03:21:41",27.60849,40.38174,7,0.1,"ML",2.5,"Marmara Denizi - Erdek Körfezi - [08.33 km] Erdek (Balıkesir)",522058
"04/03/2022 13:27:50",26.0255,40.33234,7.24,0.39,"ML",1.9,"Ege Denizi - [14.59 km] Gökçeada (Çanakkale)",522043
"04/03/2022 05:30:26",26.10075,40.31681,7,0.31,"ML",1.9,"Ege Denizi - [17.07 km] Gökçeada (Çanakkale)",522027
"03/03/2022 15:06:37",27.8568,40.79651,7.35,0.51,"ML",1.2,"Marmara Denizi - [19.25 km] Marmaraereğlisi (Tekirdağ)",522003
"02/03/2022 23:04:53",27.75369,40.6144,7.03,0.53,"ML",2.2,"Marmara Denizi - [04.70 km] Marmara (Balıkesir)",521968
"02/03/2022 20:46:24",28.5473,40.48329,9.13,0.74,"ML",1.8,"Marmara Denizi - [13.64 km] Karacabey (Bursa)",521965
"02/03/2022 20:35:47",27.75024,40.28243,6.96,0.32,"ML",1.6,"Bandırma (Balıkesir)",521964
"02/03/2022 18:09:31",27.3975,40.70298,7.03,0.41,"ML",2.3,"Marmara Denizi - [06.87 km] Şarköy (Tekirdağ)",521955
"02/03/2022 17:36:04",29.2662,40.69105,7,0.28,"ML",1.5,"Marmara Denizi - [04.78 km] Merkez (Yalova)",521954
"02/03/2022 04:17:28",27.4272,40.72623,7.01,0.45,"ML",1.8,"Marmara Denizi - [08.58 km] Şarköy (Tekirdağ)",521933
"01/03/2022 03:30:32",27.73919,40.61326,7.01,0.66,"ML",1.8,"Marmara Denizi - [03.62 km] Marmara (Balıkesir)",521878
"28/02/2022 12:09:25",28.73622,40.7091,6.96,0.41,"ML",1.8,"Marmara Denizi - [18.88 km] Armutlu (Yalova)",521810
"27/02/2022 20:21:53",28.93807,40.40925,7.03,0.47,"ML",1.7,"Marmara Denizi - Gemlik Körfezi - [06.23 km] Armutlu (Yalova)",521752
"27/02/2022 04:39:36",26.12413,40.37158,6.77,0.59,"ML",1.7,"Ege Denizi - [18.17 km] Eceabat (Çanakkale)",521715
"27/02/2022 04:17:25",26.0939,40.40407,6.85,0.53,"ML",1.6,"Ege Denizi - [21.49 km] Eceabat (Çanakkale)",521714
"27/02/2022 04:16:40",26.07526,40.40217,6.94,0.71,"ML",1.8,"Ege Denizi - [22.90 km] Gökçeada (Çanakkale)",521713
"27/02/2022 01:12:35",28.94497,40.80653,7.02,0.52,"ML",1.8,"Marmara Denizi - [06.97 km] Adalar (İstanbul)",521693
"25/02/2022 21:10:18",28.75501,40.39309,7.08,0.6,"ML",1.5,"Marmara Denizi - Gemlik Körfezi - [03.06 km] Mudanya (Bursa)",521634
"25/02/2022 04:08:31",28.07615,40.78453,15.62,0.62,"ML",2.8,"Marmara Denizi - [22.44 km] Marmaraereğlisi (Tekirdağ)",521540
"24/02/2022 20:03:52",27.57465,40.82108,7.01,0.72,"ML",1.8,"Marmara Denizi - [11.41 km] Süleymanpaşa (Tekirdağ)",521525
"22/02/2022 21:19:45",28.03107,40.37161,7.85,0.68,"ML",1.3,"Marmara Denizi - Bandırma Körfezi - [01.82 km] Bandırma (Balıkesir)",521411
"22/02/2022 03:13:25",28.95769,40.5726,16.99,0.29,"ML",1.2,"Çınarcık (Yalova)",521355
"22/02/2022 02:58:16",27.57061,40.77894,7,0.4,"ML",1.6,"Marmara Denizi - [13.86 km] Süleymanpaşa (Tekirdağ)",521354
"21/02/2022 16:54:10",27.32851,40.73688,6.99,0.5,"ML",1.7,"Şarköy (Tekirdağ)",521336
"21/02/2022 15:53:02",27.7701,40.61465,7.53,0.55,"ML",1.2,"Marmara Denizi - [05.40 km] Marmara (Balıkesir)",521334
"21/02/2022 10:48:41",27.33669,40.77702,7.25,0.17,"ML",1.2,"Şarköy (Tekirdağ)",521308
"21/02/2022 09:34:27",27.41044,40.68116,8.7,0.38,"ML",1.1,"Marmara Denizi - [08.96 km] Şarköy (Tekirdağ)",521304
"21/02/2022 04:59:13",27.3966,40.71436,6.99,0.3,"ML",2.1,"Marmara Denizi - [06.25 km] Şarköy (Tekirdağ)",521294
"21/02/2022 04:14:58",27.4132,40.70382,7.02,0.32,"ML",1.4,"Marmara Denizi - [08.44 km] Şarköy (Tekirdağ)",521289
"21/02/2022 04:12:34",27.38061,40.71252,7,0.28,"ML",1.4,"Marmara Denizi - [05.61 km] Şarköy (Tekirdağ)",521290
"21/02/2022 02:22:30",27.39598,40.70593,6.99,0.27,"ML",1.5,"Marmara Denizi - [06.50 km] Şarköy (Tekirdağ)",521284
"21/02/2022 01:45:38",27.42251,40.75886,7,0.46,"ML",1.2,"Marmara Denizi - [06.20 km] Şarköy (Tekirdağ)",521283
"21/02/2022 01:34:36",27.38899,40.70372,7,0.43,"ML",1.7,"Marmara Denizi - [06.72 km] Şarköy (Tekirdağ)",521282
"21/02/2022 01:33:37",27.40121,40.69812,9.22,0.19,"ML",2.6,"Marmara Denizi - [07.53 km] Şarköy (Tekirdağ)",521280
"20/02/2022 23:50:47",27.37684,40.73973,6.68,0.6,"ML",1.3,"Marmara Denizi - [03.98 km] Şarköy (Tekirdağ)",521279
"20/02/2022 23:24:52",27.39814,40.69697,9.66,0.44,"ML",2.4,"Marmara Denizi - [07.44 km] Şarköy (Tekirdağ)",521278
"20/02/2022 23:20:11",27.39859,40.71516,10.42,0.37,"Mw",4.1,"Marmara Denizi - [06.73 km] Şarköy (Tekirdağ)",521277
"20/02/2022 14:27:06",29.13869,40.44958,7.01,0.62,"ML",1.6,"Gemlik (Bursa)",521267
"19/02/2022 16:36:39",29.27448,40.44578,7,0.41,"ML",1.2,"Orhangazi (Bursa)",521218
"19/02/2022 15:29:43",29.16406,40.65044,10.84,0.68,"ML",1.7,"Çınarcık (Yalova)",521214
"19/02/2022 14:49:16",28.78516,40.14126,7,0.59,"ML",0.9,"Nilüfer (Bursa)",521207
"19/02/2022 14:44:19",27.02918,40.09882,6.39,0.6,"ML",1.4,"Çan (Çanakkale)",521206
"19/02/2022 02:37:26",29.16548,40.58263,7.17,0.51,"ML",1.5,"Termal (Yalova)",521172
"18/02/2022 15:30:38",28.43217,40.37202,7.04,0.31,"ML",2,"Karacabey (Bursa)",521156
"17/02/2022 19:00:45",27.52485,40.50377,9.5,0.3,"ML",1.7,"Marmara Denizi, Avşa Adası, Marmara (Balıkesir)",521111
"17/02/2022 14:42:32",28.42025,40.36371,7,0.43,"ML",2,"Karacabey (Bursa)",521098
"17/02/2022 08:31:29",26.35228,40.42465,6.97,0.45,"ML",1.6,"Ege Denizi - Saros Körfezi - [11.07 km] Gelibolu (Çanakkale)",521088
"17/02/2022 07:12:22",27.38918,40.80791,7,0.48,"ML",1.2,"Şarköy (Tekirdağ)",521084
"17/02/2022 05:00:14",28.05128,40.04306,11.69,0.52,"ML",1.2,"Manyas (Balıkesir)",521073
"16/02/2022 18:58:43",27.31105,40.56748,7.2,0.64,"ML",1.1,"Marmara Denizi - [12.27 km] Şarköy (Tekirdağ)",521013
"16/02/2022 17:32:52",27.16041,40.36401,7,0.29,"ML",1.1,"Biga (Çanakkale)",521005
"16/02/2022 16:01:31",28.22795,40.88761,7.36,0.54,"ML",1.3,"Marmara Denizi - [19.81 km] Silivri (İstanbul)",520999
"15/02/2022 19:19:24",27.5091,40.33834,7.02,0.3,"ML",1.7,"Marmara Denizi - Erdek Körfezi - [07.55 km] Biga (Çanakkale)",520949
"15/02/2022 10:35:44",28.68558,40.85679,7.02,0.48,"ML",1.4,"Marmara Denizi - [12.28 km] Beylikdüzü (İstanbul)",520904
"15/02/2022 10:23:43",27.47195,40.34132,7.14,0.4,"ML",1.3,"Marmara Denizi - Erdek Körfezi - [07.08 km] Biga (Çanakkale)",520902
"15/02/2022 10:19:50",29.2731,40.48502,4.65,0.28,"ML",1.1,"Orhangazi (Bursa)",520901
"15/02/2022 07:12:53",27.46458,40.34061,7.08,0.39,"ML",1,"Marmara Denizi - Erdek Körfezi - [06.32 km] Biga (Çanakkale)",520886
"15/02/2022 06:24:43",27.46536,40.3295,7.06,0.33,"ML",1.7,"Marmara Denizi - Erdek Körfezi - [05.49 km] Biga (Çanakkale)",520887
"15/02/2022 05:38:07",27.31831,40.54892,7,0.58,"ML",1.3,"Marmara Denizi - [13.44 km] Marmara (Balıkesir)",520888
"14/02/2022 08:17:13",28.97741,40.15648,7,0.1,"ML",1.6,"Osmangazi (Bursa)",520827
"14/02/2022 05:22:02",29.03454,40.02905,7.2,0.17,"ML",2.8,"Orhaneli (Bursa)",520818
"12/02/2022 16:08:16",29.14943,40.2437,7,0.24,"ML",1.1,"Gürsu (Bursa)",520735
"12/02/2022 15:47:04",28.87264,40.43921,6.99,0.85,"ML",1.1,"Marmara Denizi - Gemlik Körfezi - [05.09 km] Armutlu (Yalova)",520736
"12/02/2022 03:57:24",29.01277,40.4338,7.11,0.47,"ML",1.4,"Marmara Denizi - Gemlik Körfezi - [04.99 km] Armutlu (Yalova)",520693
"12/02/2022 00:24:01",27.71429,40.79763,6.98,0.5,"ML",1.3,"Marmara Denizi - [17.27 km] Marmara (Balıkesir)",520670
"12/02/2022 00:12:06",28.95942,40.40279,7.02,0.52,"ML",1.2,"Marmara Denizi - Gemlik Körfezi - [06.08 km] Armutlu (Yalova)",520671
"11/02/2022 13:39:58",27.2275,40.52469,17.19,0.42,"ML",2.6,"Marmara Denizi - [11.78 km] Biga (Çanakkale)",520627
"11/02/2022 04:01:55",27.26314,40.55337,7,0.2,"ML",1.6,"Marmara Denizi - [11.69 km] Şarköy (Tekirdağ)",520609
"11/02/2022 00:11:57",29.13005,40.71817,7,0.29,"ML",1.2,"Marmara Denizi - [08.03 km] Çınarcık (Yalova)",520606
"10/02/2022 22:56:05",26.18393,40.26297,6.98,0.23,"ML",1.6,"Ege Denizi - [11.66 km] Eceabat (Çanakkale)",520604
"10/02/2022 19:19:46",27.43,40.73194,7,0.26,"ML",1.1,"Marmara Denizi - [08.87 km] Şarköy (Tekirdağ)",520600
"09/02/2022 23:59:10",28.91815,40.44653,6.85,0.28,"ML",1.6,"Marmara Denizi - Gemlik Körfezi - [04.60 km] Armutlu (Yalova)",520566
"09/02/2022 23:58:30",28.93835,40.41661,14.76,0.57,"ML",1.9,"Marmara Denizi - Gemlik Körfezi - [05.10 km] Armutlu (Yalova)",520565
"09/02/2022 20:45:11",28.693,40.85699,7,0.51,"ML",2.3,"Marmara Denizi - [12.46 km] Beylikdüzü (İstanbul)",520558
"07/02/2022 22:15:44",29.03623,40.60726,9.31,0.51,"ML",1.3,"Çınarcık (Yalova)",520462
"06/02/2022 15:07:53",28.98479,40.42234,7.04,0.37,"Mw",3.9,"Marmara Denizi - Gemlik Körfezi - [04.61 km] Armutlu (Yalova)",520422
"06/02/2022 01:25:40",27.21905,40.63628,11.82,0.33,"ML",1.2,"Marmara Denizi - [02.08 km] Şarköy (Tekirdağ)",520396
"05/02/2022 16:13:18",27.0708,40.43301,7,0.24,"ML",1.4,"Marmara Denizi - [02.61 km] Biga (Çanakkale)",520370
"04/02/2022 09:08:52",29.15658,40.64514,9.86,0.34,"ML",2.3,"Çınarcık (Yalova)",520303
"04/02/2022 04:12:26",29.90271,40.28252,7.32,0.42,"ML",2.1,"Merkez (Bilecik)",520296
"01/02/2022 13:32:23",29.03081,40.60006,6.98,0.26,"ML",1.4,"Çınarcık (Yalova)",520207
"31/01/2022 14:33:43",28.07805,40.04638,7,0.26,"ML",1,"Manyas (Balıkesir)",520132
"30/01/2022 23:42:31",26.22733,40.39065,6.95,0.33,"ML",2,"Ege Denizi - Saros Körfezi - [12.13 km] Eceabat (Çanakkale)",520091
"30/01/2022 07:12:43",27.97395,40.75301,6.88,0.48,"ML",1.5,"Marmara Denizi - [22.82 km] Marmaraereğlisi (Tekirdağ)",520059
"30/01/2022 04:43:38",27.87563,40.39559,7,0.41,"ML",1.2,"Erdek (Balıkesir)",520037
"30/01/2022 03:51:18",28.89873,40.3585,7.03,0.2,"ML",1.3,"Mudanya (Bursa)",520035
"29/01/2022 02:51:19",27.66737,40.04989,7,0.18,"ML",1,"Gönen (Balıkesir)",519971
"27/01/2022 18:41:52",27.49323,40.29588,7,0.37,"ML",1.3,"Biga (Çanakkale)",519918
"27/01/2022 07:54:53",28.925,40.78318,7.07,0.71,"ML",1.6,"Marmara Denizi - [10.25 km] Adalar (İstanbul)",519899
"26/01/2022 17:21:57",27.9938,40.77163,6.75,0.59,"ML",1.2,"Marmara Denizi - [21.32 km] Marmaraereğlisi (Tekirdağ)",519847
"25/01/2022 20:09:04",27.0986,40.30171,7,0.36,"ML",1.6,"Biga (Çanakkale)",519800
"24/01/2022 22:39:52",28.49001,40.91959,7.07,0.29,"ML",1.7,"Marmara Denizi - [08.67 km] Büyükçekmece (İstanbul)",519758
"24/01/2022 08:09:43",26.992,40.32442,7,0.24,"ML",1.7,"Lapseki (Çanakkale)",519732
"24/01/2022 08:08:47",26.99239,40.32879,7,0.36,"ML",1.6,"Lapseki (Çanakkale)",519731
"23/01/2022 15:58:22",26.2648,40.41603,7,0.36,"ML",1.5,"Ege Denizi - Saros Körfezi - [11.92 km] Eceabat (Çanakkale)",519711
"22/01/2022 14:28:47",29.65913,40.27321,7,0.4,"ML",1.3,"Yenişehir (Bursa)",519664
"22/01/2022 14:13:45",29.65985,40.2706,7.74,0.5,"Mw",3.7,"Yenişehir (Bursa)",519660
"21/01/2022 21:21:30",29.20157,40.41611,8.36,0.27,"ML",1.3,"Gemlik (Bursa)",519619
"21/01/2022 12:20:46",27.17727,40.11281,7.01,0.6,"ML",2,"Biga (Çanakkale)",519611
"21/01/2022 02:59:10",27.42698,40.68032,12.78,0.47,"ML",2.3,"Marmara Denizi - [10.61 km] Şarköy (Tekirdağ)",519587
"20/01/2022 04:27:12",27.41313,40.68067,6.96,0.27,"ML",2.2,"Marmara Denizi - [09.17 km] Şarköy (Tekirdağ)",519539
"19/01/2022 17:58:40",28.75085,40.03473,7,0.52,"ML",1.4,"Mustafakemalpaşa (Bursa)",519517
"19/01/2022 09:46:14",27.3966,40.60572,7,0.32,"ML",1.4,"Marmara Denizi - [09.67 km] Marmara (Balıkesir)",519494
"19/01/2022 07:49:36",29.18832,40.44035,5.07,0.42,"ML",1.7,"Gemlik (Bursa)",519489
"19/01/2022 07:37:15",29.16158,40.39475,7.15,0.18,"ML",1.5,"Gemlik (Bursa)",519487
"19/01/2022 06:34:14",29.20756,40.42862,10.93,0.54,"ML",2.4,"Gemlik (Bursa)",519482
"19/01/2022 05:41:48",29.15869,40.43534,7.05,0.28,"Mw",3.3,"Gemlik (Bursa)",519480
"18/01/2022 18:49:29",29.85326,40.73017,6.99,0.36,"ML",1.7,"Marmara Denizi - İzmit Körfezi - [02.25 km] Derince (Kocaeli)",519467
"18/01/2022 05:27:04",27.75353,40.56519,7.59,0.56,"ML",1.7,"Marmara Denizi - [05.70 km] Erdek (Balıkesir)",519432
"17/01/2022 15:06:49",27.38877,40.646,7.55,0.22,"ML",3.2,"Marmara Denizi - [09.22 km] Şarköy (Tekirdağ)",519360
"17/01/2022 03:12:06",27.52573,40.77052,7,0.38,"ML",2,"Marmara Denizi - [11.84 km] Süleymanpaşa (Tekirdağ)",519334
"16/01/2022 09:50:06",27.60773,40.07546,14.17,0.22,"ML",1.7,"Gönen (Balıkesir)",519291
"13/01/2022 23:30:50",29.13248,40.63066,10.83,0.35,"ML",1.3,"Çınarcık (Yalova)",519178
"13/01/2022 06:18:18",27.80133,40.0117,7.1,0.53,"ML",1.7,"Manyas (Balıkesir)",519148
"11/01/2022 10:16:23",27.68409,40.03729,11.97,0.21,"ML",1.9,"Gönen (Balıkesir)",519033
"09/01/2022 23:48:14",27.71987,40.80476,32.29,0.42,"ML",1.9,"Marmara Denizi - [18.76 km] Marmara (Balıkesir)",518976
"09/01/2022 19:13:41",29.89354,40.70329,7,0.52,"ML",1.2,"Başiskele (Kocaeli)",518964
"08/01/2022 16:39:11",26.08657,40.38124,6.97,0.32,"ML",1.8,"Ege Denizi - [21.31 km] Gökçeada (Çanakkale)",518925
"07/01/2022 09:28:48",29.98091,40.73611,7,0.38,"ML",1.5,"Başiskele (Kocaeli)",518875
"07/01/2022 02:06:25",27.75706,40.76002,7.01,0.5,"ML",1.4,"Marmara Denizi - [15.80 km] Marmara (Balıkesir)",518865
"07/01/2022 01:37:00",27.6784,40.79006,7,0.63,"ML",2.1,"Marmara Denizi - [15.68 km] Marmara (Balıkesir)",518861
"06/01/2022 18:40:52",29.9828,40.72184,7.01,0.41,"ML",1.4,"Başiskele (Kocaeli)",518835
"04/01/2022 21:04:41",29.05473,40.37692,7.22,0.7,"ML",1.3,"Marmara Denizi - Gemlik Körfezi - [03.59 km] Gemlik (Bursa)",518748
"03/01/2022 05:48:30",26.9295,40.89159,7.01,0.43,"ML",1.8,"Malkara (Tekirdağ)",518681
"02/01/2022 12:58:59",29.18335,40.63889,10.3,0.3,"ML",1.7,"Termal (Yalova)",518639
"02/01/2022 03:13:07",29.10847,40.08551,5.49,0.35,"ML",1.3,"Osmangazi (Bursa)",518634
"01/01/2022 20:58:16",28.34024,40.39334,7.01,0.46,"ML",1.9,"Marmara Denizi - [04.35 km] Karacabey (Bursa)",518618
"01/01/2022 20:57:36",28.34087,40.38183,7.01,0.47,"ML",1.9,"Karacabey (Bursa)",518617
"01/01/2022 06:06:34",28.36761,40.3476,7,0.63,"ML",2.2,"Karacabey (Bursa)",518588
"01/01/2022 06:04:19",28.35512,40.35619,7,0.38,"ML",2.7,"Karacabey (Bursa)",518587
"01/01/2022 04:34:49",29.28823,40.08226,7,0.12,"ML",1,"Kestel (Bursa)",518575
"01/01/2022 04:10:51",27.53527,40.57758,12.28,0.55,"ML",1.2,"Marmara Denizi - [01.53 km] Marmara (Balıkesir)",518574
"30/12/2021 22:44:51",27.9611,40.3036,7.18,0.25,"ML",1.4,"Bandırma (Balıkesir)",518489
"30/12/2021 02:43:34",27.4563,40.7735,7,0.56,"ML",1.3,"Marmara Denizi - [07.60 km] Süleymanpaşa (Tekirdağ)",518442
"29/12/2021 17:46:17",27.6075,40.3746,7,0.39,"ML",3,"Marmara Denizi - Erdek Körfezi - [09.18 km] Bandırma (Balıkesir)",518419
"29/12/2021 17:43:36",27.5121,40.8003,7.04,0.6,"ML",1.1,"Marmara Denizi - [08.81 km] Süleymanpaşa (Tekirdağ)",518420
"29/12/2021 17:26:24",27.4898,40.802,7.07,0.49,"ML",1.6,"Marmara Denizi - [07.83 km] Süleymanpaşa (Tekirdağ)",518418
"28/12/2021 18:46:29",27.71,40.615,11.25,0.56,"ML",1.7,"Marmara Denizi - [00.38 km] Marmara (Balıkesir)",518329
"28/12/2021 17:58:35",29.612,40.8451,7.13,0.34,"ML",1,"Dilovası (Kocaeli)",518325
"28/12/2021 09:44:58",27.1908,40.3496,6.97,0.38,"ML",2.2,"Biga (Çanakkale)",518300
"26/12/2021 02:42:31",28.6711,40.1588,6.99,0.73,"ML",1.7,"Ulubat Gölü - [01.90 km] Nilüfer (Bursa)",518165
"24/12/2021 07:20:31",26.697,40.5343,7.83,0.27,"ML",1.8,"Ege Denizi - Saros Körfezi - [04.45 km] Gelibolu (Çanakkale)",518063
"23/12/2021 14:15:26",29.0623,40.2146,10.18,0.34,"ML",2.7,"Osmangazi (Bursa)",518021
"23/12/2021 04:40:59",28.8665,40.1381,7.04,0.33,"ML",1,"Nilüfer (Bursa)",518004
"22/12/2021 00:24:27",28.8033,40.8128,15.11,0.58,"ML",2.5,"Marmara Denizi - [16.52 km] Bakırköy (İstanbul)",517952
"21/12/2021 13:32:30",27.2386,40.1856,7,0.33,"ML",1.5,"Biga (Çanakkale)",517938
"21/12/2021 12:31:37",26.2051,40.4036,7,0.36,"ML",1.1,"Ege Denizi - Saros Körfezi - [14.55 km] Eceabat (Çanakkale)",517937
"21/12/2021 08:42:56",27.9881,40.8543,6.79,0.52,"ML",1.6,"Marmara Denizi - [12.66 km] Marmaraereğlisi (Tekirdağ)",517926
"21/12/2021 04:34:58",28.1101,40.8013,7,0.59,"ML",1.8,"Marmara Denizi - [22.33 km] Marmaraereğlisi (Tekirdağ)",517921
"21/12/2021 00:29:04",29.0931,40.5818,6.92,0.16,"ML",1.4,"Çınarcık (Yalova)",517909
"20/12/2021 14:42:00",27.4111,40.6345,7.02,0.6,"ML",2,"Marmara Denizi - [11.07 km] Marmara (Balıkesir)",517885
"19/12/2021 06:58:31",29.276,40.468,7.32,0.44,"ML",1.7,"Orhangazi (Bursa)",517841
"17/12/2021 12:22:56",26.1905,40.3981,7,0.16,"ML",1.2,"Ege Denizi - Saros Körfezi - [14.98 km] Eceabat (Çanakkale)",517776
"16/12/2021 16:12:51",28.879,40.0205,24.11,0.1,"ML",1.7,"Orhaneli (Bursa)",517733
"15/12/2021 00:28:35",27.3343,40.55,7.05,0.63,"ML",1.9,"Marmara Denizi - [12.87 km] Marmara (Balıkesir)",517669
"10/12/2021 22:23:49",27.6183,40.7396,7.22,0.21,"ML",2.5,"Marmara Denizi - [10.20 km] Marmara (Balıkesir)",517508
"09/12/2021 11:59:47",29.1511,40.1796,8.05,0.4,"ML",1.2,"Yıldırım (Bursa)",517457
"09/12/2021 11:56:40",29.107,40.2191,8.87,0.27,"ML",1.9,"Yıldırım (Bursa)",517455
"09/12/2021 09:57:29",27.0038,40.326,7.07,0.24,"ML",2.4,"Lapseki (Çanakkale)",517450
"09/12/2021 04:44:24",27.3795,40.1745,7.12,0.35,"ML",1.3,"Biga (Çanakkale)",517414
"09/12/2021 04:35:54",27.4031,40.1735,12.67,0.57,"ML",2.9,"Biga (Çanakkale)",517413
"08/12/2021 22:48:07",26.2656,40.2513,6.91,0.6,"ML",2.2,"Ege Denizi - [05.61 km] Eceabat (Çanakkale)",517380
"08/12/2021 21:21:58",27.4028,40.1615,7,0.64,"ML",1.3,"Gönen (Balıkesir)",517374
"08/12/2021 12:14:35",28.8545,40.0116,19.83,0.33,"ML",1.2,"Orhaneli (Bursa)",517335
"08/12/2021 10:23:19",27.4988,40.7078,8.03,0.35,"ML",1.7,"Marmara Denizi - [10.81 km] Marmara (Balıkesir)",517326
"07/12/2021 03:47:45",29.3511,40.6626,7,0.31,"ML",1.1,"Çiftlikköy (Yalova)",517274
"05/12/2021 20:10:28",28.8865,40.0428,6,0.38,"ML",1.4,"Orhaneli (Bursa)",517190
"05/12/2021 20:04:39",28.8705,40.0333,6.46,0.28,"ML",2.1,"Orhaneli (Bursa)",517189
"05/12/2021 00:12:54",27.7456,40.4038,7,0.57,"ML",1.6,"Marmara Denizi - Erdek Körfezi - [02.96 km] Erdek (Balıkesir)",517133
"04/12/2021 21:20:45",26.9181,40.357,7,0.4,"ML",1.3,"Lapseki (Çanakkale)",517120
"04/12/2021 20:40:47",26.9271,40.3848,7,0.46,"ML",1,"Lapseki (Çanakkale)",517113
"04/12/2021 20:38:21",26.9076,40.3663,9.94,0.58,"ML",1.5,"Lapseki (Çanakkale)",517114
"04/12/2021 20:35:00",27.4466,40.7656,6.98,0.41,"ML",1.6,"Marmara Denizi - [07.76 km] Şarköy (Tekirdağ)",517116
"04/12/2021 20:32:27",26.8883,40.3773,7,0.38,"ML",1.2,"Lapseki (Çanakkale)",517115
"04/12/2021 20:28:02",26.8833,40.35,15.87,0.4,"ML",1.9,"Lapseki (Çanakkale)",517112
"04/12/2021 05:30:28",27.6951,40.4423,7.01,0.28,"ML",2.9,"Marmara Denizi - [03.56 km] Erdek (Balıkesir)",517084
"03/12/2021 22:58:57",29.0971,40.5041,7.06,0.48,"ML",2.5,"Gemlik (Bursa)",517074
"03/12/2021 12:23:29",28.6065,40.023,3.18,0.45,"ML",1.8,"Mustafakemalpaşa (Bursa)",517057
"03/12/2021 08:38:13",29.2823,40.2071,5.57,0.34,"ML",1.3,"Kestel (Bursa)",517047
"03/12/2021 07:41:16",27.7238,40.5426,13.23,0.69,"ML",1.6,"Marmara Denizi - [03.50 km] Erdek (Balıkesir)",517043
"29/11/2021 07:00:54",29.8585,40.7031,11.46,0.4,"ML",1.8,"Gölcük (Kocaeli)",516788
"29/11/2021 05:55:41",27.9761,40.7701,15.67,0.6,"ML",2.7,"Marmara Denizi - [21.80 km] Marmaraereğlisi (Tekirdağ)",516778
"27/11/2021 11:30:39",27.2595,40.1921,7,0.93,"ML",1.8,"Biga (Çanakkale)",516701
"25/11/2021 13:51:25",27.7345,40.7871,6.96,0.55,"ML",1.6,"Marmara Denizi - [16.26 km] Marmara (Balıkesir)",516589
"24/11/2021 10:30:09",27.219,40.8905,7,0.12,"ML",1.4,"Süleymanpaşa (Tekirdağ)",516537
"24/11/2021 02:01:39",27.3031,40.1456,7,0.55,"ML",1.5,"Biga (Çanakkale)",516509
"23/11/2021 19:12:25",27.7156,40.065,7,0.39,"ML",1.1,"Gönen (Balıkesir)",516475
"22/11/2021 13:52:06",26.3501,40.4215,6.98,0.14,"ML",1.5,"Ege Denizi - Saros Körfezi - [10.42 km] Eceabat (Çanakkale)",516421
"21/11/2021 13:34:28",28.5808,40.4131,10.08,0.39,"ML",2.9,"Marmara Denizi - [06.83 km] Karacabey (Bursa)",516383
"21/11/2021 07:25:22",29.7991,40.698,7,0.3,"ML",1.4,"Gölcük (Kocaeli)",516367
"20/11/2021 08:00:11",28.0618,40.776,7,0.78,"ML",1.5,"Marmara Denizi - [22.84 km] Marmaraereğlisi (Tekirdağ)",516335
"20/11/2021 05:38:40",29.1498,40.6145,11.19,0.52,"ML",1.3,"Çınarcık (Yalova)",516326
"20/11/2021 05:27:33",28.0598,40.781,6.97,0.52,"ML",1.6,"Marmara Denizi - [22.26 km] Marmaraereğlisi (Tekirdağ)",516325
"20/11/2021 01:45:18",27.0778,40.5008,6.97,0.68,"ML",1.7,"Marmara Denizi - [08.14 km] Biga (Çanakkale)",516292
"19/11/2021 18:56:25",29.1533,40.1803,8.47,0.62,"ML",2.2,"Yıldırım (Bursa)",516254
"19/11/2021 16:04:19",29.2155,40.4763,9.92,0.23,"ML",1.6,"Gemlik (Bursa)",516238
"19/11/2021 13:00:42",29.2455,40.4258,5.41,0.17,"ML",1.1,"Orhangazi (Bursa)",516232
"19/11/2021 11:28:12",28.6571,40.0565,22.2,0.46,"ML",1.8,"Mustafakemalpaşa (Bursa)",516227
"19/11/2021 10:23:34",28.7978,40.9688,7.02,0.53,"ML",1.5,"Bakırköy (İstanbul)",516224
"19/11/2021 08:16:21",27.4825,40.6763,8.16,0.12,"ML",1.8,"Marmara Denizi - [08.30 km] Marmara (Balıkesir)",516222
"19/11/2021 07:57:17",29.1541,40.255,10.9,0.18,"ML",1.4,"Gürsu (Bursa)",516220
"18/11/2021 20:52:52",27.4498,40.6788,7,0.14,"ML",1.4,"Marmara Denizi - [10.35 km] Marmara (Balıkesir)",516206
"18/11/2021 17:09:18",28.5596,40.0771,6.7,0.49,"ML",1.5,"Mustafakemalpaşa (Bursa)",516203
"18/11/2021 12:34:43",29.3423,40.0756,7,0.43,"ML",1.3,"İnegöl (Bursa)",516187
"18/11/2021 03:25:06",27.5216,40.3353,7.03,0.68,"ML",1.6,"Marmara Denizi - Erdek Körfezi - [07.00 km] Gönen (Balıkesir)",516146
"18/11/2021 02:07:19",27.3943,40.0125,11.59,0.66,"ML",1.4,"Yenice (Çanakkale)",516142
"18/11/2021 01:47:29",27.3923,40.015,13.02,0.49,"ML",2.3,"Yenice (Çanakkale)",516135
"17/11/2021 00:31:13",27.6631,40.5973,11.96,0.25,"ML",1.5,"Marmara Denizi - [00.78 km] Marmara (Balıkesir)",516083
"15/11/2021 11:45:27",28.6511,40.0535,7.13,0.92,"ML",1.8,"Mustafakemalpaşa (Bursa)",516021
"15/11/2021 02:56:26",27.543,40.3346,7,0.18,"ML",2.1,"Marmara Denizi - Erdek Körfezi - [07.05 km] Gönen (Balıkesir)",516001
"15/11/2021 02:09:39",27.5191,40.3375,7,0.29,"ML",2.5,"Marmara Denizi - Erdek Körfezi - [07.10 km] Biga (Çanakkale)",515996
"14/11/2021 22:02:48",29.0301,40.7028,7,0.3,"ML",1.3,"Marmara Denizi - [07.51 km] Çınarcık (Yalova)",515990
"14/11/2021 03:53:08",28.8913,40.1933,7.45,0.55,"ML",1.7,"Nilüfer (Bursa)",515960
"13/11/2021 12:26:44",28.4195,40.207,7,0.94,"ML",1.4,"Karacabey (Bursa)",515934
"13/11/2021 07:04:17",28.0445,40.834,6.99,0.38,"ML",1.6,"Marmara Denizi - [16.36 km] Marmaraereğlisi (Tekirdağ)",515915
"13/11/2021 05:07:47",27.5238,40.6083,6.58,0.32,"ML",1.3,"Marmara Denizi - [01.56 km] Marmara (Balıkesir)",515910
"12/11/2021 18:36:25",29.4826,40.4403,7.02,0.67,"ML",1.3,"İznik Gölü - [05.90 km] Orhangazi (Bursa)",515862
"12/11/2021 18:21:10",29.3331,40.1701,7,0.2,"ML",1,"Kestel (Bursa)",515857
"12/11/2021 05:14:49",28.2618,40.8336,10.9,0.67,"ML",2.5,"Marmara Denizi - [25.94 km] Silivri (İstanbul)",515797
"12/11/2021 02:15:29",28.3085,40.8651,15.94,0.53,"ML",2.1,"Marmara Denizi - [22.00 km] Silivri (İstanbul)",515785
"10/11/2021 18:22:06",27.3713,40.7005,4.02,0.57,"ML",1.8,"Marmara Denizi - [05.11 km] Şarköy (Tekirdağ)",515723
"10/11/2021 18:15:57",29.1931,40.4638,9.86,0.6,"ML",2,"Gemlik (Bursa)",515722
"09/11/2021 12:55:54",27.8791,40.005,11.18,0.16,"ML",1,"Manyas (Balıkesir)",515674
"08/11/2021 21:29:59",29.2008,40.4775,9.9,0.39,"ML",1.3,"Gemlik (Bursa)",515605
"07/11/2021 12:36:32",27.7566,40.1,7,0.27,"ML",1.4,"Gönen (Balıkesir)",515546
"06/11/2021 09:31:55",27.2445,40.517,7,0.82,"ML",1.6,"Marmara Denizi - [10.49 km] Biga (Çanakkale)",515485
"05/11/2021 21:07:38",28.1275,40.7966,7.02,0.56,"ML",2.4,"Marmara Denizi - [23.61 km] Marmaraereğlisi (Tekirdağ)",515442
"05/11/2021 12:46:47",27.5446,40.7753,7,0.57,"ML",1,"Marmara Denizi - [12.63 km] Süleymanpaşa (Tekirdağ)",515406
"04/11/2021 00:17:41",27.039,40.2318,7,0.15,"ML",1.5,"Biga (Çanakkale)",515319
"03/11/2021 16:07:08",28.6216,40.3655,7.02,0.38,"ML",1.7,"Mudanya (Bursa)",515308
"03/11/2021 10:13:01",28.9193,40.0731,9.04,0.41,"ML",1.4,"Nilüfer (Bursa)",515296
"02/11/2021 18:09:31",27.5211,40.4233,7.05,0.4,"ML",1.8,"Marmara Denizi - Erdek Körfezi - [08.35 km] Marmara (Balıkesir)",515270
"02/11/2021 15:05:16",27.4191,40.2618,7,0.18,"ML",1.6,"Biga (Çanakkale)",515265
"02/11/2021 07:20:23",29.1173,40.6915,11.87,0.63,"ML",1.3,"Marmara Denizi - [04.96 km] Çınarcık (Yalova)",515250
"02/11/2021 00:05:24",27.7333,40.6021,11.74,0.46,"ML",2.4,"Marmara Denizi - [02.82 km] Marmara (Balıkesir)",515219
"01/11/2021 06:22:34",29.1033,40.6476,11.68,0.19,"ML",1.3,"Marmara Denizi - [00.70 km] Çınarcık (Yalova)",515176
"31/10/2021 02:02:02",27.5861,40.3563,7,0.28,"ML",1.4,"Marmara Denizi - Erdek Körfezi - [09.03 km] Bandırma (Balıkesir)",515150
"29/10/2021 12:49:20",27.0161,40.423,7,0.51,"ML",1.6,"Marmara Denizi - [04.37 km] Biga (Çanakkale)",515088
"29/10/2021 03:37:17",27.942,40.8223,7.02,0.67,"ML",2.2,"Marmara Denizi - [16.01 km] Marmaraereğlisi (Tekirdağ)",515056
"29/10/2021 03:34:32",27.958,40.8356,6.89,0.89,"ML",1.8,"Marmara Denizi - [14.48 km] Marmaraereğlisi (Tekirdağ)",515057
"28/10/2021 20:59:51",27.7175,40.2063,10.55,0.37,"ML",2.5,"Gönen (Balıkesir)",515034
"28/10/2021 20:51:19",27.7158,40.2023,7,0.64,"ML",1.5,"Gönen (Balıkesir)",515024
"28/10/2021 20:29:10",27.7043,40.2206,7,0.42,"ML",1.7,"Gönen (Balıkesir)",515023
"28/10/2021 18:21:58",27.4945,40.5021,6.44,0.46,"ML",1.6,"Marmara Denizi, Avşa Adası, Marmara (Balıkesir)",514997
"27/10/2021 21:38:04",27.3071,40.7313,7.01,0.36,"ML",2,"Şarköy (Tekirdağ)",514924
"27/10/2021 09:43:57",28.3283,40.1588,7,0.41,"ML",1.6,"Karacabey (Bursa)",514910
"27/10/2021 06:10:17",27.508,40.6995,7,0.4,"ML",1.8,"Marmara Denizi - [09.70 km] Marmara (Balıkesir)",514903
"27/10/2021 02:06:10",29.105,40.2826,7.01,0.25,"ML",2,"Osmangazi (Bursa)",514898
"26/10/2021 21:17:40",27.3825,40.6976,7.01,0.31,"ML",1.5,"Marmara Denizi - [06.11 km] Şarköy (Tekirdağ)",514890
"25/10/2021 01:34:56",27.3538,40.6921,7.01,0.24,"ML",1.9,"Marmara Denizi - [04.15 km] Şarköy (Tekirdağ)",514810
"25/10/2021 00:19:51",27.363,40.7081,7.04,0.22,"ML",1.8,"Marmara Denizi - [04.26 km] Şarköy (Tekirdağ)",514809
"23/10/2021 20:50:56",27.5328,40.8301,6.97,0.23,"ML",1,"Marmara Denizi - [07.55 km] Süleymanpaşa (Tekirdağ)",514756
"23/10/2021 03:26:00",29.0903,40.2293,7.14,0.43,"ML",1,"Osmangazi (Bursa)",514703
"22/10/2021 19:44:45",27.8486,40.0273,14.9,0.36,"ML",1.2,"Manyas (Balıkesir)",514656
"22/10/2021 16:13:38",27.8536,40.0331,15.35,0.33,"ML",1.7,"Manyas (Balıkesir)",514645
"22/10/2021 09:19:28",27.8593,40.0358,15.07,0.15,"ML",1.9,"Manyas (Balıkesir)",514613
"20/10/2021 22:59:50",28.6118,40.113,7,0.23,"ML",1.2,"Mustafakemalpaşa (Bursa)",514519
"19/10/2021 20:47:29",26.2521,40.4233,7.15,0.21,"ML",2.2,"Ege Denizi - Saros Körfezi - [13.26 km] Eceabat (Çanakkale)",514471
"19/10/2021 18:36:54",27.588,40.6778,13.33,0.67,"ML",2.1,"Marmara Denizi - [06.51 km] Marmara (Balıkesir)",514468
"19/10/2021 08:51:46",26.5735,40.9331,7.32,0.4,"ML",1.6,"Keşan (Edirne)",514452
"17/10/2021 14:05:30",27.7708,40.5773,7.06,0.39,"ML",1.5,"Marmara Denizi - [06.79 km] Erdek (Balıkesir)",514342
"17/10/2021 09:04:02",26.0111,40.3443,12.94,0.46,"ML",1.9,"Ege Denizi - [14.24 km] Gökçeada (Çanakkale)",514333
"17/10/2021 00:57:02",27.6956,40.7973,6.88,0.4,"ML",2.4,"Marmara Denizi - [16.36 km] Marmara (Balıkesir)",514324
"15/10/2021 13:49:50",27.576,40.7918,7,0.45,"ML",1.3,"Marmara Denizi - [13.05 km] Süleymanpaşa (Tekirdağ)",514279
"14/10/2021 18:48:40",29.4248,40.2838,7.5,0.25,"ML",1.3,"Yenişehir (Bursa)",514199
"14/10/2021 10:26:43",29.32,40.4448,7.24,0.73,"ML",1.1,"Orhangazi (Bursa)",514171
"13/10/2021 15:28:50",29.1656,40.6553,10.37,0.3,"ML",2.4,"Çınarcık (Yalova)",514137
"13/10/2021 02:04:44",27.7276,40.7806,7.03,0.51,"ML",1.9,"Marmara Denizi - [15.37 km] Marmara (Balıkesir)",514117
"12/10/2021 16:57:57",26.0185,40.6428,6.11,0.42,"ML",1.5,"Ege Denizi - [10.37 km] Enez (Edirne)",514104
"12/10/2021 16:52:52",29.184,40.5708,12.81,0.56,"ML",1.5,"Termal (Yalova)",514101
"10/10/2021 03:18:41",27.0275,40.4416,7,0.55,"ML",1.7,"Marmara Denizi - [04.28 km] Biga (Çanakkale)",513978
"08/10/2021 13:01:42",27.0033,40.3371,7.12,0.39,"ML",1.7,"Lapseki (Çanakkale)",513851
"08/10/2021 09:58:48",27.417,40.6166,7.18,0.21,"ML",1.9,"Marmara Denizi - [09.68 km] Marmara (Balıkesir)",513846
"07/10/2021 09:34:13",28.586,40.1043,7,0.17,"ML",1.5,"Mustafakemalpaşa (Bursa)",513795
"05/10/2021 08:58:44",28.8121,40.3171,7.06,0.53,"ML",1.7,"Mudanya (Bursa)",513669
"04/10/2021 12:42:29",28.5171,40.0765,8.18,0.32,"ML",1.9,"Mustafakemalpaşa (Bursa)",513617
"04/10/2021 06:19:40",27.6921,40.7935,7.01,0.47,"ML",1.6,"Marmara Denizi - [15.89 km] Marmara (Balıkesir)",513605
"04/10/2021 06:12:10",27.5981,40.7921,6.97,0.57,"ML",1.5,"Marmara Denizi - [14.49 km] Süleymanpaşa (Tekirdağ)",513604
"04/10/2021 01:29:00",26.0111,40.3375,7,0.53,"ML",1.4,"Ege Denizi - [13.55 km] Gökçeada (Çanakkale)",513593
"04/10/2021 00:52:54",29.0523,40.4331,7,0.29,"ML",1.3,"Marmara Denizi - Gemlik Körfezi - [04.15 km] Gemlik (Bursa)",513591
"04/10/2021 00:08:10",27.4423,40.565,6.72,0.26,"ML",1.8,"Marmara Denizi - [04.21 km] Marmara (Balıkesir)",513588
"03/10/2021 13:33:25",26.8285,40.3656,16.57,0.61,"ML",1.8,"Lapseki (Çanakkale)",513554
"30/09/2021 13:24:39",28.7878,40.9171,7.44,0.35,"ML",1.9,"Marmara Denizi - [05.74 km] Bakırköy (İstanbul)",513301
"30/09/2021 06:51:31",28.7656,40.8263,6.96,0.62,"ML",1.5,"Marmara Denizi - [15.73 km] Bakırköy (İstanbul)",513285
"30/09/2021 02:37:08",27.9763,40.7923,6.98,0.63,"ML",1.7,"Marmara Denizi - [19.35 km] Marmaraereğlisi (Tekirdağ)",513253
"27/09/2021 08:53:33",29.1488,40.6181,10.11,0.25,"ML",1.3,"Çınarcık (Yalova)",513037
"26/09/2021 06:28:20",27.0405,40.2348,11.94,0.57,"ML",2.4,"Biga (Çanakkale)",512922
"26/09/2021 05:43:22",27.3221,40.7455,9.71,0.27,"ML",1.7,"Şarköy (Tekirdağ)",512917
"25/09/2021 17:47:52",27.0661,40.2118,7.02,0.73,"ML",1.8,"Biga (Çanakkale)",512894
"25/09/2021 15:18:11",27.4503,40.7738,6.99,0.4,"ML",1.4,"Marmara Denizi - [07.25 km] Süleymanpaşa (Tekirdağ)",512888
"23/09/2021 22:44:30",27.9068,40.8405,7.08,0.51,"ML",2,"Marmara Denizi - [14.56 km] Marmaraereğlisi (Tekirdağ)",512766
"23/09/2021 08:57:59",29.2511,40.668,7.01,0.27,"ML",3,"Marmara Denizi - [01.35 km] Merkez (Yalova)",512751
"22/09/2021 01:53:04",27.2365,40.5251,7.01,0.37,"ML",1.7,"Marmara Denizi - [10.88 km] Biga (Çanakkale)",512676
"21/09/2021 09:53:58",26.3591,40.4686,7,0.93,"ML",1.7,"Ege Denizi - Saros Körfezi - [12.75 km] Gelibolu (Çanakkale)",512630
"21/09/2021 07:32:34",26.3386,40.8053,7.1,0.17,"ML",2.1,"İpsala (Edirne)",512623
"21/09/2021 02:34:39",27.3178,40.7425,7,0.23,"ML",1.7,"Şarköy (Tekirdağ)",512619
"20/09/2021 13:36:15",27.4208,40.6171,5.03,0.37,"ML",1.5,"Marmara Denizi - [09.53 km] Marmara (Balıkesir)",512598
"19/09/2021 12:15:02",28.974,40.5845,7.02,0.7,"ML",1.5,"Çınarcık (Yalova)",512547
"19/09/2021 06:20:34",27.64,40.3641,7.01,0.7,"ML",1.5,"Marmara Denizi - Erdek Körfezi - [06.78 km] Bandırma (Balıkesir)",512534
"18/09/2021 21:52:46",27.968,40.7821,7.01,0.63,"ML",2.1,"Marmara Denizi - [20.44 km] Marmaraereğlisi (Tekirdağ)",512491
"18/09/2021 08:17:53",29.1731,40.4811,7.11,0.2,"ML",2.2,"Gemlik (Bursa)",512466
"18/09/2021 03:21:49",27.772,40.5815,7,0.21,"ML",1.6,"Marmara Denizi - [06.82 km] Marmara (Balıkesir)",512465
"17/09/2021 22:20:21",27.9238,40.7513,7.12,0.31,"ML",2.4,"Marmara Denizi - [23.67 km] Marmara (Balıkesir)",512452
"17/09/2021 14:02:26",28.5215,40.5625,11.84,0.32,"ML",2.2,"Marmara Denizi - [21.84 km] Karacabey (Bursa)",512436
"17/09/2021 13:55:34",27.2538,40.6121,7,0.18,"ML",1,"Marmara Denizi - [05.90 km] Şarköy (Tekirdağ)",512434
"17/09/2021 12:22:20",28.5228,40.588,11.77,0.29,"ML",3.2,"Marmara Denizi - [24.67 km] Karacabey (Bursa)",512429
"16/09/2021 23:03:34",27.375,40.7061,7,0.29,"ML",1.2,"Marmara Denizi - [05.29 km] Şarköy (Tekirdağ)",512382
"16/09/2021 12:40:27",27.0065,40.0066,7.07,0.71,"ML",1.6,"Çan (Çanakkale)",512359
"15/09/2021 05:57:03",27.779,40.563,7.04,0.51,"ML",1.6,"Marmara Denizi - [05.54 km] Erdek (Balıkesir)",512265
"14/09/2021 23:23:19",29.639,40.3128,7.01,0.37,"ML",1.1,"Yenişehir (Bursa)",512203
"14/09/2021 15:06:42",26.132,40.3745,7.19,0.27,"ML",1.9,"Ege Denizi - [17.64 km] Eceabat (Çanakkale)",512156
"13/09/2021 12:37:58",28.673,40.005,7.57,0.48,"ML",1.5,"Mustafakemalpaşa (Bursa)",511649
"13/09/2021 12:33:40",28.6945,40.0016,7.21,0.73,"ML",1.8,"Mustafakemalpaşa (Bursa)",511648
"12/09/2021 19:59:56",27.4248,40.5865,11.66,0.27,"ML",1.3,"Marmara Denizi - [06.78 km] Marmara (Balıkesir)",511592
"11/09/2021 19:50:57",27.5838,40.7651,7.01,0.55,"ML",2,"Marmara Denizi - [13.95 km] Marmara (Balıkesir)",511530
"11/09/2021 05:30:38",29.008,40.478,7,0.16,"ML",1.9,"Gemlik (Bursa)",511491
"09/09/2021 11:45:55",26.3893,40.4795,7,0.19,"ML",1.5,"Ege Denizi - Saros Körfezi - [11.77 km] Gelibolu (Çanakkale)",511377
"08/09/2021 07:46:48",29.0773,40.0535,10.22,0.47,"ML",1.9,"Osmangazi (Bursa)",511291
"08/09/2021 02:15:11",28.0741,40.8166,7.45,0.99,"ML",1.9,"Marmara Denizi - [19.25 km] Marmaraereğlisi (Tekirdağ)",511254
"07/09/2021 17:15:58",27.3495,40.1301,13.03,0.21,"ML",3.2,"Biga (Çanakkale)",511207
"06/09/2021 21:00:04",27.1155,40.3261,7,0.16,"ML",1.5,"Biga (Çanakkale)",511166
"02/09/2021 13:31:58",29.1305,40.4911,5.49,0.28,"ML",1.3,"Gemlik (Bursa)",510573
"01/09/2021 09:29:00",28.674,40.0321,19.1,0.59,"ML",2,"Mustafakemalpaşa (Bursa)",510491
"31/08/2021 17:45:53",27.6196,40.8311,6.99,0.72,"ML",1,"Marmara Denizi - [14.18 km] Süleymanpaşa (Tekirdağ)",510460
"30/08/2021 08:13:55",27.779,40.5931,7,0.26,"ML",1.7,"Marmara Denizi - [06.70 km] Marmara (Balıkesir)",510362
"29/08/2021 23:45:31",27.474,40.6185,5.92,0.14,"ML",1.6,"Marmara Denizi - [05.56 km] Marmara (Balıkesir)",510355
"28/08/2021 23:34:16",27.5121,40.6333,6.32,0.55,"ML",1.9,"Marmara Denizi - [03.05 km] Marmara (Balıkesir)",510334
"28/08/2021 05:23:58",28.943,40.4125,7,0.66,"ML",1.2,"Marmara Denizi - Gemlik Körfezi - [06.17 km] Armutlu (Yalova)",510310
"27/08/2021 21:43:08",28.2175,40.3128,10.58,0.41,"ML",2.1,"Karacabey (Bursa)",510290
"27/08/2021 10:18:08",27.138,40.3166,6.99,0.27,"ML",1.7,"Biga (Çanakkale)",510266
"27/08/2021 07:13:46",27.1446,40.3275,7,0.16,"ML",2.9,"Biga (Çanakkale)",510255
"27/08/2021 03:12:19",27.7953,40.5731,7.14,0.62,"ML",2,"Marmara Denizi - [07.20 km] Erdek (Balıkesir)",510254
"26/08/2021 23:54:30",27.4803,40.6365,5.49,0.28,"ML",2.8,"Marmara Denizi - [05.53 km] Marmara (Balıkesir)",510245
"26/08/2021 22:29:13",27.4376,40.5861,16.44,0.48,"ML",1.8,"Marmara Denizi - [05.96 km] Marmara (Balıkesir)",510243
"26/08/2021 10:21:10",28.435,40.3543,7,0.1,"ML",1.2,"Karacabey (Bursa)",510215
"26/08/2021 03:06:17",28.7091,40.1758,7,0.16,"ML",1.7,"Ulubat Gölü - [02.13 km] Nilüfer (Bursa)",510199
"25/08/2021 05:09:06",28.2061,40.9046,7.57,0.34,"ML",1.4,"Marmara Denizi - [18.69 km] Silivri (İstanbul)",510159
"25/08/2021 02:52:17",28.0196,40.41,9.73,0.28,"ML",2.4,"Marmara Denizi - Bandırma Körfezi - [03.90 km] Erdek (Balıkesir)",510147
"24/08/2021 10:16:29",27.7633,40.6148,7.04,0.49,"ML",2,"Marmara Denizi - [04.83 km] Marmara (Balıkesir)",510116
"24/08/2021 06:36:57",28.4858,40.8438,6.94,0.37,"ML",1.8,"Marmara Denizi - [17.26 km] Büyükçekmece (İstanbul)",510107
"19/08/2021 07:24:03",27.635,40.7731,6.99,0.4,"ML",2.5,"Marmara Denizi - [13.49 km] Marmara (Balıkesir)",509798
"18/08/2021 07:10:20",27.394,40.5456,7.13,0.44,"ML",2.4,"Marmara Denizi - [07.81 km] Marmara (Balıkesir)",509730
"16/08/2021 10:42:11",29.2905,40.4713,7.55,0.28,"ML",1.4,"Orhangazi (Bursa)",509648
"16/08/2021 04:27:30",28.952,40.4113,7,0.28,"ML",2.1,"Marmara Denizi - Gemlik Körfezi - [06.06 km] Armutlu (Yalova)",509634
"15/08/2021 05:46:53",28.2883,40.8608,7.03,0.64,"ML",1.5,"Marmara Denizi - [22.88 km] Silivri (İstanbul)",509591
"15/08/2021 05:39:33",28.3038,40.8725,7,0.35,"ML",2.6,"Marmara Denizi - [21.32 km] Silivri (İstanbul)",509590
"13/08/2021 11:52:09",26.3641,40.4855,7,0.3,"ML",1.9,"Ege Denizi - Saros Körfezi - [13.69 km] Gelibolu (Çanakkale)",509494
"12/08/2021 13:32:09",28.2321,40.898,7.29,0.41,"ML",1.3,"Marmara Denizi - [19.10 km] Silivri (İstanbul)",509432
"12/08/2021 05:53:02",27.494,40.3826,7,0.31,"ML",1.6,"Marmara Denizi - Erdek Körfezi - [11.02 km] Biga (Çanakkale)",509401
"10/08/2021 04:49:11",27.7328,40.5275,4.91,0.45,"ML",1.2,"Marmara Denizi - [01.78 km] Erdek (Balıkesir)",509253
"10/08/2021 01:13:05",28.8715,40.2,7.02,0.65,"ML",1.4,"Nilüfer (Bursa)",509235
"09/08/2021 19:38:57",29.1938,40.2363,2.01,0.6,"ML",1.1,"Gürsu (Bursa)",509198
"09/08/2021 17:03:53",27.1693,40.3431,7,0.23,"ML",2.6,"Biga (Çanakkale)",509188
"06/08/2021 16:51:46",26.984,40.351,17.2,0.3,"ML",2.1,"Lapseki (Çanakkale)",508831
"06/08/2021 08:10:20",28.9265,40.4888,6.92,0.3,"ML",1.4,"Armutlu (Yalova)",508760
"05/08/2021 05:13:10",27.879,40.7783,7,0.17,"ML",2.1,"Marmara Denizi - [21.76 km] Marmaraereğlisi (Tekirdağ)",508677
"04/08/2021 20:17:47",27.8805,40.7785,7,0.17,"ML",2.5,"Marmara Denizi - [21.71 km] Marmaraereğlisi (Tekirdağ)",508648
"04/08/2021 15:46:24",27.588,40.6255,2.97,0.14,"ML",1.2,"Marmara Denizi, Marmara Adası, Marmara (Balıkesir)",508637
"04/08/2021 14:27:50",27.916,40.8183,7,0.66,"ML",1.6,"Marmara Denizi - [16.78 km] Marmaraereğlisi (Tekirdağ)",508630
"04/08/2021 11:55:54",27.8461,40.7993,7.09,0.86,"ML",2.2,"Marmara Denizi - [20.24 km] Marmaraereğlisi (Tekirdağ)",508619
"04/08/2021 08:18:04",27.858,40.7871,7.02,0.43,"ML",2.2,"Marmara Denizi - [21.22 km] Marmaraereğlisi (Tekirdağ)",508603
"02/08/2021 12:01:34",27.7358,40.0323,7,0.11,"ML",1.1,"Gönen (Balıkesir)",508327
"02/08/2021 05:32:38",29.2793,40.9316,15.56,0.65,"ML",1.9,"Pendik (İstanbul)",508238
"01/08/2021 20:35:34",27.915,40.784,7,0.68,"ML",2.5,"Marmara Denizi - [20.53 km] Marmaraereğlisi (Tekirdağ)",508080
"01/08/2021 17:43:15",29.1478,40.6256,14.27,0.29,"ML",1.5,"Çınarcık (Yalova)",508044
"31/07/2021 18:22:31",29.0373,40.808,6.9,0.13,"ML",1.5,"Marmara Denizi - [07.35 km] Adalar (İstanbul)",507831
"30/07/2021 00:16:06",26.1571,40.3325,7.01,0.54,"ML",1.3,"Ege Denizi - [14.10 km] Eceabat (Çanakkale)",507726
"29/07/2021 14:18:23",28.9991,40.195,6.85,0.21,"ML",2.2,"Osmangazi (Bursa)",507705
"27/07/2021 13:30:22",29.042,40.7456,7,0.41,"ML",1.4,"Marmara Denizi - [11.56 km] Çınarcık (Yalova)",507593
"26/07/2021 23:52:23",27.7641,40.4176,6.99,0.46,"ML",2.2,"Marmara Denizi - Erdek Körfezi - [01.21 km] Erdek (Balıkesir)",507566
"26/07/2021 09:14:40",27.4823,40.3553,7.03,0.18,"ML",1.8,"Marmara Denizi - Erdek Körfezi - [07.87 km] Biga (Çanakkale)",507550
"23/07/2021 09:18:07",28.8618,40.1863,7,0.3,"ML",1,"Nilüfer (Bursa)",507389
"22/07/2021 16:28:16",29.0675,40.7713,7,0.35,"ML",1.2,"Marmara Denizi - [10.83 km] Adalar (İstanbul)",507295
"21/07/2021 07:50:33",27.2853,40.1311,7,0.37,"ML",1.5,"Biga (Çanakkale)",507152
"19/07/2021 12:36:50",29.686,40.9396,22.82,0.16,"ML",1.1,"Gebze (Kocaeli)",507028
"19/07/2021 06:58:06",27.9436,40.802,6.98,0.45,"ML",1.9,"Marmara Denizi - [18.25 km] Marmaraereğlisi (Tekirdağ)",506998
"19/07/2021 01:52:26",27.038,40.3873,7,0.38,"ML",1.6,"Biga (Çanakkale)",506995
"17/07/2021 05:40:13",27.4046,40.3811,7,0.47,"ML",1.5,"Marmara Denizi - Erdek Körfezi - [07.93 km] Biga (Çanakkale)",506910
"16/07/2021 22:27:48",26.9915,40.3523,7,0.55,"ML",1.3,"Lapseki (Çanakkale)",506847
"16/07/2021 17:45:14",27.49,40.7425,7,0.2,"ML",1.3,"Marmara Denizi - [12.06 km] Süleymanpaşa (Tekirdağ)",506828
"16/07/2021 15:29:23",27.487,40.7278,11.81,0.22,"ML",3.1,"Marmara Denizi - [12.92 km] Şarköy (Tekirdağ)",506825
"16/07/2021 00:00:30",29.2203,40.2493,7.72,0.31,"ML",1.6,"Gürsu (Bursa)",506801
"14/07/2021 19:01:42",29.611,40.8175,7.52,0.42,"ML",1.2,"Dilovası (Kocaeli)",506731
"14/07/2021 15:25:40",27.411,40.386,6.1,0.5,"ML",2.4,"Marmara Denizi - Erdek Körfezi - [08.24 km] Biga (Çanakkale)",506727
"13/07/2021 00:27:35",27.4211,40.0168,9.76,0.17,"Mw",3.5,"Yenice (Çanakkale)",506652
"11/07/2021 23:56:39",26.9561,40.2516,6.72,0.19,"ML",1.5,"Lapseki (Çanakkale)",506606
"11/07/2021 12:57:09",27.4321,40.5728,15.37,0.42,"ML",2.4,"Marmara Denizi - [05.39 km] Marmara (Balıkesir)",506584
"10/07/2021 18:46:14",28.8748,40.1946,9.98,0.6,"ML",2.3,"Nilüfer (Bursa)",506498
"09/07/2021 15:11:48",29.2595,40.25,9.31,0.26,"ML",2.1,"Gürsu (Bursa)",506441
"08/07/2021 15:08:41",27.5835,40.6103,5.77,0.14,"ML",1.8,"Marmara Denizi, Marmara Adası, Marmara (Balıkesir)",506385
"08/07/2021 05:17:16",27.9601,40.3633,9.97,0.57,"ML",1.4,"Marmara Denizi - Bandırma Körfezi - [01.52 km] Bandırma (Balıkesir)",506370
"07/07/2021 23:28:24",29.1638,40.6281,10.87,0.51,"ML",1.2,"Termal (Yalova)",506345
"07/07/2021 23:00:29",27.4258,40.7508,6.99,0.57,"ML",1.5,"Marmara Denizi - [07.35 km] Şarköy (Tekirdağ)",506346
"05/07/2021 11:06:42",28.7886,40.0061,7.15,0.4,"ML",1.5,"Mustafakemalpaşa (Bursa)",506184
"05/07/2021 09:20:22",27.5373,40.7631,7.09,0.19,"ML",1.3,"Marmara Denizi - [13.45 km] Süleymanpaşa (Tekirdağ)",506179
"04/07/2021 20:29:10",29.1733,40.6555,8.98,0.29,"ML",2.2,"Çınarcık (Yalova)",506149
"03/07/2021 17:09:36",29.4681,40.2681,7.83,0.26,"ML",1.5,"Yenişehir (Bursa)",506108
"01/07/2021 13:55:10",29.469,40.8115,4.77,0.7,"ML",1.4,"Gebze (Kocaeli)",505993
"30/06/2021 11:42:43",26.2936,40.6713,6.88,0.45,"ML",1.2,"Enez (Edirne)",505922
"29/06/2021 11:18:18",28.5708,40.0913,7.13,0.54,"ML",1.7,"Mustafakemalpaşa (Bursa)",505870
"29/06/2021 08:24:50",27.9443,40.7961,7.01,0.57,"ML",2.2,"Marmara Denizi - [18.90 km] Marmaraereğlisi (Tekirdağ)",505861
"27/06/2021 11:38:35",27.4356,40.765,7,0.42,"ML",2,"Marmara Denizi - [06.99 km] Şarköy (Tekirdağ)",505694
"26/06/2021 16:30:17",27.1126,40.3568,6.97,0.32,"ML",2.3,"Biga (Çanakkale)",505627
"25/06/2021 12:58:02",26.9575,40.0756,7.15,0.32,"ML",1.5,"Çan (Çanakkale)",505527
"25/06/2021 12:48:26",29.434,40.2283,7,0.36,"ML",1,"Kestel (Bursa)",505529
"22/06/2021 14:37:35",27.0476,40.003,7,0.41,"ML",1.3,"Çan (Çanakkale)",505208
"22/06/2021 03:16:19",27.0083,40.3343,7,0.42,"ML",2.4,"Lapseki (Çanakkale)",505125
"21/06/2021 23:52:32",28.6738,40.86,7.27,0.41,"ML",1,"Marmara Denizi - [12.06 km] Beylikdüzü (İstanbul)",505090
"21/06/2021 21:31:11",29.3323,40.2733,7.37,0.23,"ML",1,"Kestel (Bursa)",505082
"21/06/2021 18:38:53",27.5886,40.5896,7.18,0.47,"ML",2,"Marmara Denizi, Marmara Adası, Marmara (Balıkesir)",505072
"21/06/2021 02:30:59",29.272,40.1885,14.78,0.5,"ML",1.3,"Kestel (Bursa)",505012
"20/06/2021 23:41:13",27.7511,40.6823,7.25,0.51,"ML",1.2,"Marmara Denizi - [08.18 km] Marmara (Balıkesir)",505005
"20/06/2021 18:55:05",29.144,40.386,11.61,0.2,"ML",1,"Gemlik (Bursa)",504988
"20/06/2021 17:15:42",28.8073,40.0171,14.34,0.29,"ML",2.8,"Orhaneli (Bursa)",504984
"20/06/2021 17:15:12",28.8078,40.0228,13.79,0.2,"ML",2.8,"Orhaneli (Bursa)",504983
"19/06/2021 15:07:52",29.2328,40.9413,7.06,0.24,"ML",3.9,"Kartal (İstanbul)",504958
"19/06/2021 07:41:59",27.005,40.3313,7,0.27,"ML",1.5,"Lapseki (Çanakkale)",504951
"19/06/2021 07:36:18",27.006,40.3281,7,0.23,"ML",1.8,"Lapseki (Çanakkale)",504952
"18/06/2021 05:24:25",28.6321,40.4146,7.08,0.64,"ML",1.6,"Marmara Denizi - [05.97 km] Mudanya (Bursa)",504915
"18/06/2021 03:23:08",27.8313,40.4163,7,0.28,"ML",1,"Erdek (Balıkesir)",504909
"18/06/2021 03:21:17",27.8155,40.4033,6.98,0.78,"ML",1.8,"Erdek (Balıkesir)",504899
"18/06/2021 02:15:38",27.8305,40.3538,7,0.77,"ML",1.5,"Marmara Denizi - Erdek Körfezi - [02.86 km] Bandırma (Balıkesir)",504906
"17/06/2021 23:13:53",27.1028,40.3783,6.63,0.58,"ML",1.8,"Biga (Çanakkale)",504897
"15/06/2021 10:53:21",26.9971,40.3326,7.06,0.33,"ML",1.7,"Lapseki (Çanakkale)",504724
"15/06/2021 03:39:35",28.0645,40.8006,7,0.69,"ML",1.6,"Marmara Denizi - [20.44 km] Marmaraereğlisi (Tekirdağ)",504715
"14/06/2021 23:50:32",28.016,40.8066,6.92,0.38,"ML",2.8,"Marmara Denizi - [18.36 km] Marmaraereğlisi (Tekirdağ)",504702
"14/06/2021 06:19:46",27.0108,40.3298,7,0.2,"ML",1.2,"Lapseki (Çanakkale)",504670
"14/06/2021 00:46:42",27.0033,40.329,7,0.12,"ML",1.3,"Lapseki (Çanakkale)",504665
"13/06/2021 11:25:13",27.8063,40.7625,7.12,0.38,"ML",2,"Marmara Denizi - [17.49 km] Marmara (Balıkesir)",504651
"13/06/2021 10:35:07",28.279,40.8681,7.41,0.2,"ML",1.5,"Marmara Denizi - [22.06 km] Silivri (İstanbul)",504649
"12/06/2021 03:09:01",29.1228,40.7616,7.07,0.51,"ML",1.5,"Marmara Denizi - [10.07 km] Adalar (İstanbul)",504588
"10/06/2021 16:55:30",27.643,40.0046,7,0.2,"ML",1.3,"Gönen (Balıkesir)",504506
"09/06/2021 01:57:12",27.2788,40.5315,7,0.53,"ML",1.1,"Marmara Denizi - [13.58 km] Biga (Çanakkale)",504419
"08/06/2021 09:33:42",27.8156,40.1105,5.11,0.19,"ML",1.8,"Gönen (Balıkesir)",504375
"05/06/2021 04:37:08",27.1425,40.3875,6.9,0.29,"ML",1.8,"Biga (Çanakkale)",504168
"04/06/2021 13:07:21",27.1175,40.4028,6.99,0.35,"ML",2.5,"Biga (Çanakkale)",504136
"01/06/2021 10:32:37",28.7225,40.4165,6.16,0.29,"ML",3,"Marmara Denizi - [06.64 km] Mudanya (Bursa)",503995
"01/06/2021 04:05:25",29.2656,40.697,7,0.15,"ML",1.4,"Marmara Denizi - [04.47 km] Merkez (Yalova)",503986
"01/06/2021 03:51:23",27.4138,40.6915,7,0.23,"ML",2.1,"Marmara Denizi - [08.84 km] Şarköy (Tekirdağ)",503984
"01/06/2021 03:40:15",27.4176,40.6868,7.06,0.21,"ML",1.8,"Marmara Denizi - [09.30 km] Şarköy (Tekirdağ)",503983
"31/05/2021 16:49:45",28.3208,40.1831,7,0.13,"ML",1.3,"Karacabey (Bursa)",503974
"30/05/2021 19:13:16",29.3111,40.071,6.96,0.53,"ML",2.1,"İnegöl (Bursa)",503922
"30/05/2021 03:05:28",29.149,40.416,11.28,0.43,"ML",1.1,"Gemlik (Bursa)",503897
"29/05/2021 16:21:49",28.6733,40.3891,7.46,0.21,"ML",2.2,"Marmara Denizi - [04.68 km] Mudanya (Bursa)",503867
"28/05/2021 15:12:49",27.5471,40.3485,7,0.19,"ML",1.6,"Marmara Denizi - Erdek Körfezi - [08.63 km] Gönen (Balıkesir)",503825
"28/05/2021 14:15:51",27.5548,40.3516,7.02,0.23,"ML",1.7,"Marmara Denizi - Erdek Körfezi - [08.97 km] Gönen (Balıkesir)",503823
"28/05/2021 13:59:53",27.5523,40.3475,6.99,0.25,"ML",2.4,"Marmara Denizi - Erdek Körfezi - [08.51 km] Gönen (Balıkesir)",503822
"27/05/2021 13:36:34",28.882,40.8285,6.99,0.54,"ML",1.6,"Marmara Denizi - [10.25 km] Adalar (İstanbul)",503781
"26/05/2021 23:37:28",27.6403,40.5413,6.75,0.46,"ML",1.9,"Marmara Denizi - [05.26 km] Erdek (Balıkesir)",503747
"23/05/2021 17:48:30",27.1155,40.392,7.02,0.4,"ML",1.8,"Biga (Çanakkale)",503537
"23/05/2021 04:12:41",29.1486,40.6808,7,0.3,"ML",1.2,"Marmara Denizi - [03.29 km] Çınarcık (Yalova)",503511
"23/05/2021 02:31:37",28.9405,40.1018,6.46,0.2,"ML",1.8,"Nilüfer (Bursa)",503508
"23/05/2021 02:12:19",28.6166,40.095,7,0.38,"ML",1,"Mustafakemalpaşa (Bursa)",503507
"22/05/2021 14:29:09",27.6696,40.3866,7,0.27,"ML",1.8,"Marmara Denizi - Erdek Körfezi - [08.36 km] Erdek (Balıkesir)",503483
"22/05/2021 10:58:25",28.4825,40.2291,7.01,0.95,"ML",1.8,"Karacabey (Bursa)",503474
"22/05/2021 00:02:25",27.3543,40.132,14.15,0.54,"ML",1.8,"Biga (Çanakkale)",503453
"18/05/2021 23:18:45",27.3688,40.1473,10.82,0.18,"ML",1.9,"Biga (Çanakkale)",502643
"18/05/2021 21:16:24",27.4758,40.663,11.49,0.22,"ML",1.8,"Marmara Denizi - [07.54 km] Marmara (Balıkesir)",502639
"18/05/2021 11:23:17",29.1146,40.6815,7.09,0.39,"ML",1.8,"Marmara Denizi - [03.89 km] Çınarcık (Yalova)",502618
"18/05/2021 02:44:04",26.9671,40.3848,7,0.58,"ML",1.1,"Lapseki (Çanakkale)",502586
"17/05/2021 13:42:44",29.2138,40.4458,5.08,0.33,"ML",1.2,"Gemlik (Bursa)",502549
"16/05/2021 23:40:18",27.176,40.3466,7.33,0.38,"ML",1.2,"Biga (Çanakkale)",502511
"16/05/2021 18:56:23",29.2063,40.604,5.88,0.49,"ML",1.8,"Termal (Yalova)",502500
"15/05/2021 13:45:10",27.4693,40.813,7,0.7,"ML",1.2,"Marmara Denizi - [06.20 km] Süleymanpaşa (Tekirdağ)",502444
"14/05/2021 07:11:22",28.2115,40.8616,7.04,0.33,"ML",1.4,"Marmara Denizi - [23.31 km] Silivri (İstanbul)",502376
"13/05/2021 21:58:12",28.8688,40.0475,10.86,0.13,"ML",1.2,"Orhaneli (Bursa)",502363
"13/05/2021 11:36:00",27.0976,40.279,7.04,0.72,"ML",1.2,"Biga (Çanakkale)",502348
"13/05/2021 03:53:14",27.7186,40.8208,7.09,0.47,"ML",1.5,"Marmara Denizi - [19.35 km] Marmara (Balıkesir)",502312
"12/05/2021 12:55:41",27.6226,40.3238,6.97,0.25,"ML",2.2,"Gönen (Balıkesir)",502263
"11/05/2021 08:02:57",29.0061,40.088,11.36,0.64,"ML",1.3,"Osmangazi (Bursa)",502204
"10/05/2021 13:14:25",29.1076,40.3125,5.65,0.87,"ML",1.4,"Osmangazi (Bursa)",502145
"08/05/2021 09:11:44",27.5288,40.2831,7,0.35,"ML",1.6,"Gönen (Balıkesir)",502040
"07/05/2021 13:27:26",29.0983,40.6105,6.47,0.1,"ML",2.1,"Çınarcık (Yalova)",501965
"07/05/2021 13:20:37",29.1555,40.6253,10.13,0.15,"ML",1.3,"Çınarcık (Yalova)",501967
"07/05/2021 13:18:09",29.1458,40.6136,9.27,0.12,"ML",1,"Çınarcık (Yalova)",501966
"07/05/2021 13:04:30",29.1465,40.6346,7.88,0.32,"ML",1.7,"Çınarcık (Yalova)",501963
"07/05/2021 12:50:47",29.155,40.6298,10.33,0.28,"ML",1.1,"Çınarcık (Yalova)",501961
"07/05/2021 12:07:47",29.154,40.6295,10.16,0.27,"ML",1.5,"Çınarcık (Yalova)",501952
"07/05/2021 12:00:03",29.1318,40.6235,8.86,0.27,"ML",1.4,"Çınarcık (Yalova)",501951
"07/05/2021 11:49:49",29.1461,40.6231,9.4,0.24,"ML",1.8,"Çınarcık (Yalova)",501947
"07/05/2021 11:46:12",29.147,40.6233,9.53,0.22,"ML",1.6,"Çınarcık (Yalova)",501946
"07/05/2021 11:43:35",29.1458,40.6283,10.33,0.24,"ML",1.6,"Çınarcık (Yalova)",501943
"07/05/2021 11:39:40",29.1348,40.635,8.84,0.26,"ML",1.7,"Çınarcık (Yalova)",501942
"07/05/2021 11:38:23",29.1526,40.6305,10.02,0.34,"ML",1.8,"Çınarcık (Yalova)",501941
"07/05/2021 01:48:39",27.7006,40.316,7,0.37,"ML",1,"Marmara Denizi - Erdek Körfezi - [01.59 km] Bandırma (Balıkesir)",501917
"06/05/2021 11:18:21",29.204,40.7506,6.9,0.26,"ML",1.4,"Marmara Denizi - [10.82 km] Tuzla (İstanbul)",501894
"05/05/2021 23:48:47",26.5006,40.4785,6.95,0.77,"ML",1.5,"Ege Denizi - Saros Körfezi - [06.40 km] Gelibolu (Çanakkale)",501841
"05/05/2021 19:57:46",28.118,40.0713,7,0.74,"ML",0.9,"Susurluk (Balıkesir)",501835
"05/05/2021 17:12:32",27.3956,40.3455,7.01,0.37,"ML",1.5,"Marmara Denizi - Erdek Körfezi - [04.15 km] Biga (Çanakkale)",501824
"05/05/2021 12:55:17",27.3873,40.3405,7,0.28,"ML",1.5,"Biga (Çanakkale)",501805
"05/05/2021 09:47:06",27.4086,40.346,7,0.23,"ML",1.7,"Marmara Denizi - Erdek Körfezi - [04.58 km] Biga (Çanakkale)",501789
"05/05/2021 09:42:11",27.3946,40.346,10.24,0.36,"Mw",4,"Marmara Denizi - Erdek Körfezi - [04.19 km] Biga (Çanakkale)",501787
"02/05/2021 23:34:39",28.1111,40.8045,7.16,0.54,"ML",1.8,"Marmara Denizi - [22.09 km] Marmaraereğlisi (Tekirdağ)",501647
"02/05/2021 22:31:18",28.107,40.828,6.94,0.65,"ML",2.6,"Marmara Denizi - [19.80 km] Marmaraereğlisi (Tekirdağ)",501640
"02/05/2021 14:33:16",28.1158,40.8516,7.21,0.56,"ML",1.6,"Marmara Denizi - [18.38 km] Marmaraereğlisi (Tekirdağ)",501622
"02/05/2021 01:35:31",28.55,40.766,7.21,0.54,"ML",1.3,"Marmara Denizi - [23.65 km] Beylikdüzü (İstanbul)",501590
"01/05/2021 13:38:58",26.9266,40.393,6.75,0.31,"ML",1.7,"Lapseki (Çanakkale)",501559
"30/04/2021 22:49:03",28.6316,40.3531,7,0.62,"ML",1.5,"Mudanya (Bursa)",501513
"30/04/2021 05:51:43",28.899,40.4035,10.58,0.32,"ML",1.6,"Marmara Denizi - Gemlik Körfezi - [03.12 km] Mudanya (Bursa)",501435
"29/04/2021 23:36:08",29.0703,40.6231,11.88,0.44,"ML",1.8,"Çınarcık (Yalova)",501418
"29/04/2021 13:25:16",27.0943,40.241,7,0.3,"ML",1.8,"Biga (Çanakkale)",501397
"29/04/2021 08:55:50",28.868,40.4083,7,0.8,"ML",1.4,"Marmara Denizi - Gemlik Körfezi - [02.96 km] Mudanya (Bursa)",501382
"27/04/2021 09:26:34",28.8703,40.5916,14.64,0.34,"ML",1.8,"Marmara Denizi - [02.03 km] Armutlu (Yalova)",501195
"26/04/2021 16:59:24",28.256,40.8268,7,0.86,"ML",1.1,"Marmara Denizi - [26.73 km] Silivri (İstanbul)",501090
"26/04/2021 14:14:24",27.824,40.114,7,0.19,"ML",2.2,"Manyas (Balıkesir)",501079
"25/04/2021 03:08:32",28.191,40.0261,6.97,0.25,"ML",1.6,"Susurluk (Balıkesir)",500971
"24/04/2021 13:19:01",28.6468,40.0191,6.77,0.29,"ML",1.5,"Mustafakemalpaşa (Bursa)",500935
"24/04/2021 11:37:46",28.6225,40.067,4.74,0.36,"ML",1.9,"Mustafakemalpaşa (Bursa)",500929
"23/04/2021 18:58:08",27.6075,40.3513,6.99,0.63,"ML",1.7,"Marmara Denizi - Erdek Körfezi - [07.27 km] Bandırma (Balıkesir)",500893
"23/04/2021 13:13:24",27.6046,40.3578,7,0.26,"ML",1.9,"Marmara Denizi - Erdek Körfezi - [07.94 km] Bandırma (Balıkesir)",500863
"23/04/2021 09:13:38",27.6091,40.347,6.99,0.29,"ML",2.4,"Marmara Denizi - Erdek Körfezi - [06.86 km] Bandırma (Balıkesir)",500851
"22/04/2021 23:15:43",27.694,40.7408,7,0.14,"ML",1.5,"Marmara Denizi - [10.24 km] Marmara (Balıkesir)",500821
"22/04/2021 08:37:43",29.97222,40.14,7,0.25,"ML",1.5,"Merkez (Bilecik)",500769
"22/04/2021 02:27:50",27.4563,40.7301,14.83,0.32,"ML",1.8,"Marmara Denizi - [10.53 km] Şarköy (Tekirdağ)",500733
"21/04/2021 23:30:08",28.6966,40.722,7.06,0.51,"ML",1.5,"Marmara Denizi - [21.93 km] Armutlu (Yalova)",500716
"21/04/2021 15:16:34",27.6053,40.3578,7,0.22,"ML",1.5,"Marmara Denizi - Erdek Körfezi - [07.90 km] Bandırma (Balıkesir)",500680
"20/04/2021 13:28:43",28.119,40.5078,12.52,0.23,"ML",1.4,"Marmara Denizi - [09.06 km] Erdek (Balıkesir)",500574
"20/04/2021 11:21:20",29.9601,40.2033,7.15,0.76,"ML",1.2,"Merkez (Bilecik)",500563
"19/04/2021 09:48:30",28.597,40.8035,6.54,0.88,"ML",1.8,"Marmara Denizi - [18.54 km] Beylikdüzü (İstanbul)",500444
"19/04/2021 08:41:35",28.6865,40.7278,7,0.35,"ML",2.3,"Marmara Denizi - [22.98 km] Armutlu (Yalova)",500437
"18/04/2021 08:45:38",28.7,40.761,5.1,0.5,"ML",1.5,"Marmara Denizi - [23.27 km] Beylikdüzü (İstanbul)",500278
"18/04/2021 08:08:54",28.7093,40.7688,7.03,0.37,"ML",1.8,"Marmara Denizi - [22.60 km] Beylikdüzü (İstanbul)",500277
"18/04/2021 07:33:22",28.7005,40.7365,7.01,0.23,"Mw",3.6,"Marmara Denizi - [22.96 km] Armutlu (Yalova)",500261
"17/04/2021 06:54:17",28.749,40.7513,7.79,0.58,"ML",2.1,"Marmara Denizi - [22.14 km] Armutlu (Yalova)",500171
"17/04/2021 06:21:33",28.7553,40.714,12.24,0.65,"ML",1.7,"Marmara Denizi - [18.26 km] Armutlu (Yalova)",500172
"17/04/2021 05:51:28",28.7576,40.655,20.81,0.69,"ML",1.7,"Marmara Denizi - [12.98 km] Armutlu (Yalova)",500165
"17/04/2021 03:50:16",28.7363,40.7653,7,0.55,"ML",2,"Marmara Denizi - [22.93 km] Bakırköy (İstanbul)",500157
"17/04/2021 02:41:03",28.7473,40.7103,7.07,0.61,"ML",1.5,"Marmara Denizi - [18.28 km] Armutlu (Yalova)",500152
"17/04/2021 02:36:30",28.7366,40.7226,17.63,0.41,"ML",2.8,"Marmara Denizi - [19.92 km] Armutlu (Yalova)",500144
"16/04/2021 23:01:47",28.7353,40.7586,11.31,0.63,"ML",2.1,"Marmara Denizi - [23.40 km] Armutlu (Yalova)",500140
"16/04/2021 20:45:52",28.7636,40.758,7,0.59,"ML",1.8,"Marmara Denizi - [22.29 km] Armutlu (Yalova)",500126
"16/04/2021 17:52:19",27.4193,40.14,12.01,0.73,"ML",1.6,"Gönen (Balıkesir)",500119
"16/04/2021 15:00:30",28.833,40.1733,10.93,0.33,"ML",2.3,"Nilüfer (Bursa)",500110
"16/04/2021 10:35:33",29.171,40.604,5.75,0.3,"ML",1.8,"Termal (Yalova)",500090
"16/04/2021 00:19:38",28.6836,40.3263,7.02,0.44,"ML",1.3,"Mudanya (Bursa)",500049
"15/04/2021 20:00:48",28.8461,40.164,12.12,0.32,"ML",1.7,"Nilüfer (Bursa)",500030
"15/04/2021 07:45:46",26.1691,40.278,7,0.9,"ML",1.8,"Ege Denizi - [13.14 km] Eceabat (Çanakkale)",500000
"15/04/2021 05:02:16",27.9641,40.4261,13.71,0.11,"ML",1.5,"Erdek (Balıkesir)",499984
"13/04/2021 13:09:10",29.0291,40.2121,9.59,0.21,"ML",1.3,"Osmangazi (Bursa)",499814
"12/04/2021 19:37:53",28.6028,40.7461,7.02,0.68,"ML",1.3,"Marmara Denizi - [24.72 km] Beylikdüzü (İstanbul)",499744
"12/04/2021 15:36:00",28.918,40.4016,12.88,0.31,"ML",2.9,"Marmara Denizi - Gemlik Körfezi - [04.00 km] Mudanya (Bursa)",499734
"12/04/2021 06:14:53",29.0776,40.6348,7,0.29,"ML",1.2,"Çınarcık (Yalova)",499699
"11/04/2021 22:12:51",29.0761,40.6208,6.97,0.38,"ML",1.8,"Çınarcık (Yalova)",499673
"10/04/2021 21:44:52",28.6376,40.0455,7.01,0.22,"ML",1.7,"Mustafakemalpaşa (Bursa)",499627
"10/04/2021 08:41:49",27.5438,40.3191,7,0.27,"ML",1.5,"Marmara Denizi - Erdek Körfezi - [05.39 km] Gönen (Balıkesir)",499604
"10/04/2021 03:47:11",28.209,40.8496,7.66,0.68,"ML",2.2,"Marmara Denizi - [24.66 km] Silivri (İstanbul)",499576
"09/04/2021 03:39:00",28.1718,40.8771,7,0.75,"ML",1.9,"Marmara Denizi - [20.53 km] Marmaraereğlisi (Tekirdağ)",499500
"08/04/2021 14:56:46",28.1563,40.8836,7.03,0.31,"ML",1.8,"Marmara Denizi - [19.04 km] Marmaraereğlisi (Tekirdağ)",499453
"08/04/2021 10:01:46",28.2453,40.8898,7.02,0.25,"ML",1.8,"Marmara Denizi - [19.88 km] Silivri (İstanbul)",498860
"07/04/2021 20:07:52",28.2266,40.9233,7.06,0.28,"ML",1.7,"Marmara Denizi - [16.35 km] Silivri (İstanbul)",498812
"07/04/2021 13:40:10",28.442,40.1573,6.99,0.18,"ML",1.6,"Mustafakemalpaşa (Bursa)",498796
"07/04/2021 11:34:46",28.6591,40.0088,5.47,0.56,"ML",1.8,"Mustafakemalpaşa (Bursa)",498788
"07/04/2021 09:44:14",27.4073,40.7476,7,0.16,"ML",1.3,"Marmara Denizi - [06.22 km] Şarköy (Tekirdağ)",498776
"06/04/2021 06:48:13",28.9638,40.5693,11.87,0.75,"ML",1.4,"Çınarcık (Yalova)",498727
"06/04/2021 01:46:48",27.6891,40.0623,15.05,0.43,"ML",1.3,"Gönen (Balıkesir)",498704
"05/04/2021 03:48:31",27.6961,40.594,5.62,0.41,"ML",1.8,"Marmara Denizi - [02.70 km] Marmara (Balıkesir)",498713
"04/04/2021 21:53:45",27.1726,40.2561,7,0.35,"ML",1.5,"Biga (Çanakkale)",498629
"04/04/2021 00:30:32",26.1736,40.4091,6.23,0.29,"ML",2.4,"Ege Denizi - [16.86 km] Eceabat (Çanakkale)",498606
"03/04/2021 01:11:05",28.1713,40.8856,7.02,0.31,"ML",1.8,"Marmara Denizi - [20.05 km] Marmaraereğlisi (Tekirdağ)",498544
"02/04/2021 01:19:07",28.189,40.8716,6.94,0.47,"ML",1.6,"Marmara Denizi - [22.10 km] Marmaraereğlisi (Tekirdağ)",498481
"01/04/2021 23:21:51",28.8821,40.5758,10.11,0.57,"ML",1.4,"Armutlu (Yalova)",498477
"01/04/2021 18:46:56",27.6041,40.348,7,0.62,"ML",1.5,"Marmara Denizi - Erdek Körfezi - [07.26 km] Bandırma (Balıkesir)",498457
"01/04/2021 11:16:44",28.1586,40.8956,6.54,0.34,"ML",1.7,"Marmara Denizi - [18.61 km] Marmaraereğlisi (Tekirdağ)",498442
"01/04/2021 10:44:49",28.2245,40.894,6.83,0.42,"ML",1.6,"Marmara Denizi - [19.60 km] Silivri (İstanbul)",498441
"30/03/2021 00:12:26",28.0838,40.688,6.97,0.17,"ML",1.7,"Marmara Denizi - [23.69 km] Erdek (Balıkesir)",498308
"29/03/2021 17:49:44",29.9973,40.1605,7.05,0.18,"ML",1.2,"Merkez (Bilecik)",498302
"28/03/2021 23:27:42",27.9455,40.7813,7.27,0.59,"ML",1.5,"Marmara Denizi - [20.53 km] Marmaraereğlisi (Tekirdağ)",498234
"28/03/2021 21:52:53",27.994,40.7968,7.02,0.66,"ML",2,"Marmara Denizi - [19.03 km] Marmaraereğlisi (Tekirdağ)",498228
"28/03/2021 13:26:40",29.2105,40.5705,15.67,0.77,"ML",1.6,"Termal (Yalova)",498196
"27/03/2021 23:12:53",28.1076,40.5376,7.01,0.28,"ML",2.6,"Marmara Denizi - [10.36 km] Erdek (Balıkesir)",498147
"27/03/2021 06:55:02",29.0796,40.5253,7,0.24,"ML",1.1,"Gemlik (Bursa)",498107
"26/03/2021 19:20:45",29.277,40.7885,7,0.15,"ML",1.3,"Marmara Denizi - [03.73 km] Tuzla (İstanbul)",498087
"24/03/2021 09:05:11",27.755,40.0808,7.01,0.16,"ML",1.4,"Gönen (Balıkesir)",497984
"23/03/2021 05:12:07",29.0946,40.6105,7.02,0.37,"ML",1.6,"Çınarcık (Yalova)",497933
"22/03/2021 05:30:52",28.0755,40.4825,7,0.17,"ML",1.2,"Marmara Denizi - [04.53 km] Erdek (Balıkesir)",497902
"22/03/2021 00:33:56",28.1101,40.5006,7,0.18,"ML",3.3,"Marmara Denizi - [08.02 km] Erdek (Balıkesir)",497895
"21/03/2021 12:21:18",27.8195,40.208,7,0.83,"ML",1.1,"Gönen (Balıkesir)",497877
"19/03/2021 02:06:59",29.9393,40.2106,5.37,0.45,"ML",1.8,"Merkez (Bilecik)",497717
"18/03/2021 03:58:45",27.7783,40.1245,7,0.14,"ML",1.1,"Gönen (Balıkesir)",497659
"17/03/2021 00:39:15",29.316,40.4876,7,0.39,"ML",1.3,"Orhangazi (Bursa)",497600
"15/03/2021 11:21:04",28.9808,40.6018,7,0.29,"ML",1.6,"Çınarcık (Yalova)",497528
"15/03/2021 06:12:10",27.2266,40.5898,7.04,0.44,"ML",1.3,"Marmara Denizi - [06.38 km] Şarköy (Tekirdağ)",497514
"15/03/2021 05:31:05",27.756,40.1106,6.99,0.46,"ML",1.8,"Gönen (Balıkesir)",497511
"14/03/2021 18:09:40",27.7683,40.1051,7.01,0.34,"ML",2,"Gönen (Balıkesir)",497496
"14/03/2021 06:50:07",29.152,40.627,14.61,0.7,"ML",1.2,"Çınarcık (Yalova)",497463
"14/03/2021 06:11:28",28.7091,40.85,6.99,0.81,"ML",1.2,"Marmara Denizi - [13.95 km] Beylikdüzü (İstanbul)",497465
"14/03/2021 06:02:18",28.7093,40.8585,8.03,0.5,"ML",2.6,"Marmara Denizi - [13.04 km] Beylikdüzü (İstanbul)",497459
"14/03/2021 01:20:11",27.3805,40.1788,7.06,0.3,"ML",1,"Biga (Çanakkale)",497439
"13/03/2021 19:29:03",27.4205,40.674,7,0.39,"ML",1.1,"Marmara Denizi - [10.06 km] Şarköy (Tekirdağ)",497407
"13/03/2021 18:32:53",27.6426,40.826,7.04,0.61,"ML",2,"Marmara Denizi - [16.20 km] Süleymanpaşa (Tekirdağ)",497402
"12/03/2021 23:13:23",27.7406,40.127,11.73,0.23,"ML",1.7,"Gönen (Balıkesir)",497355
"12/03/2021 04:02:30",27.1508,40.4013,7,0.53,"ML",1.3,"Biga (Çanakkale)",497316
"10/03/2021 16:18:44",27.5616,40.339,7,0.29,"ML",1.4,"Marmara Denizi - Erdek Körfezi - [07.62 km] Gönen (Balıkesir)",497232
"09/03/2021 20:09:42",29.1796,40.4893,7.34,0.23,"ML",2.1,"Gemlik (Bursa)",497185
"09/03/2021 19:35:22",27.246,40.3388,6.97,0.47,"ML",1.9,"Biga (Çanakkale)",497184
"08/03/2021 14:26:17",29.5721,40.8438,7,0.66,"ML",1.1,"Dilovası (Kocaeli)",497134
"08/03/2021 03:56:25",26.1106,40.9418,7,0.14,"ML",1.3,"Evros, Anatoliki Makedonia kai Thraki (Yunanistan) - [19.47 km] İpsala (Edirne)",497111
"08/03/2021 02:55:20",28.797,40.8375,6.87,0.4,"ML",1.4,"Marmara Denizi - [13.88 km] Bakırköy (İstanbul)",497105
"07/03/2021 22:09:32",27.5548,40.8161,6.99,0.68,"ML",1.6,"Marmara Denizi - [09.97 km] Süleymanpaşa (Tekirdağ)",497086
"06/03/2021 10:18:58",27.4865,40.8036,7,0.86,"ML",1.7,"Marmara Denizi - [07.58 km] Süleymanpaşa (Tekirdağ)",497042
"06/03/2021 09:41:37",27.5188,40.7775,6.98,0.68,"ML",2.1,"Marmara Denizi - [11.30 km] Süleymanpaşa (Tekirdağ)",497039
"05/03/2021 18:20:50",29.5618,40.9105,5.91,0.7,"ML",1.1,"Gebze (Kocaeli)",496989
"05/03/2021 09:42:48",27.4898,40.7196,7,0.19,"ML",1.1,"Marmara Denizi - [12.30 km] Marmara (Balıkesir)",496957
"05/03/2021 01:50:33",28.0106,40.762,7.03,0.29,"ML",1.6,"Marmara Denizi - [23.08 km] Marmaraereğlisi (Tekirdağ)",496951
"05/03/2021 00:33:37",29.0663,40.6195,7,0.3,"ML",2.2,"Çınarcık (Yalova)",496946
"04/03/2021 18:33:06",27.4335,40.6658,11.17,0.26,"ML",1.6,"Marmara Denizi - [10.57 km] Marmara (Balıkesir)",496931
"03/03/2021 03:10:05",28.2705,40.8681,7,0.27,"ML",1.9,"Marmara Denizi - [22.08 km] Silivri (İstanbul)",496837
"28/02/2021 23:53:08",29.1616,40.7441,7,0.64,"ML",1.3,"Marmara Denizi - [10.03 km] Çınarcık (Yalova)",496731
"28/02/2021 12:51:53",28.797,40.0271,22.37,0.15,"ML",1.7,"Orhaneli (Bursa)",496696
"28/02/2021 07:04:10",29.0468,40.619,7.49,0.3,"ML",2,"Çınarcık (Yalova)",496686
"28/02/2021 05:20:36",28.679,40.867,7.04,0.19,"ML",2.7,"Marmara Denizi - [11.40 km] Beylikdüzü (İstanbul)",496674
"28/02/2021 03:30:23",29.0471,40.596,7.08,0.26,"ML",2.2,"Çınarcık (Yalova)",496679
"27/02/2021 23:30:02",27.7213,40.3601,6.44,0.25,"ML",1.8,"Marmara Denizi - Erdek Körfezi - [06.23 km] Bandırma (Balıkesir)",496668
"27/02/2021 21:35:12",29.0851,40.6323,7,0.45,"ML",1,"Çınarcık (Yalova)",496658
"27/02/2021 20:28:10",29.0511,40.6311,12.73,0.35,"ML",1.2,"Çınarcık (Yalova)",496659
"27/02/2021 15:12:06",29.0435,40.618,7.02,0.38,"ML",3,"Çınarcık (Yalova)",496642
"26/02/2021 14:45:52",28.947,40.124,6.99,0.8,"ML",1.2,"Nilüfer (Bursa)",496591
"25/02/2021 09:17:12",28.911,40.0646,11.58,0.2,"ML",2,"Orhaneli (Bursa)",496503
"25/02/2021 08:14:07",28.9091,40.06,9.88,0.2,"ML",2.6,"Orhaneli (Bursa)",496501
"24/02/2021 16:32:58",27.338,40.729,6.2,0.4,"ML",1.1,"Marmara Denizi - [02.04 km] Şarköy (Tekirdağ)",496462
"24/02/2021 03:57:45",27.4698,40.6648,7.86,0.37,"ML",1.8,"Marmara Denizi - [08.05 km] Marmara (Balıkesir)",496439
"23/02/2021 19:42:45",28.3196,40.843,7.03,0.38,"ML",1.5,"Marmara Denizi - [23.69 km] Büyükçekmece (İstanbul)",496422
"23/02/2021 13:31:59",27.289,40.028,8,0.58,"ML",1.1,"Yenice (Çanakkale)",496404
"23/02/2021 13:00:51",29.279,40.4676,6.99,0.37,"ML",1.2,"Orhangazi (Bursa)",496401
"23/02/2021 04:30:43",27.5043,40.614,5.09,0.48,"ML",1.5,"Marmara Denizi - [02.99 km] Marmara (Balıkesir)",496365
"23/02/2021 04:06:52",28.0036,40.0253,12.94,0.16,"ML",1,"Manyas (Balıkesir)",496360
"22/02/2021 16:51:29",27.9721,40.8495,6.99,0.28,"ML",1.1,"Marmara Denizi - [12.99 km] Marmaraereğlisi (Tekirdağ)",496330
"21/02/2021 01:36:04",28.836,40.207,7.07,0.63,"ML",1.2,"Nilüfer (Bursa)",496236
"20/02/2021 22:20:29",29.08,40.0561,10.56,0.57,"ML",1.6,"Osmangazi (Bursa)",496219
"20/02/2021 18:08:24",29.2978,40.2288,7,0.53,"ML",1.1,"Kestel (Bursa)",496187
"19/02/2021 21:02:53",28.841,40.8246,6.99,0.55,"ML",1.4,"Marmara Denizi - [13.63 km] Adalar (İstanbul)",496119
"18/02/2021 08:45:24",29.1098,40.4235,7.12,0.33,"ML",1.6,"Marmara Denizi - Gemlik Körfezi - [01.49 km] Gemlik (Bursa)",496012
"17/02/2021 10:17:23",27.3343,40.2933,7,0.26,"ML",1.7,"Biga (Çanakkale)",495965
"17/02/2021 02:04:48",29.7201,40.1465,9.68,0.74,"ML",1.2,"Merkez (Bilecik)",495926
"13/02/2021 15:06:21",27.6955,40.3088,7.03,0.38,"ML",2,"Bandırma (Balıkesir)",495711
"13/02/2021 08:28:34",27.617,40.2045,7,0.57,"ML",1.4,"Gönen (Balıkesir)",495696
"12/02/2021 12:41:01",27.4611,40.4645,7,0.36,"ML",1.3,"Marmara Denizi - [05.88 km] Marmara (Balıkesir)",495619
"12/02/2021 06:58:38",27.452,40.735,7,0.31,"ML",1.6,"Marmara Denizi - [10.09 km] Şarköy (Tekirdağ)",495599
"11/02/2021 19:33:54",27.125,40.4108,6.99,0.14,"ML",1.7,"Biga (Çanakkale)",495570
"10/02/2021 21:42:15",27.0758,40.2545,6.99,0.36,"ML",2.1,"Biga (Çanakkale)",495481
"10/02/2021 00:07:10",27.9986,40.8513,6.99,0.56,"ML",2.5,"Marmara Denizi - [13.18 km] Marmaraereğlisi (Tekirdağ)",495430
"08/02/2021 08:35:22",28.6511,40.5203,10.57,0.6,"ML",2.3,"Marmara Denizi - [14.10 km] Armutlu (Yalova)",495307
"07/02/2021 21:52:17",27.3951,40.767,7.01,0.8,"ML",1.5,"Marmara Denizi - [04.30 km] Şarköy (Tekirdağ)",495198
"07/02/2021 17:59:08",27.2111,40.3555,7,0.72,"ML",1.4,"Biga (Çanakkale)",495175
"07/02/2021 13:47:32",27.7721,40.1648,6.59,0.12,"ML",1.6,"Gönen (Balıkesir)",495157
"06/02/2021 18:24:59",27.4965,40.7795,7,0.11,"ML",1.4,"Marmara Denizi - [09.78 km] Süleymanpaşa (Tekirdağ)",495078
"06/02/2021 07:53:52",27.316,40.317,7.01,0.29,"ML",1.6,"Biga (Çanakkale)",495036
"04/02/2021 03:31:31",27.9076,40.7996,7.37,0.74,"ML",2.2,"Marmara Denizi - [18.96 km] Marmaraereğlisi (Tekirdağ)",494853
"02/02/2021 18:14:53",27.84,40.3468,7,0.32,"ML",1.8,"Bandırma (Balıkesir)",494716
"31/01/2021 22:55:57",29.0521,40.6376,6.91,0.33,"ML",1.7,"Çınarcık (Yalova)",494460
"31/01/2021 21:23:41",27.8605,40.3716,7.01,0.5,"ML",1.9,"Marmara Denizi - Erdek Körfezi - [03.14 km] Erdek (Balıkesir)",494452
"31/01/2021 06:28:34",28.42639,40.40806,7.18,0.39,"ML",2,"Marmara Denizi - [04.66 km] Karacabey (Bursa)",494434
"29/01/2021 23:00:28",27.7431,40.0021,7,0.22,"ML",1.3,"Gönen (Balıkesir)",494381
"29/01/2021 19:59:04",27.9198,40.8255,6.98,0.36,"ML",2.4,"Marmara Denizi - [15.93 km] Marmaraereğlisi (Tekirdağ)",494373
"28/01/2021 17:06:26",27.234,40.318,7.4,0.7,"ML",1.3,"Biga (Çanakkale)",494327
"27/01/2021 09:08:49",26.3863,40.7358,7.14,0.21,"ML",1.9,"İpsala (Edirne)",494269
"25/01/2021 17:45:08",27.8058,40.1073,7,0.47,"ML",1.6,"Gönen (Balıkesir)",494154
"24/01/2021 20:18:20",27.3611,40.6123,7,0.23,"ML",1.8,"Marmara Denizi - [11.74 km] Şarköy (Tekirdağ)",494111
"22/01/2021 15:57:11",27.732,40.34,7,0.21,"ML",1.7,"Marmara Denizi - Erdek Körfezi - [04.31 km] Bandırma (Balıkesir)",493985
"22/01/2021 09:23:54",26.9766,40.1246,7,0.11,"ML",1.3,"Çan (Çanakkale)",493970
"22/01/2021 01:48:31",28.6015,40.095,6.99,0.69,"ML",2,"Mustafakemalpaşa (Bursa)",493920
"20/01/2021 02:58:07",28.7636,40.6058,8.64,0.34,"ML",1.4,"Marmara Denizi - [09.50 km] Armutlu (Yalova)",493747
"19/01/2021 13:39:11",28.829,40.4008,11.23,0.44,"ML",2.1,"Marmara Denizi - Gemlik Körfezi - [01.82 km] Mudanya (Bursa)",493708
"19/01/2021 03:17:05",28.9811,40.7778,7,0.63,"ML",1.5,"Marmara Denizi - [09.77 km] Adalar (İstanbul)",493697
"19/01/2021 03:08:19",28.9038,40.8265,6.96,0.48,"ML",1.6,"Marmara Denizi - [08.71 km] Adalar (İstanbul)",493696
"19/01/2021 02:17:34",28.8335,40.3905,11.92,0.39,"ML",1.9,"Marmara Denizi - Gemlik Körfezi - [00.86 km] Mudanya (Bursa)",493686
"17/01/2021 18:02:44",29.0041,40.5536,7,0.64,"ML",1.8,"Armutlu (Yalova)",493625
"17/01/2021 02:31:19",29.0268,40.5988,7,0.16,"ML",1.8,"Çınarcık (Yalova)",493593
"16/01/2021 14:57:52",26.6688,40.8893,12.08,0.55,"ML",1.7,"Keşan (Edirne)",493569
"16/01/2021 14:37:00",29.1996,40.2403,1.87,0.3,"ML",1.3,"Gürsu (Bursa)",493568
"16/01/2021 12:36:14",29.2695,40.4318,7.33,0.2,"ML",0.9,"Orhangazi (Bursa)",493558
"14/01/2021 13:22:58",28.0165,40.8985,7.05,0.8,"ML",1.3,"Marmara Denizi - [08.96 km] Marmaraereğlisi (Tekirdağ)",493436
"13/01/2021 03:58:32",27.4108,40.719,7.07,0.49,"ML",1.8,"Marmara Denizi - [07.23 km] Şarköy (Tekirdağ)",493361
"11/01/2021 08:02:43",29.1343,40.7151,7,0.48,"ML",2,"Marmara Denizi - [07.28 km] Çınarcık (Yalova)",493256
"10/01/2021 13:45:58",29.1956,40.4866,7,0.27,"ML",2.1,"Gemlik (Bursa)",493189
"08/01/2021 17:24:03",28.0416,40.1143,11.08,0.17,"ML",1.7,"Manyas (Balıkesir)",493064
"08/01/2021 09:57:09",29.0538,40.6256,9.78,0.25,"ML",2,"Çınarcık (Yalova)",493032
"07/01/2021 11:05:57",28.7028,40.2295,7.55,0.21,"ML",1.7,"Nilüfer (Bursa)",492961
"05/01/2021 23:54:02",28.2383,40.8658,14.53,0.54,"ML",2.5,"Marmara Denizi - [22.60 km] Silivri (İstanbul)",492856
"04/01/2021 10:15:16",27.442,40.1008,15.72,0.17,"ML",1.3,"Gönen (Balıkesir)",492771
"04/01/2021 07:21:26",27.9706,40.8661,7.04,0.6,"ML",1.6,"Marmara Denizi - [11.14 km] Marmaraereğlisi (Tekirdağ)",492752
"04/01/2021 07:18:52",28.0076,40.8473,7.01,0.79,"ML",1.3,"Marmara Denizi - [13.82 km] Marmaraereğlisi (Tekirdağ)",492751
"04/01/2021 07:16:56",27.9491,40.7988,7.01,0.55,"ML",2.7,"Marmara Denizi - [18.58 km] Marmaraereğlisi (Tekirdağ)",492750
"04/01/2021 07:15:12",27.9815,40.8353,6.98,0.62,"ML",1.7,"Marmara Denizi - [14.64 km] Marmaraereğlisi (Tekirdağ)",492756
"04/01/2021 00:14:31",27.439,40.2091,6.98,0.63,"ML",1.6,"Biga (Çanakkale)",492715
"03/01/2021 02:25:04",27.4456,40.3233,7,0.2,"ML",1,"Marmara Denizi - Erdek Körfezi - [04.02 km] Biga (Çanakkale)",492620
"02/01/2021 20:12:26",27.3268,40.6576,7,0.13,"ML",1.3,"Marmara Denizi - [06.25 km] Şarköy (Tekirdağ)",492606
"01/01/2021 09:52:24",29.0363,40.6018,8.32,0.29,"ML",1.4,"Çınarcık (Yalova)",492471
"31/12/2020 04:33:39",27.4063,40.7461,7.03,0.64,"ML",1.4,"Marmara Denizi - [06.14 km] Şarköy (Tekirdağ)",492359
"31/12/2020 03:36:07",29.082,40.2101,8.87,0.15,"ML",0.9,"Osmangazi (Bursa)",492347
"30/12/2020 07:47:14",28.15,40.1118,6.99,0.22,"ML",2.3,"Susurluk (Balıkesir)",492240
"30/12/2020 00:41:53",28.9491,40.3891,13.87,0.2,"ML",1.2,"Marmara Denizi - Gemlik Körfezi - [04.25 km] Mudanya (Bursa)",492224
"29/12/2020 23:16:37",28.9131,40.3981,7,0.13,"ML",1.5,"Marmara Denizi - Gemlik Körfezi - [03.44 km] Mudanya (Bursa)",492220
"29/12/2020 22:50:13",28.941,40.3808,7,0.28,"ML",1,"Marmara Denizi - Gemlik Körfezi - [03.19 km] Mudanya (Bursa)",492217
"29/12/2020 16:38:37",27.421,40.775,7.02,0.16,"ML",1.8,"Marmara Denizi - [05.37 km] Şarköy (Tekirdağ)",492205
"29/12/2020 02:48:45",27.502,40.796,7.04,0.43,"ML",2.3,"Marmara Denizi - [08.84 km] Süleymanpaşa (Tekirdağ)",492160
"28/12/2020 13:20:44",27.4211,40.7051,7,0.31,"ML",1.8,"Marmara Denizi - [08.74 km] Şarköy (Tekirdağ)",492103
"27/12/2020 20:42:04",28.9913,40.652,7,0.16,"ML",1.8,"Marmara Denizi - [02.95 km] Çınarcık (Yalova)",492040
"27/12/2020 04:43:40",29.0741,40.6226,6.98,0.31,"ML",1.5,"Çınarcık (Yalova)",491952
"27/12/2020 01:39:32",29.0896,40.6221,7.03,0.22,"ML",1,"Çınarcık (Yalova)",491941
"24/12/2020 22:58:49",28.9346,40.421,6.42,0.41,"ML",1.7,"Marmara Denizi - Gemlik Körfezi - [05.65 km] Armutlu (Yalova)",491798
"24/12/2020 16:56:16",27.423,40.3441,7,0.23,"ML",2.5,"Marmara Denizi - Erdek Körfezi - [05.08 km] Biga (Çanakkale)",491787
"24/12/2020 12:19:44",28.6401,40.042,6.84,0.89,"ML",1.6,"Mustafakemalpaşa (Bursa)",491772
"24/12/2020 03:11:01",27.9515,40.5448,6.94,0.38,"ML",1.4,"Marmara Denizi - [05.94 km] Erdek (Balıkesir)",491739
"23/12/2020 14:11:53",27.8433,40.7938,6.83,0.42,"ML",2.1,"Marmara Denizi - [20.89 km] Marmaraereğlisi (Tekirdağ)",491667
"21/12/2020 15:10:32",29.0703,40.5928,7.03,0.57,"ML",1.6,"Çınarcık (Yalova)",491542
"21/12/2020 13:25:44",27.0716,40.112,7,0.23,"ML",1.2,"Çan (Çanakkale)",491532
"21/12/2020 01:23:13",28.8156,40.3381,7.39,0.24,"ML",1.5,"Mudanya (Bursa)",491493
"20/12/2020 21:11:05",28.9215,40.4315,9.45,0.26,"ML",2.5,"Marmara Denizi - Gemlik Körfezi - [05.47 km] Armutlu (Yalova)",491486
"20/12/2020 20:42:39",28.926,40.4053,12.05,0.28,"ML",2.6,"Marmara Denizi - Gemlik Körfezi - [04.79 km] Mudanya (Bursa)",491485
"20/12/2020 16:04:00",29.0611,40.6135,7,0.25,"ML",1.2,"Çınarcık (Yalova)",491472
"20/12/2020 12:10:27",29.0731,40.6231,9.67,0.36,"ML",1.7,"Çınarcık (Yalova)",491454
"20/12/2020 03:29:51",29.0598,40.5906,8.78,0.57,"ML",1.4,"Çınarcık (Yalova)",491418
"19/12/2020 04:28:22",27.1426,40.2925,6.8,0.24,"ML",2.4,"Biga (Çanakkale)",491340
"19/12/2020 04:06:11",29.127,40.2403,11.57,0.16,"ML",1.2,"Yıldırım (Bursa)",491335
"19/12/2020 03:14:48",29.1645,40.23,10.63,0.11,"ML",1.6,"Gürsu (Bursa)",491332
"19/12/2020 01:04:05",27.3761,40.7015,7.05,0.37,"ML",1.3,"Marmara Denizi - [05.48 km] Şarköy (Tekirdağ)",491324
"18/12/2020 14:47:17",27.1258,40.3585,15.05,0.35,"ML",1.9,"Biga (Çanakkale)",491287
"18/12/2020 10:38:23",28.9255,40.4273,7.01,0.43,"ML",2.2,"Marmara Denizi - Gemlik Körfezi - [05.56 km] Armutlu (Yalova)",491262
"18/12/2020 07:18:55",28.9423,40.4086,7.01,0.38,"ML",1.8,"Marmara Denizi - Gemlik Körfezi - [06.13 km] Mudanya (Bursa)",491255
"18/12/2020 07:18:55",28.9393,40.4228,11.81,0.31,"ML",1.9,"Marmara Denizi - Gemlik Körfezi - [05.27 km] Armutlu (Yalova)",491251
"18/12/2020 02:30:42",28.9256,40.4048,12.39,0.36,"ML",2.3,"Marmara Denizi - Gemlik Körfezi - [04.73 km] Mudanya (Bursa)",491235
"17/12/2020 07:21:17",27.4223,40.7043,7.16,0.19,"ML",1.9,"Marmara Denizi - [08.87 km] Şarköy (Tekirdağ)",491185
"17/12/2020 03:05:03",29.0108,40.5701,6.82,0.14,"ML",1.2,"Çınarcık (Yalova)",491171
"16/12/2020 15:30:16",27.7033,40.8061,7.18,0.59,"ML",1.7,"Marmara Denizi - [17.45 km] Marmara (Balıkesir)",491119
"16/12/2020 15:00:26",27.7008,40.7778,7.01,0.44,"ML",2.3,"Marmara Denizi - [14.35 km] Marmara (Balıkesir)",491117
"16/12/2020 12:35:33",29.2683,40.3486,7,0.28,"ML",1,"Gemlik (Bursa)",491108
"16/12/2020 09:42:24",28.9261,40.3981,12.15,0.15,"ML",1.7,"Marmara Denizi - Gemlik Körfezi - [04.36 km] Mudanya (Bursa)",491095
"16/12/2020 09:03:31",27.1738,40.3773,7,0.17,"ML",1.6,"Biga (Çanakkale)",491092
"16/12/2020 01:15:51",29.0256,40.565,6.81,0.38,"ML",1.1,"Gemlik (Bursa)",491041
"15/12/2020 23:44:39",29.0148,40.5801,8.48,0.64,"ML",1.6,"Çınarcık (Yalova)",491032
"15/12/2020 18:01:59",29.3251,40.1865,7,0.16,"ML",1.1,"Kestel (Bursa)",491002
"15/12/2020 16:22:57",29.0661,40.5988,7,0.21,"ML",1.8,"Çınarcık (Yalova)",490993
"15/12/2020 09:41:52",29.065,40.5816,16.18,0.16,"ML",2.5,"Çınarcık (Yalova)",490971
"15/12/2020 07:30:15",27.6005,40.3245,7.03,0.62,"ML",1.8,"Marmara Denizi - Erdek Körfezi - [06.32 km] Bandırma (Balıkesir)",490969
"14/12/2020 09:49:59",28.9883,40.5845,10.89,0.7,"ML",1.6,"Çınarcık (Yalova)",490912
"14/12/2020 09:45:54",29.0561,40.6048,7,0.26,"ML",1.3,"Çınarcık (Yalova)",490913
"14/12/2020 06:56:51",29.01,40.4028,7,0.26,"ML",2.3,"Marmara Denizi - Gemlik Körfezi - [04.88 km] Gemlik (Bursa)",490906
"14/12/2020 02:35:17",28.9998,40.5831,7.46,0.33,"ML",1.5,"Çınarcık (Yalova)",490892
"14/12/2020 02:18:47",29.0026,40.5896,7.58,0.28,"ML",1.4,"Çınarcık (Yalova)",490891
"13/12/2020 14:07:03",28.9985,40.5816,8.22,0.18,"ML",1.4,"Çınarcık (Yalova)",490860
"13/12/2020 12:38:39",29.052,40.889,22.9,0.4,"ML",1,"Marmara Denizi - [02.29 km] Adalar (İstanbul)",490857
"13/12/2020 12:38:35",29.0638,40.6303,6.99,0.49,"ML",1.5,"Çınarcık (Yalova)",490858
"13/12/2020 11:39:06",29.0135,40.572,7.44,0.27,"ML",1.3,"Çınarcık (Yalova)",490851
"13/12/2020 09:25:31",29.01,40.6553,7,0.2,"ML",1.3,"Marmara Denizi - [03.18 km] Çınarcık (Yalova)",490848
"13/12/2020 07:19:54",29.056,40.6238,7.02,0.69,"ML",1.9,"Çınarcık (Yalova)",490837
"12/12/2020 11:49:29",28.9966,40.5571,6.31,0.26,"ML",1.3,"Çınarcık (Yalova)",490736
"12/12/2020 11:49:02",29.0413,40.589,5.48,0.45,"ML",1.6,"Çınarcık (Yalova)",490735
"12/12/2020 00:47:00",28.0296,40.7381,6.9,0.41,"ML",2,"Marmara Denizi - [26.01 km] Marmaraereğlisi (Tekirdağ)",490698
"11/12/2020 23:19:26",29.0083,40.5845,7.19,0.23,"ML",1.4,"Çınarcık (Yalova)",490692
"11/12/2020 22:23:50",29.0046,40.5855,5.18,0.13,"ML",1.4,"Çınarcık (Yalova)",490683
"11/12/2020 17:44:30",28.1925,40.0068,7,0.25,"ML",1.9,"Susurluk (Balıkesir)",490664
"11/12/2020 07:40:31",28.0273,40.8375,7,0.57,"ML",2.9,"Marmara Denizi - [15.41 km] Marmaraereğlisi (Tekirdağ)",490626
"11/12/2020 05:51:02",29.0363,40.6356,7.44,0.34,"ML",2.8,"Çınarcık (Yalova)",490617
"10/12/2020 23:38:44",28.9935,40.57,6,0.16,"ML",1.5,"Çınarcık (Yalova)",490608
"10/12/2020 13:09:53",28.7043,40.0516,10.9,0.63,"ML",2.2,"Mustafakemalpaşa (Bursa)",490588
"09/12/2020 23:13:48",28.9975,40.5671,6.76,0.31,"ML",1.3,"Çınarcık (Yalova)",490540
"09/12/2020 22:26:08",29.0033,40.5851,7.02,0.33,"ML",2,"Çınarcık (Yalova)",490539
"08/12/2020 23:29:45",28.976,40.5561,7.08,0.16,"ML",1.2,"Çınarcık (Yalova)",490466
"08/12/2020 23:25:53",28.9815,40.5823,10.86,0.18,"ML",1.6,"Çınarcık (Yalova)",490465
"08/12/2020 23:19:21",28.9978,40.5843,7.01,0.16,"ML",1.9,"Çınarcık (Yalova)",490464
"08/12/2020 23:18:06",28.9866,40.5903,6.22,0.31,"ML",1.7,"Çınarcık (Yalova)",490463
"08/12/2020 18:44:32",28.919,40.413,7,0.29,"ML",1.6,"Marmara Denizi - Gemlik Körfezi - [04.95 km] Mudanya (Bursa)",490455
"07/12/2020 19:22:50",28.9253,40.4091,11.58,0.37,"ML",1.8,"Marmara Denizi - Gemlik Körfezi - [05.02 km] Mudanya (Bursa)",490353
"07/12/2020 17:25:23",28.976,40.5813,10.27,0.39,"ML",2.4,"Çınarcık (Yalova)",490341
"07/12/2020 09:54:42",27.4383,40.777,7.01,0.12,"ML",1.4,"Marmara Denizi - [06.37 km] Süleymanpaşa (Tekirdağ)",490307
"06/12/2020 20:10:17",29.0475,40.5028,7,0.27,"ML",1.1,"Gemlik (Bursa)",490282
"06/12/2020 14:30:00",28.984,40.228,11.5,0.3,"ML",3,"Nilüfer (Bursa)",490259
"05/12/2020 16:21:14",28.9931,40.5635,7.1,0.14,"ML",1,"Çınarcık (Yalova)",490174
"05/12/2020 08:37:07",28.9945,40.582,10.15,0.43,"ML",1.6,"Çınarcık (Yalova)",490136
"04/12/2020 23:58:14",28.9655,40.6305,7.06,0.63,"ML",1.8,"Çınarcık (Yalova)",490119
"04/12/2020 22:46:51",28.97,40.5926,7.82,0.48,"ML",1.7,"Çınarcık (Yalova)",490113
"04/12/2020 13:09:16",28.9856,40.5868,10.82,0.41,"ML",2.1,"Çınarcık (Yalova)",490076
"04/12/2020 05:57:27",29.015,40.5706,5.02,0.54,"ML",1.4,"Çınarcık (Yalova)",490032
"04/12/2020 05:55:36",29.0066,40.5773,7.64,0.44,"ML",1,"Çınarcık (Yalova)",490033
"04/12/2020 05:54:09",28.9705,40.5965,8,0.58,"ML",1.6,"Çınarcık (Yalova)",490031
"04/12/2020 05:42:02",28.9855,40.6331,3.67,0.34,"ML",1.1,"Çınarcık (Yalova)",490034
"04/12/2020 04:17:46",29.0031,40.5958,9.83,0.5,"ML",1.7,"Çınarcık (Yalova)",490023
"03/12/2020 14:56:32",28.9845,40.5656,3.17,0.23,"ML",1.6,"Çınarcık (Yalova)",489944
"03/12/2020 14:36:13",28.9331,40.353,7,0.8,"ML",1.2,"Mudanya (Bursa)",489943
"03/12/2020 14:30:41",26.9983,40.0078,7.01,0.13,"ML",1.4,"Çan (Çanakkale)",489942
"03/12/2020 05:38:13",29.0163,40.5886,11.14,0.55,"ML",3.2,"Çınarcık (Yalova)",489897
"03/12/2020 00:14:03",29.0055,40.7316,7.02,0.29,"ML",2.6,"Marmara Denizi - [11.32 km] Çınarcık (Yalova)",489887
"02/12/2020 14:14:27",28.9863,40.582,9.38,0.26,"ML",1.4,"Çınarcık (Yalova)",489856
"02/12/2020 11:54:42",28.9726,40.5773,7.29,0.41,"ML",1.5,"Çınarcık (Yalova)",489837
"02/12/2020 06:51:28",29,40.591,8.48,0.24,"ML",1.5,"Çınarcık (Yalova)",489817
"02/12/2020 05:10:30",27.7873,40.7215,7,0.38,"ML",1.4,"Marmara Denizi - [13.35 km] Marmara (Balıkesir)",489811
"01/12/2020 19:25:58",28.9785,40.5848,7,0.23,"ML",1.4,"Çınarcık (Yalova)",489777
"01/12/2020 19:22:46",28.9855,40.5861,7,0.26,"ML",2.7,"Çınarcık (Yalova)",489776
"01/12/2020 18:07:17",29.0173,40.5888,7.02,0.17,"ML",1.4,"Çınarcık (Yalova)",489774
"01/12/2020 15:53:38",28.9253,40.4003,13.77,0.16,"ML",2,"Marmara Denizi - Gemlik Körfezi - [04.42 km] Mudanya (Bursa)",489765
"01/12/2020 15:40:46",29.0041,40.5795,7.03,0.32,"ML",1.5,"Çınarcık (Yalova)",489764
"01/12/2020 13:35:04",29.0118,40.5336,7,0.22,"ML",1,"Gemlik (Bursa)",489750
"01/12/2020 09:10:56",28.9985,40.555,7,0.29,"ML",1.2,"Armutlu (Yalova)",489719
"01/12/2020 04:01:19",28.9298,40.3888,7,0.19,"ML",1.6,"Marmara Denizi - Gemlik Körfezi - [03.73 km] Mudanya (Bursa)",489696
"01/12/2020 03:53:55",28.9405,40.4123,11.51,0.28,"ML",2,"Marmara Denizi - Gemlik Körfezi - [06.24 km] Mudanya (Bursa)",489694
"30/11/2020 23:56:02",29.167,40.5943,7,0.24,"ML",1.4,"Termal (Yalova)",489681
"30/11/2020 11:33:48",29.0196,40.563,7,0.32,"ML",1.5,"Gemlik (Bursa)",489629
"29/11/2020 19:09:45",29.1386,40.6386,10.56,0.3,"ML",1.2,"Çınarcık (Yalova)",489583
"29/11/2020 18:33:16",29.1363,40.6421,11.86,0.27,"ML",1.8,"Çınarcık (Yalova)",489582
"29/11/2020 14:49:23",27.421,40.715,10.1,0.4,"ML",2,"Marmara Denizi - [08.20 km] Şarköy (Tekirdağ)",489559
"29/11/2020 13:18:41",28.966,40.607,15.3,0,"ML",1.8,"Çınarcık (Yalova)",489554
"29/11/2020 13:18:15",28.966,40.608,12.2,0.3,"ML",1.6,"Çınarcık (Yalova)",489553
"29/11/2020 12:15:41",28.9968,40.5786,6.91,0.23,"ML",1.4,"Çınarcık (Yalova)",489546
"29/11/2020 07:50:27",28.9905,40.578,9.71,0.61,"ML",1.9,"Çınarcık (Yalova)",489527
"29/11/2020 07:44:04",28.9673,40.5678,9.74,0.53,"ML",2.8,"Çınarcık (Yalova)",489526
"29/11/2020 07:40:25",26.309,40.4073,6.98,0.47,"ML",1.8,"Ege Denizi - Saros Körfezi - [09.37 km] Eceabat (Çanakkale)",489530
"29/11/2020 07:20:10",27.3668,40.674,10.99,0.62,"ML",1.7,"Marmara Denizi - [06.27 km] Şarköy (Tekirdağ)",489528
"29/11/2020 06:01:43",29.0066,40.5653,5.07,0.34,"ML",1.1,"Çınarcık (Yalova)",489524
"29/11/2020 06:00:15",28.9986,40.5731,7.49,0.5,"ML",1.6,"Çınarcık (Yalova)",489523
"29/11/2020 05:22:45",29.0051,40.5666,6.58,0.35,"ML",1.2,"Çınarcık (Yalova)",489518
"29/11/2020 01:27:20",27.3615,40.6601,7.03,0.5,"ML",1.3,"Marmara Denizi - [07.15 km] Şarköy (Tekirdağ)",489492
"29/11/2020 01:16:48",27.3998,40.6813,7.04,0.43,"ML",2.1,"Marmara Denizi - [08.13 km] Şarköy (Tekirdağ)",489491
"28/11/2020 10:11:47",28.9901,40.5793,7,0.57,"ML",2.8,"Çınarcık (Yalova)",489414
"27/11/2020 23:37:04",28.9781,40.592,10.41,0.25,"ML",1.5,"Çınarcık (Yalova)",489373
"27/11/2020 16:23:47",27.1893,40.5031,7,0.17,"ML",1.5,"Marmara Denizi - [07.11 km] Biga (Çanakkale)",489331
"27/11/2020 13:11:05",26.6056,40.645,4.56,0.53,"ML",1.1,"Keşan (Edirne)",489308
"27/11/2020 03:35:13",28.9,40.5568,7,0.54,"ML",1.5,"Armutlu (Yalova)",489254
"27/11/2020 03:29:32",28.9978,40.5708,7.03,0.31,"ML",1.4,"Çınarcık (Yalova)",489251
"27/11/2020 03:24:09",28.9891,40.5696,7,0.38,"ML",1.5,"Çınarcık (Yalova)",489250
"26/11/2020 16:56:23",28.9883,40.5945,8.5,0.27,"ML",1.1,"Çınarcık (Yalova)",489205
"26/11/2020 10:55:12",28.9585,40.5558,7,0.15,"ML",1.4,"Çınarcık (Yalova)",489177
"26/11/2020 09:03:54",28.9778,40.5828,6.83,0.1,"ML",1.7,"Çınarcık (Yalova)",489174
"26/11/2020 09:03:32",28.9653,40.5388,6.88,0.4,"ML",2,"Armutlu (Yalova)",489173
"25/11/2020 18:42:29",27.1171,40.3741,6.98,0.6,"ML",2.5,"Biga (Çanakkale)",489121
"24/11/2020 22:14:29",27.9081,40.39,7.04,0.57,"ML",1.5,"Marmara Denizi - Bandırma Körfezi - [00.81 km] Erdek (Balıkesir)",489036
"24/11/2020 18:11:21",27.7315,40.393,7.01,0.33,"ML",1.6,"Marmara Denizi - Erdek Körfezi - [04.58 km] Erdek (Balıkesir)",489013
"24/11/2020 15:09:58",27.9105,40.3941,13.83,0.64,"ML",2,"Marmara Denizi - Bandırma Körfezi - [00.91 km] Erdek (Balıkesir)",488995
"23/11/2020 04:05:18",28.9916,40.5571,7,0.32,"ML",1.3,"Armutlu (Yalova)",488865
"23/11/2020 03:43:54",28.9596,40.534,6.8,0.41,"ML",1.5,"Armutlu (Yalova)",488853
"22/11/2020 03:32:07",28.9903,40.5883,6.76,0.2,"ML",1.2,"Çınarcık (Yalova)",488787
"21/11/2020 14:40:18",28.951,40.436,7,0.14,"ML",1.6,"Marmara Denizi - Gemlik Körfezi - [03.51 km] Armutlu (Yalova)",488734
"20/11/2020 21:57:44",28.2298,40.7901,6.92,0.52,"ML",1.9,"Marmara Denizi - [30.10 km] Marmaraereğlisi (Tekirdağ)",488620
"20/11/2020 13:54:16",29.0061,40.579,8.17,0.25,"ML",1.9,"Çınarcık (Yalova)",488582
"20/11/2020 12:52:54",28.9828,40.6008,7.52,0.29,"ML",3.2,"Çınarcık (Yalova)",488573
"20/11/2020 09:45:37",28.9541,40.4365,10.55,0.27,"ML",2.6,"Marmara Denizi - Gemlik Körfezi - [03.35 km] Armutlu (Yalova)",488567
"20/11/2020 07:25:24",28.9923,40.4205,6.97,0.16,"ML",1.8,"Marmara Denizi - Gemlik Körfezi - [05.20 km] Armutlu (Yalova)",488548
"20/11/2020 07:20:41",28.9511,40.4193,7.21,0.26,"Mw",3.5,"Marmara Denizi - Gemlik Körfezi - [05.23 km] Armutlu (Yalova)",488547
"20/11/2020 03:50:23",29.0145,40.5948,7.1,0.34,"ML",2,"Çınarcık (Yalova)",488538
"20/11/2020 03:48:52",28.9913,40.5738,6.44,0.12,"ML",1.7,"Çınarcık (Yalova)",488540
"20/11/2020 03:47:46",28.9916,40.5763,6.24,0.7,"ML",1.7,"Çınarcık (Yalova)",488539
"19/11/2020 23:40:36",28.9446,40.4076,7,0.34,"ML",1.1,"Marmara Denizi - Gemlik Körfezi - [06.15 km] Mudanya (Bursa)",488525
"19/11/2020 21:50:54",28.9903,40.56,7.14,0.23,"ML",1.5,"Çınarcık (Yalova)",488521
"19/11/2020 21:16:54",28.8648,40.3545,11.11,0.28,"ML",2.1,"Mudanya (Bursa)",488518
"19/11/2020 18:14:16",28.9581,40.4045,7,0.24,"ML",1.4,"Marmara Denizi - Gemlik Körfezi - [05.63 km] Mudanya (Bursa)",488505
"19/11/2020 09:08:58",28.014,40.7723,6.4,0.43,"ML",2.1,"Marmara Denizi - [22.02 km] Marmaraereğlisi (Tekirdağ)",488457
"18/11/2020 15:07:19",29.7993,40.7981,8.01,0.18,"ML",1.1,"Körfez (Kocaeli)",488398
"17/11/2020 15:56:23",27.3798,40.3735,6.98,0.33,"ML",1.1,"Marmara Denizi - Erdek Körfezi - [06.55 km] Biga (Çanakkale)",488302
"17/11/2020 13:40:59",27.3913,40.1555,7,0.3,"ML",1.2,"Biga (Çanakkale)",488285
"17/11/2020 12:35:41",28.12,40.7275,7.05,0.39,"ML",2.1,"Marmara Denizi - [28.89 km] Erdek (Balıkesir)",488281
"15/11/2020 21:59:04",27.4636,40.5433,7.07,0.52,"ML",1.5,"Marmara Denizi - [01.97 km] Marmara (Balıkesir)",488048
"11/11/2020 20:04:53",27.7551,40.41,7,0.41,"ML",1.6,"Marmara Denizi - Erdek Körfezi - [01.98 km] Erdek (Balıkesir)",487463
"11/11/2020 18:33:16",29.2113,40.4218,3.57,0.24,"ML",1.3,"Gemlik (Bursa)",487452
"11/11/2020 08:53:59",29.261,40.6805,7,0.31,"ML",2.8,"Marmara Denizi - [02.78 km] Merkez (Yalova)",487354
"09/11/2020 14:08:57",27.0631,40.4018,7.02,0.27,"ML",1.8,"Biga (Çanakkale)",487005
"07/11/2020 13:11:39",29.253,40.3975,6.09,0.16,"ML",1.4,"Orhangazi (Bursa)",486642
"05/11/2020 09:12:46",28.3048,40.8416,6.99,0.64,"ML",1.6,"Marmara Denizi - [24.59 km] Büyükçekmece (İstanbul)",486040
"05/11/2020 08:46:45",28.321,40.851,7,0.35,"ML",3.5,"Marmara Denizi - [22.92 km] Büyükçekmece (İstanbul)",486033
"04/11/2020 22:09:48",27.8338,40.0031,7.05,0.33,"ML",1.4,"Manyas (Balıkesir)",485862
"04/11/2020 14:49:35",28.3483,40.841,7.11,0.47,"ML",3,"Marmara Denizi - [22.49 km] Büyükçekmece (İstanbul)",485770
"03/11/2020 23:35:37",27.1006,40.3075,7.04,0.34,"ML",2.6,"Biga (Çanakkale)",485544
"03/11/2020 14:25:39",28.0203,40.8503,6.97,0.44,"ML",1.5,"Marmara Denizi - [13.87 km] Marmaraereğlisi (Tekirdağ)",485420
"03/11/2020 03:28:36",27.4046,40.165,7,0.29,"ML",1,"Gönen (Balıkesir)",485284
"02/11/2020 10:37:44",27.9075,40.7431,8.15,0.32,"ML",2.2,"Marmara Denizi - [22.03 km] Marmara (Balıkesir)",485016
"01/11/2020 03:13:19",28.9281,40.077,11.49,0.29,"ML",1.6,"Osmangazi (Bursa)",484547
"30/10/2020 08:08:20",26.3913,40.4135,7.01,0.36,"ML",1.1,"Ege Denizi - Saros Körfezi - [07.48 km] Gelibolu (Çanakkale)",483741
"30/10/2020 06:14:57",27.3675,40.7085,7.01,0.38,"ML",1.2,"Marmara Denizi - [04.63 km] Şarköy (Tekirdağ)",483737
"29/10/2020 18:40:15",29.1966,40.4783,6.16,0.38,"ML",1.6,"Gemlik (Bursa)",483726
"29/10/2020 04:23:04",27.6466,40.5361,7.02,0.65,"ML",1.6,"Marmara Denizi - [04.77 km] Erdek (Balıkesir)",483714
"29/10/2020 02:53:40",27.1971,40.3605,7,0.36,"ML",1.3,"Biga (Çanakkale)",483712
"28/10/2020 06:18:11",29.2075,40.6256,8.59,0.59,"ML",1.4,"Termal (Yalova)",483674
"27/10/2020 02:50:27",29.0635,40.7885,6.98,0.37,"ML",1.7,"Marmara Denizi - [09.28 km] Adalar (İstanbul)",483593
"27/10/2020 02:29:01",29.062,40.7685,7.03,0.62,"ML",1.8,"Marmara Denizi - [11.31 km] Adalar (İstanbul)",483592
"27/10/2020 02:18:42",29.101,40.7758,6.98,0.5,"ML",1.4,"Marmara Denizi - [09.12 km] Adalar (İstanbul)",483591
"26/10/2020 22:27:00",28.9351,40.18,7.02,0.41,"ML",1.7,"Nilüfer (Bursa)",483588
"26/10/2020 19:22:03",29.0488,40.7843,7.31,0.51,"ML",2.2,"Marmara Denizi - [10.12 km] Adalar (İstanbul)",483581
"26/10/2020 19:14:18",29.0653,40.7481,7.01,0.52,"ML",1.3,"Marmara Denizi - [11.52 km] Çınarcık (Yalova)",483584
"26/10/2020 19:13:31",29.0395,40.7721,7.01,0.6,"ML",1.7,"Marmara Denizi - [11.05 km] Adalar (İstanbul)",483583
"26/10/2020 19:10:23",29.0931,40.7645,6.99,0.37,"ML",1.3,"Marmara Denizi - [10.53 km] Adalar (İstanbul)",483582
"26/10/2020 10:48:43",27.1141,40.3773,6.77,0.31,"ML",2.2,"Biga (Çanakkale)",483571
"26/10/2020 06:14:55",29.0823,40.7543,7,0.26,"ML",1.6,"Marmara Denizi - [11.95 km] Adalar (İstanbul)",483556
"26/10/2020 06:02:07",27.3883,40.1425,7,0.22,"ML",2.2,"Biga (Çanakkale)",483554
"26/10/2020 01:11:52",29.0831,40.7551,7,0.22,"ML",2.2,"Marmara Denizi - [11.84 km] Adalar (İstanbul)",483551
"26/10/2020 00:27:33",28.2265,40.8773,7,0.7,"ML",0.9,"Marmara Denizi - [21.43 km] Silivri (İstanbul)",483548
"25/10/2020 18:54:16",29.0733,40.7538,7,0.41,"ML",1,"Marmara Denizi - [12.13 km] Çınarcık (Yalova)",483539
"23/10/2020 22:15:10",27.0616,40.3468,7,0.47,"ML",1.2,"Biga (Çanakkale)",482509
"23/10/2020 05:56:00",27.0928,40.3643,7,0.28,"ML",1,"Biga (Çanakkale)",482484
"22/10/2020 03:49:49",27.4956,40.7638,6.99,0.37,"ML",1.4,"Marmara Denizi - [10.73 km] Süleymanpaşa (Tekirdağ)",482437
"21/10/2020 01:26:24",27.4528,40.7728,7.01,0.31,"ML",2.1,"Marmara Denizi - [07.47 km] Süleymanpaşa (Tekirdağ)",482391
"21/10/2020 01:26:24",27.432,40.7928,7,0.25,"ML",1.9,"Marmara Denizi - [04.64 km] Süleymanpaşa (Tekirdağ)",482392
"20/10/2020 23:17:04",29.0303,40.5663,7.01,0.67,"ML",1.7,"Gemlik (Bursa)",482385
"20/10/2020 14:14:21",29.1808,40.2418,0.93,0.5,"ML",1,"Gürsu (Bursa)",482374
"20/10/2020 06:31:16",29.0851,40.5803,5.57,0.41,"ML",1.2,"Çınarcık (Yalova)",482354
"19/10/2020 15:23:27",29.1481,40.6166,7,0.23,"ML",1.4,"Çınarcık (Yalova)",482300
"19/10/2020 12:01:16",28.677,40.3055,7,0.58,"ML",1.1,"Mudanya (Bursa)",482286
"19/10/2020 12:00:19",27.461,40.5841,7.27,0.39,"ML",2.1,"Marmara Denizi - [04.61 km] Marmara (Balıkesir)",482285
"19/10/2020 11:53:44",27.4216,40.7163,6.99,0.35,"ML",1.4,"Marmara Denizi - [08.18 km] Şarköy (Tekirdağ)",482283
"18/10/2020 04:40:56",29.0658,40.6181,9.96,0.5,"ML",1.6,"Çınarcık (Yalova)",482221
"17/10/2020 21:25:10",26.0131,40.2108,5.35,0.47,"ML",2,"Ege Denizi - [06.01 km] Gökçeada (Çanakkale)",482182
"17/10/2020 07:33:46",28.7515,40.892,6.98,0.38,"ML",2,"Marmara Denizi - [09.50 km] Avcılar (İstanbul)",482151
"16/10/2020 13:51:54",29.006,40.5891,7,0.11,"ML",1.5,"Çınarcık (Yalova)",482133
"16/10/2020 05:49:03",27.363,40.7406,6.98,0.53,"ML",1.3,"Marmara Denizi - [02.58 km] Şarköy (Tekirdağ)",482117
"16/10/2020 01:08:59",28.8811,40.2145,7.07,0.7,"ML",1.3,"Nilüfer (Bursa)",482105
"15/10/2020 23:15:01",28.721,40.8785,7.02,0.48,"ML",2,"Marmara Denizi - [10.82 km] Avcılar (İstanbul)",482100
"15/10/2020 18:02:22",28.7145,40.8626,7,0.46,"ML",1.7,"Marmara Denizi - [12.62 km] Avcılar (İstanbul)",482097
"15/10/2020 17:07:27",28.6568,40.8483,7.53,0.39,"ML",1.4,"Marmara Denizi - [13.15 km] Beylikdüzü (İstanbul)",482095
"15/10/2020 16:55:13",28.7768,40.8613,6.54,0.31,"ML",3.2,"Marmara Denizi - [11.74 km] Bakırköy (İstanbul)",482094
"15/10/2020 12:05:31",28.9905,40.2041,7,0.16,"ML",1.1,"Nilüfer (Bursa)",482080
"15/10/2020 07:35:16",29.0098,40.622,6.91,0.34,"ML",1.6,"Çınarcık (Yalova)",482069
"15/10/2020 07:31:59",29.0125,40.6005,7.01,0.29,"ML",1.5,"Çınarcık (Yalova)",482070
"15/10/2020 07:31:14",28.9971,40.578,13.06,0.42,"ML",1.8,"Çınarcık (Yalova)",482068
"15/10/2020 03:54:49",28.1681,40.0681,7,0.39,"ML",2,"Susurluk (Balıkesir)",482064
"14/10/2020 02:49:54",27.43,40.3958,7.02,0.65,"ML",1.2,"Marmara Denizi - Erdek Körfezi - [09.55 km] Biga (Çanakkale)",481998
"12/10/2020 22:33:09",27.9013,40.8251,7,0.23,"ML",0.9,"Marmara Denizi - [16.32 km] Marmaraereğlisi (Tekirdağ)",481931
"12/10/2020 22:28:43",27.9013,40.826,7.01,0.39,"ML",1.2,"Marmara Denizi - [16.22 km] Marmaraereğlisi (Tekirdağ)",481930
"12/10/2020 11:36:07",27.0045,40.0193,7,0.47,"ML",1.2,"Çan (Çanakkale)",481899
"12/10/2020 04:38:03",26.11,40.3313,6.55,0.25,"ML",2.1,"Ege Denizi - [18.01 km] Eceabat (Çanakkale)",481872
"10/10/2020 02:42:28",27.9205,40.7633,7.08,0.79,"ML",1.4,"Marmara Denizi - [22.73 km] Marmaraereğlisi (Tekirdağ)",481772
"10/10/2020 01:10:44",27.9758,40.8385,6.99,0.68,"ML",1.7,"Marmara Denizi - [14.23 km] Marmaraereğlisi (Tekirdağ)",481763
"10/10/2020 00:28:21",27.8986,40.8246,6.99,0.52,"ML",2.3,"Marmara Denizi - [16.41 km] Marmaraereğlisi (Tekirdağ)",481761
"09/10/2020 17:58:48",27.488,40.5618,11.74,0.66,"ML",1.5,"Marmara Denizi - [01.62 km] Marmara (Balıkesir)",481739
"09/10/2020 13:24:36",27.271,40.0705,6.86,0.5,"ML",1.1,"Yenice (Çanakkale)",481732
"08/10/2020 11:27:00",29.2913,40.493,7,0.38,"ML",1.3,"Orhangazi (Bursa)",481684
"07/10/2020 13:05:15",28.6858,40.0228,24.2,0.44,"ML",1.9,"Mustafakemalpaşa (Bursa)",481646
"07/10/2020 05:01:01",28.2255,40.873,7.02,0.33,"ML",2,"Marmara Denizi - [21.91 km] Silivri (İstanbul)",481634
"06/10/2020 15:28:01",29.9381,40.1186,9,0.15,"ML",1.5,"Merkez (Bilecik)",481617
"06/10/2020 11:52:29",29.2631,40.4855,7.02,0.25,"ML",1.7,"Orhangazi (Bursa)",481603
"05/10/2020 19:39:46",27.964,40.8303,6.99,0.54,"ML",2,"Marmara Denizi - [15.07 km] Marmaraereğlisi (Tekirdağ)",481523
"05/10/2020 14:53:37",28.1573,40.9098,7.5,0.28,"ML",1.4,"Marmara Denizi - [17.90 km] Marmaraereğlisi (Tekirdağ)",481507
"04/10/2020 06:32:38",27.2515,40.66,8.86,0.25,"ML",1.6,"Marmara Denizi - [01.18 km] Şarköy (Tekirdağ)",481462
"04/10/2020 05:36:47",28.1205,40.533,7.04,0.24,"ML",2.2,"Marmara Denizi - [10.78 km] Erdek (Balıkesir)",481459
"02/10/2020 11:43:52",27.4108,40.7181,7.06,0.34,"ML",1.5,"Marmara Denizi - [07.27 km] Şarköy (Tekirdağ)",481356
"02/10/2020 10:32:56",29.3068,40.4543,3.19,0.9,"ML",1.2,"Orhangazi (Bursa)",481352
"01/10/2020 23:34:56",27.9406,40.8336,6.99,0.38,"ML",1.2,"Marmara Denizi - [14.77 km] Marmaraereğlisi (Tekirdağ)",481331
"01/10/2020 17:53:03",27.4131,40.1638,7,0.18,"ML",1.7,"Gönen (Balıkesir)",481319
"01/10/2020 07:17:26",28.1561,40.8538,7.03,0.55,"ML",1.9,"Marmara Denizi - [20.82 km] Marmaraereğlisi (Tekirdağ)",481294
"29/09/2020 10:11:42",28.1056,40.8183,7.01,0.6,"ML",1.4,"Marmara Denizi - [20.58 km] Marmaraereğlisi (Tekirdağ)",481216
"29/09/2020 07:52:59",27.3658,40.6978,7.01,0.58,"ML",2,"Marmara Denizi - [04.76 km] Şarköy (Tekirdağ)",481208
"28/09/2020 01:54:36",27.4626,40.5408,10.61,0.29,"ML",2,"Marmara Denizi - [02.13 km] Marmara (Balıkesir)",481106
"27/09/2020 03:58:43",28.088,40.7671,7.02,0.15,"ML",1.5,"Marmara Denizi - [24.65 km] Marmaraereğlisi (Tekirdağ)",481058
"27/09/2020 02:22:50",27.2285,40.3511,7,0.8,"ML",2.1,"Biga (Çanakkale)",481053
"26/09/2020 07:16:52",27.7425,40.7976,7.06,0.45,"ML",1.6,"Marmara Denizi - [17.60 km] Marmara (Balıkesir)",481018
"25/09/2020 13:28:10",28.0931,40.826,7.03,0.32,"ML",1.1,"Marmara Denizi - [19.26 km] Marmaraereğlisi (Tekirdağ)",480981
"25/09/2020 02:19:27",29.0186,40.2096,7,0.22,"ML",1.1,"Osmangazi (Bursa)",480950
"25/09/2020 00:12:10",28.1433,40.8175,7,0.68,"ML",1.6,"Marmara Denizi - [22.70 km] Marmaraereğlisi (Tekirdağ)",480943
"24/09/2020 21:06:40",28.1351,40.808,17.77,0.37,"Mw",3.6,"Marmara Denizi - [23.03 km] Marmaraereğlisi (Tekirdağ)",480919
"24/09/2020 16:38:31",28.092,40.8268,6.83,0.31,"Mw",4.2,"Marmara Denizi - [19.14 km] Marmaraereğlisi (Tekirdağ)",480902
"23/09/2020 21:52:37",27.3958,40.7225,7.02,0.17,"ML",2,"Marmara Denizi - [05.92 km] Şarköy (Tekirdağ)",480871
"22/09/2020 15:59:29",27.396,40.6853,7,0.33,"ML",1.8,"Marmara Denizi - [07.65 km] Şarköy (Tekirdağ)",480819
"22/09/2020 15:20:46",27.5148,40.721,6.92,0.55,"ML",1.8,"Marmara Denizi - [11.90 km] Marmara (Balıkesir)",480818
"22/09/2020 12:56:02",27.632,40.8256,7,0.31,"ML",1.3,"Marmara Denizi - [15.36 km] Süleymanpaşa (Tekirdağ)",480808
"22/09/2020 11:20:39",29.2713,40.2688,4.87,0.16,"ML",1.7,"Gürsu (Bursa)",480799
"21/09/2020 08:39:34",27.4065,40.6561,7,0.41,"ML",1.5,"Marmara Denizi - [10.11 km] Şarköy (Tekirdağ)",480750
"21/09/2020 07:02:40",27.444,40.7076,7.99,0.1,"ML",1.5,"Marmara Denizi - [10.30 km] Şarköy (Tekirdağ)",480742
"20/09/2020 23:20:57",29.0843,40.5863,7,0.18,"ML",1,"Çınarcık (Yalova)",480715
"19/09/2020 22:30:26",27.4115,40.1831,7,0.16,"ML",2.1,"Biga (Çanakkale)",480672
"18/09/2020 07:02:18",27.6105,40.7998,7.01,0.49,"ML",1.7,"Marmara Denizi - [14.89 km] Süleymanpaşa (Tekirdağ)",480584
"17/09/2020 00:01:49",27.3831,40.6658,5.83,0.44,"ML",1.9,"Marmara Denizi - [07.90 km] Şarköy (Tekirdağ)",480437
"16/09/2020 12:47:52",27.4155,40.6993,7.24,0.17,"ML",2,"Marmara Denizi - [08.72 km] Şarköy (Tekirdağ)",480415
"15/09/2020 12:51:27",27.9738,40.454,6.5,0.29,"ML",1.5,"Erdek (Balıkesir)",480380
"14/09/2020 10:48:01",27.3845,40.3265,7,0.8,"ML",1.1,"Biga (Çanakkale)",480338
"14/09/2020 02:06:04",28.6661,40.3655,13.79,0.51,"ML",2.6,"Marmara Denizi - [02.68 km] Mudanya (Bursa)",480310
"14/09/2020 01:04:08",27.3701,40.7285,7.03,0.69,"ML",1.9,"Marmara Denizi - [03.71 km] Şarköy (Tekirdağ)",480307
"13/09/2020 18:55:59",27.377,40.6526,4.98,0.6,"ML",1.7,"Marmara Denizi - [08.61 km] Şarköy (Tekirdağ)",480289
"13/09/2020 14:07:59",28.052,40.779,29.4,0.9,"ML",1.7,"Marmara Denizi - [22.22 km] Marmaraereğlisi (Tekirdağ)",480281
"12/09/2020 09:38:19",27.403,40.6881,10.85,0.2,"ML",2.2,"Marmara Denizi - [08.09 km] Şarköy (Tekirdağ)",480259
"11/09/2020 22:57:15",27.4908,40.4158,7.08,0.62,"ML",2.1,"Marmara Denizi - Erdek Körfezi - [09.60 km] Marmara (Balıkesir)",480247
"11/09/2020 22:54:09",27.4515,40.4121,6.96,0.56,"ML",2.5,"Marmara Denizi - Erdek Körfezi - [11.25 km] Biga (Çanakkale)",480246
"11/09/2020 22:42:15",27.3953,40.6518,7.93,0.34,"ML",1.8,"Marmara Denizi - [09.72 km] Şarköy (Tekirdağ)",480245
"11/09/2020 22:29:14",27.4811,40.4,7,0.5,"ML",2.1,"Marmara Denizi - Erdek Körfezi - [11.52 km] Marmara (Balıkesir)",480243
"10/09/2020 18:15:16",27.4446,40.6986,17.61,0.43,"ML",1.7,"Marmara Denizi - [10.81 km] Şarköy (Tekirdağ)",480175
"10/09/2020 13:12:59",27.4123,40.6871,9.97,0.35,"ML",2.2,"Marmara Denizi - [08.87 km] Şarköy (Tekirdağ)",480166
"10/09/2020 11:16:47",27.4113,40.703,8.43,0.47,"ML",2,"Marmara Denizi - [08.19 km] Şarköy (Tekirdağ)",480159
"10/09/2020 11:15:36",27.428,40.705,8.05,0.24,"ML",1.3,"Marmara Denizi - [09.24 km] Şarköy (Tekirdağ)",480160
"10/09/2020 03:33:03",27.3608,40.6935,7,0.1,"ML",1.4,"Marmara Denizi - [04.58 km] Şarköy (Tekirdağ)",480149
"10/09/2020 03:31:20",27.4045,40.6855,7,0.2,"ML",1.8,"Marmara Denizi - [08.31 km] Şarköy (Tekirdağ)",480148
"10/09/2020 03:23:44",27.4108,40.6805,7,0.32,"ML",1.9,"Marmara Denizi - [09.01 km] Şarköy (Tekirdağ)",480147
"10/09/2020 01:42:26",27.3996,40.6636,7,0.25,"ML",1.7,"Marmara Denizi - [09.14 km] Şarköy (Tekirdağ)",480141
"10/09/2020 01:38:17",27.3973,40.674,7,0.16,"ML",1.4,"Marmara Denizi - [08.33 km] Şarköy (Tekirdağ)",480142
"10/09/2020 01:35:03",27.4116,40.6895,7,0.27,"ML",1.4,"Marmara Denizi - [08.73 km] Şarköy (Tekirdağ)",480140
"10/09/2020 01:31:38",27.4055,40.678,7,0.22,"ML",1.6,"Marmara Denizi - [08.72 km] Şarköy (Tekirdağ)",480139
"10/09/2020 00:29:17",27.4225,40.749,7,0.41,"ML",1.7,"Marmara Denizi - [07.31 km] Şarköy (Tekirdağ)",480137
"09/09/2020 23:41:10",27.4136,40.7026,7,0.28,"ML",1.3,"Marmara Denizi - [08.37 km] Şarköy (Tekirdağ)",480136
"09/09/2020 23:24:41",27.3788,40.6903,7.24,0.59,"ML",1.9,"Marmara Denizi - [06.10 km] Şarköy (Tekirdağ)",480134
"09/09/2020 23:20:31",27.3888,40.6748,7.03,0.66,"ML",1.6,"Marmara Denizi - [07.68 km] Şarköy (Tekirdağ)",480133
"09/09/2020 22:54:10",27.4418,40.669,7.01,0.32,"ML",1.3,"Marmara Denizi - [10.18 km] Marmara (Balıkesir)",480130
"09/09/2020 22:46:57",27.402,40.681,7.01,0.35,"ML",2.8,"Marmara Denizi - [08.31 km] Şarköy (Tekirdağ)",480129
"09/09/2020 19:31:35",27.4131,40.6808,7.16,0.24,"ML",2,"Marmara Denizi - [09.18 km] Şarköy (Tekirdağ)",480125
"09/09/2020 16:14:03",27.437,40.7153,6.87,0.48,"ML",1.6,"Marmara Denizi - [09.42 km] Şarköy (Tekirdağ)",480119
"09/09/2020 15:36:51",28.962,40.2153,7,0.1,"ML",1.6,"Nilüfer (Bursa)",480118
"09/09/2020 15:29:03",27.4425,40.8936,7,0.74,"ML",1.4,"Süleymanpaşa (Tekirdağ)",480115
"09/09/2020 11:43:18",27.3813,40.6641,6.48,0.17,"ML",1.5,"Marmara Denizi - [07.92 km] Şarköy (Tekirdağ)",480105
"09/09/2020 09:06:34",27.4046,40.6953,6.79,0.13,"ML",1.5,"Marmara Denizi - [07.98 km] Şarköy (Tekirdağ)",480100
"09/09/2020 07:39:41",27.4023,40.69,7,0.5,"ML",1.5,"Marmara Denizi - [07.96 km] Şarköy (Tekirdağ)",480093
"09/09/2020 06:02:27",27.4065,40.6883,7,0.2,"ML",2.5,"Marmara Denizi - [08.36 km] Şarköy (Tekirdağ)",480084
"09/09/2020 05:46:29",27.3985,40.6933,5.04,0.17,"ML",1.2,"Marmara Denizi - [07.54 km] Şarköy (Tekirdağ)",480091
"09/09/2020 04:43:14",27.4018,40.6835,10.46,0.14,"ML",1.6,"Marmara Denizi - [08.18 km] Şarköy (Tekirdağ)",480088
"09/09/2020 03:46:48",27.4205,40.6836,6.41,0.13,"ML",1.7,"Marmara Denizi - [09.65 km] Şarköy (Tekirdağ)",480087
"09/09/2020 03:15:58",27.3863,40.6926,7,0.12,"ML",1,"Marmara Denizi - [06.59 km] Şarköy (Tekirdağ)",480086
"09/09/2020 03:14:33",27.4213,40.6836,7,0.8,"ML",1.6,"Marmara Denizi - [09.71 km] Şarköy (Tekirdağ)",480085
"09/09/2020 03:00:19",27.4101,40.7053,7,0.32,"ML",1.4,"Marmara Denizi - [07.95 km] Şarköy (Tekirdağ)",480082
"09/09/2020 02:52:30",27.407,40.6855,7,0.8,"ML",1.5,"Marmara Denizi - [08.51 km] Şarköy (Tekirdağ)",480083
"09/09/2020 02:17:51",27.41,40.6766,7,0.9,"ML",1.3,"Marmara Denizi - [09.13 km] Şarköy (Tekirdağ)",480080
"09/09/2020 02:15:28",27.4103,40.686,7,0.6,"ML",1.4,"Marmara Denizi - [08.75 km] Şarköy (Tekirdağ)",480079
"09/09/2020 02:12:12",27.409,40.6833,6.35,0.12,"ML",1.5,"Marmara Denizi - [08.75 km] Şarköy (Tekirdağ)",480078
"09/09/2020 02:03:46",27.4136,40.6825,7,0.7,"ML",1.3,"Marmara Denizi - [09.15 km] Şarköy (Tekirdağ)",480077
"09/09/2020 01:59:13",27.3953,40.6865,7,0.12,"ML",1.2,"Marmara Denizi - [07.55 km] Şarköy (Tekirdağ)",480076
"09/09/2020 01:55:56",27.4103,40.6725,7,0.1,"ML",1.4,"Marmara Denizi - [09.37 km] Şarköy (Tekirdağ)",480075
"09/09/2020 01:27:50",27.4073,40.6905,7.02,0.2,"ML",1.3,"Marmara Denizi - [08.35 km] Şarköy (Tekirdağ)",480072
"09/09/2020 01:17:19",27.4056,40.677,7,0.9,"ML",1.4,"Marmara Denizi - [08.78 km] Şarköy (Tekirdağ)",480074
"09/09/2020 01:16:44",27.4165,40.68,7,0.5,"ML",1.1,"Marmara Denizi - [09.48 km] Şarköy (Tekirdağ)",480073
"09/09/2020 01:08:09",27.4075,40.6908,7,0.13,"ML",2.2,"Marmara Denizi - [08.35 km] Şarköy (Tekirdağ)",480067
"09/09/2020 01:06:27",27.4073,40.694,8.96,0.18,"ML",2.9,"Marmara Denizi - [08.24 km] Şarköy (Tekirdağ)",480066
"09/09/2020 00:57:23",27.4096,40.6886,9.91,0.15,"Mw",4.1,"Marmara Denizi - [08.60 km] Şarköy (Tekirdağ)",480065
"09/09/2020 00:55:59",27.4138,40.6865,7,0.15,"ML",2.6,"Marmara Denizi - [09.01 km] Şarköy (Tekirdağ)",480068
"08/09/2020 23:34:31",27.405,40.6846,7.05,0.9,"ML",1.6,"Marmara Denizi - [08.38 km] Şarköy (Tekirdağ)",480063
"08/09/2020 23:28:06",27.422,40.709,6.06,0.15,"ML",1.3,"Marmara Denizi - [08.58 km] Şarköy (Tekirdağ)",480062
"08/09/2020 11:30:38",29.2953,40.4698,6.05,0.28,"ML",1.2,"Orhangazi (Bursa)",480030
"07/09/2020 02:50:55",27.4363,40.6995,7.65,0.63,"ML",1.3,"Marmara Denizi - [10.16 km] Şarköy (Tekirdağ)",479978
"07/09/2020 02:25:35",28.1956,40.8568,11.13,0.55,"ML",2.5,"Marmara Denizi - [23.40 km] Marmaraereğlisi (Tekirdağ)",479971
"06/09/2020 09:12:06",27.4158,40.3381,6.99,0.31,"ML",1.5,"Marmara Denizi - Erdek Körfezi - [04.18 km] Biga (Çanakkale)",479954
"06/09/2020 05:45:47",29.6123,40.3451,7,0.28,"ML",2.1,"Yenişehir (Bursa)",479946
"05/09/2020 01:57:35",27.4141,40.3351,7.01,0.62,"ML",1.8,"Marmara Denizi - Erdek Körfezi - [03.83 km] Biga (Çanakkale)",479900
"03/09/2020 21:25:45",27.3905,40.2828,7.12,0.33,"ML",1.7,"Biga (Çanakkale)",479849
"02/09/2020 11:46:48",26.0703,40.319,7,0.44,"ML",1.2,"Ege Denizi - [14.79 km] Gökçeada (Çanakkale)",479781
"02/09/2020 01:17:19",27.4663,40.6555,9.11,0.17,"ML",1.7,"Marmara Denizi - [07.63 km] Marmara (Balıkesir)",479756
"01/09/2020 06:44:11",27.6825,40.8495,7,0.43,"ML",1.8,"Marmara Denizi - [17.05 km] Süleymanpaşa (Tekirdağ)",479727
"31/08/2020 21:32:55",28.1251,40.4145,16.14,0.3,"ML",2.1,"Marmara Denizi - Bandırma Körfezi - [03.01 km] Bandırma (Balıkesir)",479715
"31/08/2020 21:32:25",29.1111,40.6988,7,0.48,"ML",2,"Marmara Denizi - [05.83 km] Çınarcık (Yalova)",479716
"31/08/2020 16:23:37",29.0761,40.7126,7,0.3,"ML",2.1,"Marmara Denizi - [07.55 km] Çınarcık (Yalova)",479707
"31/08/2020 05:41:42",29.277,40.4936,7,0.41,"ML",0.9,"Orhangazi (Bursa)",479673
"31/08/2020 03:07:44",28.023,40.7508,28.16,0.53,"ML",2.5,"Marmara Denizi - [24.51 km] Marmaraereğlisi (Tekirdağ)",479657
"30/08/2020 17:58:39",28.817,40.4103,7,0.61,"ML",1.6,"Marmara Denizi - Gemlik Körfezi - [02.90 km] Mudanya (Bursa)",479625
"30/08/2020 17:53:15",28.2156,40.3036,5.16,0.58,"ML",1.8,"Karacabey (Bursa)",479624
"30/08/2020 02:27:14",27.739,40.7861,5.97,0.21,"ML",1.3,"Marmara Denizi - [16.32 km] Marmara (Balıkesir)",479607
"29/08/2020 04:46:24",28.2515,40.8346,11.94,0.46,"ML",2.1,"Marmara Denizi - [25.90 km] Silivri (İstanbul)",479543
"29/08/2020 01:18:45",28.1111,40.5243,7.02,0.61,"ML",1.6,"Marmara Denizi - [09.55 km] Erdek (Balıkesir)",479529
"28/08/2020 17:57:16",29.579,40.8386,7,0.24,"ML",1.2,"Dilovası (Kocaeli)",479504
"27/08/2020 23:43:50",27.0981,40.1723,7,0.29,"ML",1.3,"Biga (Çanakkale)",479479
"27/08/2020 11:29:53",28.7948,40.8941,6.92,0.39,"ML",1.9,"Marmara Denizi - [07.80 km] Bakırköy (İstanbul)",479463
"27/08/2020 10:35:50",28.3243,40.0638,7,0.2,"ML",1.4,"Mustafakemalpaşa (Bursa)",479458
"27/08/2020 10:10:38",28.3438,40.0743,6.99,0.16,"ML",1.2,"Mustafakemalpaşa (Bursa)",479457
"27/08/2020 02:00:00",28.3816,40.076,7,0.39,"ML",1.1,"Mustafakemalpaşa (Bursa)",479443
"26/08/2020 20:26:01",27.1858,40.1206,7,0.27,"ML",1.3,"Biga (Çanakkale)",479428
"25/08/2020 23:49:38",27.816,40.3381,6.95,0.66,"ML",1.6,"Bandırma (Balıkesir)",479385
"25/08/2020 18:14:00",29.1501,40.245,6.66,0.1,"ML",1,"Gürsu (Bursa)",479367
"22/08/2020 18:19:07",29.3146,40.1966,7.02,0.41,"ML",1.1,"Kestel (Bursa)",479247
"22/08/2020 17:44:25",28.5761,40.0555,12.48,0.84,"ML",1.7,"Mustafakemalpaşa (Bursa)",479245
"22/08/2020 15:40:14",27.3048,40.1325,8.37,0.43,"ML",2.4,"Biga (Çanakkale)",479240
"19/08/2020 21:40:36",27.4488,40.7243,8.25,0.27,"ML",2.1,"Marmara Denizi - [10.05 km] Şarköy (Tekirdağ)",479143
"18/08/2020 14:49:49",27.3878,40.6133,7.45,0.38,"ML",1.2,"Marmara Denizi - [11.10 km] Marmara (Balıkesir)",479092
"18/08/2020 11:04:01",28.6631,40.0273,4.99,0.43,"ML",1.5,"Mustafakemalpaşa (Bursa)",479080
"17/08/2020 19:29:40",29.4713,40.2508,7,0.23,"ML",1.2,"Yenişehir (Bursa)",479056
"15/08/2020 17:58:01",27.6945,40.8226,6.97,0.36,"ML",1.3,"Marmara Denizi - [19.11 km] Marmara (Balıkesir)",478987
"13/08/2020 15:17:52",28.5828,40.0926,6.99,0.29,"ML",1.9,"Mustafakemalpaşa (Bursa)",478893
"13/08/2020 11:09:14",28.6246,40.0633,8.96,0.43,"ML",2,"Mustafakemalpaşa (Bursa)",478886
"12/08/2020 22:57:23",27.427,40.268,6.05,0.25,"ML",2.3,"Biga (Çanakkale)",478860
"12/08/2020 10:47:06",29.9736,40.1781,6.66,0.53,"ML",1.1,"Merkez (Bilecik)",478827
"12/08/2020 08:52:53",27.7326,40.8133,7,0.42,"ML",1.8,"Marmara Denizi - [18.91 km] Marmara (Balıkesir)",478820
"10/08/2020 00:40:02",28.2318,40.7676,7.05,0.69,"ML",1.8,"Marmara Denizi - [31.90 km] Marmaraereğlisi (Tekirdağ)",478718
"07/08/2020 07:31:15",29.0083,40.564,6.62,0.41,"ML",1.3,"Çınarcık (Yalova)",478573
"05/08/2020 11:28:06",28.569,40.0876,6.23,0.6,"ML",1.3,"Mustafakemalpaşa (Bursa)",478448
"04/08/2020 02:23:59",29.2936,40.6821,7,0.12,"ML",1.2,"Marmara Denizi - [02.50 km] Merkez (Yalova)",478378
"03/08/2020 06:33:44",29.2978,40.6521,9.66,0.24,"ML",1.5,"Merkez (Yalova)",478354
"02/08/2020 08:06:59",29.0736,40.1605,12.8,0.69,"ML",1,"Yıldırım (Bursa)",478336
"02/08/2020 05:10:27",27.1255,40.3976,6.99,0.53,"ML",1.7,"Biga (Çanakkale)",478330
"01/08/2020 21:35:24",27.7653,40.7838,6.98,0.5,"ML",1.7,"Marmara Denizi - [17.15 km] Marmara (Balıkesir)",478308
"31/07/2020 06:20:25",28.6838,40.0821,7,0.41,"ML",2.5,"Mustafakemalpaşa (Bursa)",478239
"31/07/2020 05:50:54",27.4106,40.7588,7.01,0.2,"ML",1.4,"Marmara Denizi - [05.83 km] Şarköy (Tekirdağ)",478240
"29/07/2020 05:50:40",27.9553,40.6855,7.08,0.28,"ML",1.4,"Marmara Denizi - [20.45 km] Erdek (Balıkesir)",478190
"28/07/2020 20:52:26",28.1653,40.8693,7.01,0.64,"ML",1.9,"Marmara Denizi - [20.49 km] Marmaraereğlisi (Tekirdağ)",478171
"28/07/2020 16:26:43",28.6368,40.0795,7.02,0.48,"ML",2.1,"Mustafakemalpaşa (Bursa)",478161
"28/07/2020 12:37:25",27.0616,40.8466,6.92,0.86,"ML",1.1,"Malkara (Tekirdağ)",478150
"28/07/2020 08:59:53",27.2956,40.7706,7.12,0.51,"ML",1.8,"Şarköy (Tekirdağ)",478136
"27/07/2020 16:12:46",27.5738,40.4425,7.03,0.15,"ML",1.6,"Marmara Denizi - [04.61 km] Erdek (Balıkesir)",478116
"27/07/2020 00:25:41",27.655,40.8146,7,0.43,"ML",1,"Marmara Denizi - [17.59 km] Süleymanpaşa (Tekirdağ)",478078
"26/07/2020 18:16:26",29.9661,40.723,7,0.38,"ML",2,"Başiskele (Kocaeli)",478066
"23/07/2020 10:36:01",28.6435,40.107,7,0.31,"ML",1.4,"Mustafakemalpaşa (Bursa)",477890
"23/07/2020 10:00:02",27.4063,40.704,6.73,0.5,"ML",1.4,"Marmara Denizi - [07.78 km] Şarköy (Tekirdağ)",477889
"23/07/2020 06:04:13",28.6511,40.0606,7.03,0.47,"ML",1.7,"Mustafakemalpaşa (Bursa)",477882
"23/07/2020 02:29:39",28.8768,40.5841,6.99,0.36,"ML",2.1,"Marmara Denizi - [01.42 km] Armutlu (Yalova)",477875
"23/07/2020 00:33:21",28.6565,40.0958,7,0.4,"ML",2.1,"Mustafakemalpaşa (Bursa)",477874
"23/07/2020 00:14:25",28.6416,40.0735,6.99,0.36,"Mw",3.4,"Mustafakemalpaşa (Bursa)",477873
"22/07/2020 02:02:06",26.1823,40.4075,7,0.16,"ML",1.1,"Ege Denizi - Saros Körfezi - [16.21 km] Eceabat (Çanakkale)",477823
"21/07/2020 09:39:45",28.0431,40.4475,7.35,0.38,"ML",1.2,"Marmara Denizi - Bandırma Körfezi - [02.79 km] Erdek (Balıkesir)",477780
"19/07/2020 12:21:54",28.59,40.006,14.3,0.8,"ML",1.3,"Mustafakemalpaşa (Bursa)",477701
"19/07/2020 07:35:36",29.9498,40.0866,7.11,0.18,"ML",1.4,"Merkez (Bilecik)",477695
"18/07/2020 14:37:29",28.7021,40.0961,7,0.3,"ML",1.5,"Mustafakemalpaşa (Bursa)",477671
"16/07/2020 04:59:11",27.4351,40.6946,12.14,0.53,"ML",2.2,"Marmara Denizi - [10.37 km] Şarköy (Tekirdağ)",477566
"16/07/2020 04:41:57",27.705,40.402,6.98,0.58,"ML",1.4,"Marmara Denizi - Erdek Körfezi - [06.32 km] Erdek (Balıkesir)",477567
"15/07/2020 01:07:52",26.1701,40.1805,6.61,0.45,"ML",2,"Ege Denizi - [10.63 km] Eceabat (Çanakkale)",477509
"14/07/2020 23:59:37",28.2688,40.8505,6.99,0.47,"Mw",3.2,"Marmara Denizi - [24.04 km] Silivri (İstanbul)",477508
"14/07/2020 15:55:11",28.2318,40.8993,7.01,0.36,"ML",1.8,"Marmara Denizi - [18.95 km] Silivri (İstanbul)",477493
"13/07/2020 16:14:08",28.2706,40.839,7.03,0.67,"ML",1.8,"Marmara Denizi - [25.31 km] Silivri (İstanbul)",477447
"13/07/2020 01:29:08",28.0156,40.8011,6.98,0.18,"ML",1.3,"Marmara Denizi - [18.94 km] Marmaraereğlisi (Tekirdağ)",477419
"12/07/2020 04:35:11",27.4118,40.6801,5.83,0.34,"ML",1.7,"Marmara Denizi - [09.11 km] Şarköy (Tekirdağ)",477372
"11/07/2020 12:11:29",29.9586,40.157,4.24,0.56,"ML",1.3,"Merkez (Bilecik)",477323
"10/07/2020 16:53:37",28.073,40.102,13.3,0.4,"ML",1.9,"Manyas (Balıkesir)",477268
"10/07/2020 14:34:24",27.382,40.3423,7,0.33,"ML",1.9,"Biga (Çanakkale)",477266
"08/07/2020 12:55:50",28.798,40.1593,6.92,0.4,"ML",1.6,"Nilüfer (Bursa)",477171
"07/07/2020 21:59:18",29.1451,40.655,12.86,0.4,"ML",1.7,"Çınarcık (Yalova)",477139
"07/07/2020 13:29:17",28.5435,40.0795,7.05,0.5,"ML",1.3,"Mustafakemalpaşa (Bursa)",477117
"06/07/2020 14:02:54",28.6366,40.9055,7.13,0.35,"ML",1.8,"Marmara Denizi - [06.80 km] Beylikdüzü (İstanbul)",477062
"06/07/2020 06:45:29",27.9995,40.7753,6.99,0.8,"ML",2.7,"Marmara Denizi - [21.46 km] Marmaraereğlisi (Tekirdağ)",477046
"04/07/2020 06:13:22",26.2965,40.244,6.98,0.32,"Mw",3.1,"Eceabat (Çanakkale)",476941
"04/07/2020 05:24:53",27.8841,40.825,6.99,0.76,"ML",1.6,"Marmara Denizi - [16.59 km] Marmaraereğlisi (Tekirdağ)",476952
"04/07/2020 05:01:37",26.2883,40.2418,7,0.23,"ML",2.1,"Eceabat (Çanakkale)",476949
"03/07/2020 07:07:08",27.934,40.6963,6.99,0.13,"ML",2,"Marmara Denizi - [21.17 km] Marmara (Balıkesir)",476903
"03/07/2020 01:19:10",28.0233,40.7853,6.97,0.42,"ML",2.6,"Marmara Denizi - [20.80 km] Marmaraereğlisi (Tekirdağ)",476898
"01/07/2020 06:58:29",27.3708,40.3446,7,0.19,"ML",1.3,"Biga (Çanakkale)",476819
"30/06/2020 23:41:02",28.1185,40.888,7.01,0.18,"ML",1.1,"Marmara Denizi - [16.05 km] Marmaraereğlisi (Tekirdağ)",476803
"30/06/2020 06:03:04",28.2348,40.1176,7,0.25,"ML",1.5,"Karacabey (Bursa)",476769
"30/06/2020 05:55:37",28.136,40.0836,7.51,0.31,"ML",1.7,"Susurluk (Balıkesir)",476768
"29/06/2020 14:55:12",27.874,40.8183,7.01,0.46,"ML",2.2,"Marmara Denizi - [17.52 km] Marmaraereğlisi (Tekirdağ)",476737
"29/06/2020 13:37:29",28.742,40.3696,9.09,0.54,"ML",1.8,"Mudanya (Bursa)",476733
"29/06/2020 12:25:39",28.7131,40.0155,6.56,0.27,"ML",1.7,"Mustafakemalpaşa (Bursa)",476722
"29/06/2020 11:57:13",26.9628,40.0706,7,0.6,"ML",1,"Çan (Çanakkale)",476715
"29/06/2020 02:28:43",28.9425,40.1631,7,0.8,"ML",1.5,"Nilüfer (Bursa)",476689
"29/06/2020 00:22:37",27.9675,40.7885,6.87,0.26,"ML",1.5,"Marmara Denizi - [19.72 km] Marmaraereğlisi (Tekirdağ)",476685
"28/06/2020 16:52:31",28.0333,40.859,7.11,0.2,"ML",2.3,"Marmara Denizi - [13.46 km] Marmaraereğlisi (Tekirdağ)",476661
"28/06/2020 04:42:49",28.2716,40.8863,7.01,0.41,"ML",2,"Marmara Denizi - [20.06 km] Silivri (İstanbul)",476638
"27/06/2020 16:25:56",27.341,40.3461,7.38,0.31,"ML",1.5,"Biga (Çanakkale)",476619
"27/06/2020 06:50:26",27.5426,40.328,6.99,0.36,"ML",2.2,"Marmara Denizi - Erdek Körfezi - [06.32 km] Gönen (Balıkesir)",476591
"26/06/2020 16:15:54",27.5951,40.6336,4.19,0.53,"ML",1.7,"Marmara Denizi, Marmara Adası, Marmara (Balıkesir)",476536
"26/06/2020 12:16:21",28.0663,40.8525,6.93,0.42,"ML",2,"Marmara Denizi - [15.55 km] Marmaraereğlisi (Tekirdağ)",476501
"26/06/2020 01:49:57",28.8491,40.5611,10.21,0.24,"ML",1.5,"Armutlu (Yalova)",476454
"24/06/2020 19:27:08",28.2456,40.1456,7,0.18,"ML",1.3,"Karacabey (Bursa)",476397
"24/06/2020 15:05:50",26.9846,40.036,6.9,0.64,"ML",1.1,"Çan (Çanakkale)",476390
"24/06/2020 14:50:05",28.8175,40.5163,11.94,0.27,"ML",1.3,"Armutlu (Yalova)",476389
"24/06/2020 04:21:02",28.9723,40.206,5.6,0.31,"ML",1.6,"Nilüfer (Bursa)",476368
"23/06/2020 13:50:28",28.0238,40.758,6.03,0.21,"ML",1.5,"Marmara Denizi - [23.75 km] Marmaraereğlisi (Tekirdağ)",476349
"23/06/2020 12:36:43",27.5576,40.738,6.93,0.39,"ML",1.6,"Marmara Denizi - [12.69 km] Marmara (Balıkesir)",476346
"23/06/2020 05:02:37",28.8245,40.5255,17.89,0.39,"ML",1.3,"Armutlu (Yalova)",476334
"22/06/2020 13:14:54",28.7213,40.0665,6.69,0.64,"ML",1.8,"Mustafakemalpaşa (Bursa)",476299
"22/06/2020 11:26:42",28.1211,40.0143,7,0.42,"ML",1,"Susurluk (Balıkesir)",476293
"20/06/2020 14:04:17",29.271,40.6268,10.56,0.28,"ML",1.3,"Merkez (Yalova)",476211
"19/06/2020 14:23:05",27.3561,40.6815,7,0.14,"ML",1.2,"Marmara Denizi - [05.04 km] Şarköy (Tekirdağ)",476172
"19/06/2020 00:41:04",27.9885,40.7985,7,0.61,"ML",1.6,"Marmara Denizi - [18.77 km] Marmaraereğlisi (Tekirdağ)",476145
"18/06/2020 16:03:43",27.9648,40.8246,7.01,0.38,"ML",2,"Marmara Denizi - [15.71 km] Marmaraereğlisi (Tekirdağ)",476133
"17/06/2020 13:42:59",28.425,40.1028,7,0.28,"ML",1.4,"Mustafakemalpaşa (Bursa)",476081
"17/06/2020 12:36:45",28.8055,40.0483,6.27,0.41,"ML",1.3,"Orhaneli (Bursa)",476075
"17/06/2020 12:10:06",27.4733,40.679,7.02,0.1,"ML",1.3,"Marmara Denizi - [09.01 km] Marmara (Balıkesir)",476070
"16/06/2020 12:50:47",28.5235,40.1101,6.94,0.47,"ML",1.4,"Mustafakemalpaşa (Bursa)",475979
"15/06/2020 08:56:30",28.1423,40.906,7.07,0.18,"ML",1.3,"Marmara Denizi - [16.88 km] Marmaraereğlisi (Tekirdağ)",475838
"13/06/2020 22:08:01",28.058,40.8728,7.01,0.48,"ML",2.5,"Marmara Denizi - [13.34 km] Marmaraereğlisi (Tekirdağ)",475649
"12/06/2020 01:40:28",28.1446,40.8098,10.53,0.61,"ML",2.2,"Marmara Denizi - [23.41 km] Marmaraereğlisi (Tekirdağ)",475562
"12/06/2020 01:19:27",28.136,40.8238,7.12,0.76,"ML",1.3,"Marmara Denizi - [21.77 km] Marmaraereğlisi (Tekirdağ)",475561
"11/06/2020 23:56:06",28.1151,40.8336,7.03,0.76,"ML",2.5,"Marmara Denizi - [19.78 km] Marmaraereğlisi (Tekirdağ)",475560
"11/06/2020 12:48:38",28.7343,40.3463,7,0.96,"ML",1.1,"Mudanya (Bursa)",475544
"10/06/2020 13:57:44",28.0476,40.8425,7.02,0.11,"ML",1.5,"Marmara Denizi - [15.65 km] Marmaraereğlisi (Tekirdağ)",475492
"10/06/2020 07:41:02",29.1926,40.6136,9.2,0.47,"ML",1.5,"Termal (Yalova)",475459
"10/06/2020 05:25:18",27.4441,40.3411,7.06,0.44,"ML",2.2,"Marmara Denizi - Erdek Körfezi - [05.77 km] Biga (Çanakkale)",475449
"09/06/2020 23:34:20",29.787,40.7036,7,0.61,"ML",1.5,"Gölcük (Kocaeli)",475422
"09/06/2020 14:12:19",28.1501,40.5413,10.87,0.35,"ML",2.3,"Marmara Denizi - [13.31 km] Erdek (Balıkesir)",475378
"09/06/2020 10:48:05",28.077,40.832,7.01,0.22,"ML",1.5,"Marmara Denizi - [17.94 km] Marmaraereğlisi (Tekirdağ)",475359
"07/06/2020 22:19:26",28.2455,40.8553,7,0.3,"ML",1.4,"Marmara Denizi - [23.67 km] Silivri (İstanbul)",475300
"07/06/2020 21:40:16",27.4363,40.3178,6.99,0.41,"ML",1.8,"Biga (Çanakkale)",475299
"06/06/2020 22:53:22",27.878,40.7936,7.02,0.69,"ML",1.6,"Marmara Denizi - [20.11 km] Marmaraereğlisi (Tekirdağ)",475224
"06/06/2020 01:48:01",27.5546,40.77,7,0.15,"ML",1.4,"Marmara Denizi - [13.60 km] Süleymanpaşa (Tekirdağ)",475163
"05/06/2020 12:59:51",28.5838,40.6876,7,0.29,"ML",1.1,"Marmara Denizi - [27.14 km] Armutlu (Yalova)",475116
"05/06/2020 12:25:59",29.041,40.6248,11.66,0.33,"ML",1.9,"Çınarcık (Yalova)",475091
"05/06/2020 00:22:30",28.136,40.2943,6.91,0.35,"ML",1.5,"Bandırma (Balıkesir)",475065
"04/06/2020 15:35:31",26.1258,40.3435,8.71,0.11,"ML",1.8,"Ege Denizi - [16.96 km] Eceabat (Çanakkale)",475044
"04/06/2020 15:14:49",26.118,40.2805,31.71,0.51,"ML",3,"Ege Denizi - [15.87 km] Gökçeada (Çanakkale)",475043
"04/06/2020 14:47:36",26.9713,40.0245,7,0.39,"ML",1.1,"Çan (Çanakkale)",475039
"04/06/2020 12:58:55",27.2105,40.0985,6.77,0.3,"ML",2,"Biga (Çanakkale)",475034
"03/06/2020 13:31:43",27.4221,40.0115,8.86,0.26,"ML",1.2,"Yenice (Çanakkale)",474992
"01/06/2020 16:14:45",28.115,40.588,6.99,0.45,"ML",1.5,"Marmara Denizi - [15.28 km] Erdek (Balıkesir)",474905
"01/06/2020 14:43:40",28.193,40.9038,8,0.26,"ML",1.8,"Marmara Denizi - [19.04 km] Silivri (İstanbul)",474899
"01/06/2020 13:00:38",27.7011,40.4205,7,0.21,"ML",1.7,"Marmara Denizi - Erdek Körfezi - [05.33 km] Erdek (Balıkesir)",474897
"31/05/2020 16:09:30",29.0776,40.0158,7,0.25,"ML",1.1,"Osmangazi (Bursa)",474859
"30/05/2020 17:32:21",27.1561,40.3818,7,0.43,"ML",2.4,"Biga (Çanakkale)",474762
"30/05/2020 02:12:52",29.0958,40.5575,18.78,0.4,"ML",1.6,"Gemlik (Bursa)",474717
"29/05/2020 07:54:25",28.8738,40.5438,7.01,0.52,"ML",1.4,"Armutlu (Yalova)",474655
"29/05/2020 00:04:05",28.9556,40.6438,7.01,0.34,"ML",1.8,"Marmara Denizi - [02.50 km] Çınarcık (Yalova)",474622
"28/05/2020 14:59:59",27.569,40.6325,7.01,0.45,"ML",1.5,"Marmara Denizi, Marmara Adası, Marmara (Balıkesir)",474604
"28/05/2020 11:06:04",27,40.0248,6.97,0.56,"ML",0.9,"Çan (Çanakkale)",474585
"26/05/2020 21:54:14",29.307,40.6615,7,0.45,"ML",0.9,"Merkez (Yalova)",474474
"26/05/2020 21:53:34",29.3538,40.6508,7,0.28,"ML",0.9,"Çiftlikköy (Yalova)",474473
"26/05/2020 21:49:55",29.2718,40.7115,7,0.18,"ML",1.1,"Marmara Denizi - [05.86 km] Merkez (Yalova)",474472
"26/05/2020 21:49:27",29.2835,40.6921,9.46,0.46,"ML",1.7,"Marmara Denizi - [03.57 km] Merkez (Yalova)",474471
"25/05/2020 14:48:51",28.6095,40.1251,7,0.42,"ML",1.9,"Ulubat Gölü - [02.91 km] Mustafakemalpaşa (Bursa)",474347
"25/05/2020 14:16:49",28.5983,40.1121,6.76,0.49,"ML",2.3,"Mustafakemalpaşa (Bursa)",474342
"25/05/2020 05:18:59",28.5933,40.1331,7.1,0.44,"ML",1.6,"Ulubat Gölü - [03.64 km] Mustafakemalpaşa (Bursa)",474326
"25/05/2020 02:21:54",28.601,40.1413,7.47,0.31,"ML",2.7,"Ulubat Gölü - [04.69 km] Mustafakemalpaşa (Bursa)",474318
"23/05/2020 21:01:54",28.1838,40.5265,7,0.18,"ML",1.7,"Marmara Denizi - [14.89 km] Erdek (Balıkesir)",474257
"22/05/2020 19:43:37",27.8625,40.5895,7,0.35,"ML",1.8,"Marmara Denizi - [09.21 km] Erdek (Balıkesir)",474216
"22/05/2020 01:34:37",27.7076,40.3738,7,0.52,"ML",1.5,"Marmara Denizi - Erdek Körfezi - [07.46 km] Erdek (Balıkesir)",474168
"22/05/2020 01:34:08",27.7496,40.4368,7,0.43,"ML",1.7,"Erdek (Balıkesir)",474167
"22/05/2020 00:26:27",29.1168,40.3925,7.64,0.35,"ML",2,"Gemlik (Bursa)",474159
"21/05/2020 19:11:32",29.026,40.8026,7,0.54,"ML",1.6,"Marmara Denizi - [07.48 km] Adalar (İstanbul)",474149
"21/05/2020 17:33:15",28.7071,40.0236,6.18,0.55,"ML",1.8,"Mustafakemalpaşa (Bursa)",474144
"21/05/2020 13:22:03",28.6911,40.015,6.28,0.7,"ML",1.6,"Mustafakemalpaşa (Bursa)",474132
"21/05/2020 11:18:39",26.1218,40.4185,6.87,0.12,"ML",1.3,"Ege Denizi - [20.92 km] Eceabat (Çanakkale)",474121
"21/05/2020 11:15:10",27.4531,40.7545,6.98,0.35,"ML",1.6,"Marmara Denizi - [08.87 km] Şarköy (Tekirdağ)",474120
"21/05/2020 11:14:21",26.114,40.3828,7,0.2,"ML",1.3,"Ege Denizi - [19.42 km] Eceabat (Çanakkale)",474119
"21/05/2020 08:03:25",28.2225,40.461,7.13,0.25,"ML",1.6,"Marmara Denizi - [08.68 km] Karacabey (Bursa)",474108
"21/05/2020 04:33:53",26.1091,40.403,7,0.22,"ML",1.6,"Ege Denizi - [20.86 km] Eceabat (Çanakkale)",474102
"20/05/2020 21:35:51",26.0806,40.3476,7,0.45,"ML",1.3,"Ege Denizi - [17.71 km] Gökçeada (Çanakkale)",474074
"20/05/2020 10:50:16",27.286,40.1708,6.95,0.19,"ML",1.5,"Biga (Çanakkale)",474028
"19/05/2020 21:43:07",28.748,40.5533,6.61,0.11,"ML",1.7,"Marmara Denizi - [07.24 km] Armutlu (Yalova)",473978
"19/05/2020 21:24:12",27.3271,40.1766,7,0.17,"ML",0.9,"Biga (Çanakkale)",473977
"19/05/2020 21:23:21",27.3388,40.1673,6.99,0.28,"ML",1.6,"Biga (Çanakkale)",473976
"19/05/2020 19:50:43",27.1008,40.5386,7,0.7,"ML",0.9,"Marmara Denizi - [08.21 km] Şarköy (Tekirdağ)",473970
"18/05/2020 10:56:21",27.526,40.82,7.08,0.18,"ML",1.6,"Marmara Denizi - [07.81 km] Süleymanpaşa (Tekirdağ)",473862
"17/05/2020 20:05:40",27.7491,40.619,6.48,0.45,"ML",1.5,"Marmara Denizi - [03.63 km] Marmara (Balıkesir)",473826
"16/05/2020 22:25:49",27.2946,40.7355,2.73,0.43,"ML",1.5,"Şarköy (Tekirdağ)",473795
"16/05/2020 10:42:35",26.9815,40.0785,7,0.76,"ML",1,"Çan (Çanakkale)",473753
"15/05/2020 15:40:56",29.2703,40.5145,6.61,0.32,"ML",1.1,"Orhangazi (Bursa)",473710
"14/05/2020 07:52:18",26.2785,40.396,7,0.32,"ML",1.4,"Ege Denizi - Saros Körfezi - [09.49 km] Eceabat (Çanakkale)",473605
"13/05/2020 18:45:34",27.4771,40.7191,7.1,0.34,"ML",2,"Marmara Denizi - [12.51 km] Şarköy (Tekirdağ)",473590
"13/05/2020 11:22:43",29.275,40.3391,6,0.3,"ML",1.2,"Gemlik (Bursa)",473576
"11/05/2020 21:15:48",27.1106,40.5376,7.68,0.19,"ML",1.5,"Marmara Denizi - [08.27 km] Şarköy (Tekirdağ)",473510
"10/05/2020 23:28:03",28.2851,40.1315,7,0.47,"ML",2.3,"Karacabey (Bursa)",473440
"10/05/2020 23:09:35",28.2701,40.1178,7,0.61,"ML",1,"Karacabey (Bursa)",473442
"10/05/2020 23:08:58",28.2801,40.128,7,0.47,"ML",1.9,"Karacabey (Bursa)",473441
"10/05/2020 23:08:16",28.2851,40.1311,7,0.58,"ML",1.1,"Karacabey (Bursa)",473443
"10/05/2020 15:57:09",28.3461,40.859,4.35,0.32,"ML",1.4,"Marmara Denizi - [20.93 km] Büyükçekmece (İstanbul)",473423
"10/05/2020 08:50:04",29.1128,40.686,7.15,0.66,"ML",1.6,"Marmara Denizi - [04.41 km] Çınarcık (Yalova)",473388
"10/05/2020 06:57:53",29.1575,40.628,8.92,0.25,"ML",1.1,"Çınarcık (Yalova)",473384
"08/05/2020 20:55:57",27.2101,40.3325,7,0.36,"ML",1.3,"Biga (Çanakkale)",473311
"08/05/2020 06:37:10",27.4675,40.6585,7.1,0.16,"ML",1.2,"Marmara Denizi - [07.74 km] Marmara (Balıkesir)",473276
"07/05/2020 19:22:26",28.6103,40.4021,7.06,0.27,"ML",1.4,"Marmara Denizi - [04.96 km] Mudanya (Bursa)",473257
"07/05/2020 09:04:57",27.4105,40.7203,7,0.21,"ML",1.4,"Marmara Denizi - [07.14 km] Şarköy (Tekirdağ)",473236
"06/05/2020 17:34:12",28.2285,40.1083,6.99,0.3,"ML",1.7,"Karacabey (Bursa)",473182
"06/05/2020 13:26:42",29.6028,40.2185,7,0.39,"ML",1.2,"Yenişehir (Bursa)",473165
"06/05/2020 06:54:23",29.0871,40.6763,7.06,0.25,"ML",1.7,"Marmara Denizi - [03.62 km] Çınarcık (Yalova)",473151
"06/05/2020 04:13:50",29.0961,40.6373,10.06,0.2,"ML",2.2,"Çınarcık (Yalova)",473142
"05/05/2020 21:24:52",29.1633,40.731,10.49,0.48,"ML",1.7,"Marmara Denizi - [08.57 km] Çınarcık (Yalova)",473129
"05/05/2020 09:28:37",28.2793,40.688,6.71,0.78,"ML",1.9,"Marmara Denizi - [32.25 km] Karacabey (Bursa)",473095
"04/05/2020 16:52:32",29.152,40.707,7.5,0.4,"ML",2.4,"Marmara Denizi - [06.00 km] Çınarcık (Yalova)",473051
"04/05/2020 01:51:38",27.3755,40.1303,7,0.15,"ML",1.3,"Biga (Çanakkale)",472995
"04/05/2020 01:51:04",27.3105,40.2666,7.01,0.17,"ML",1.1,"Biga (Çanakkale)",472994
"03/05/2020 14:57:58",27.1123,40.9678,7.1,0.51,"ML",1.7,"Malkara (Tekirdağ)",472937
"03/05/2020 14:53:16",27.139,40.9951,7,0.2,"ML",1,"Süleymanpaşa (Tekirdağ)",472938
"03/05/2020 14:51:56",26.493,40.2726,7.57,0.69,"ML",1.2,"Eceabat (Çanakkale)",472939
"03/05/2020 14:40:45",27.078,40.9678,7.01,0.16,"ML",1.1,"Malkara (Tekirdağ)",472936
"03/05/2020 10:46:02",27.5038,40.7203,13.29,0.71,"ML",1,"Marmara Denizi - [12.02 km] Marmara (Balıkesir)",472924
"02/05/2020 08:36:34",28.9691,40.1636,5.79,0.27,"ML",2.4,"Nilüfer (Bursa)",472784
"01/05/2020 18:32:31",27.0756,40.6783,9.34,0.17,"ML",1.8,"Şarköy (Tekirdağ)",472760
"30/04/2020 01:44:56",28.1191,40.7955,7.03,0.15,"ML",1.4,"Marmara Denizi - [23.29 km] Marmaraereğlisi (Tekirdağ)",472639
"29/04/2020 17:34:36",28.429,40.904,7.02,0.53,"ML",1.8,"Marmara Denizi - [13.11 km] Büyükçekmece (İstanbul)",472613
"29/04/2020 12:20:27",28.732,40.0046,7.55,0.24,"ML",1.7,"Mustafakemalpaşa (Bursa)",472593
"29/04/2020 06:34:04",27.5738,40.0533,13.24,0.28,"ML",1.3,"Gönen (Balıkesir)",472570
"29/04/2020 03:35:40",27.6343,40.7575,7.02,0.47,"ML",1.5,"Marmara Denizi - [11.79 km] Marmara (Balıkesir)",472561
"29/04/2020 00:45:21",29.0285,40.5951,9.48,0.6,"ML",1.3,"Çınarcık (Yalova)",472555
"28/04/2020 18:21:38",27.1133,40.2605,7.01,0.57,"ML",2,"Biga (Çanakkale)",472544
"28/04/2020 14:49:37",28.242,40.8498,6.04,0.38,"ML",1.9,"Marmara Denizi - [24.31 km] Silivri (İstanbul)",472537
"27/04/2020 12:19:46",29.0181,40.5585,7,0.31,"ML",1.3,"Gemlik (Bursa)",472475
"27/04/2020 04:30:01",27.425,40.0088,7.37,0.28,"ML",1.5,"Yenice (Çanakkale)",472448
"26/04/2020 22:16:44",27.7418,40.345,7,0.42,"ML",1.3,"Marmara Denizi - Erdek Körfezi - [05.18 km] Bandırma (Balıkesir)",472423
"26/04/2020 22:07:57",27.008,40.404,7.01,0.35,"ML",1.7,"Marmara Denizi - [05.25 km] Biga (Çanakkale)",472421
"26/04/2020 04:33:02",29.0116,40.5898,7.22,0.19,"ML",1,"Çınarcık (Yalova)",472379
"26/04/2020 02:06:32",28.6456,40.3763,7,0.12,"ML",1.2,"Marmara Denizi - [02.05 km] Mudanya (Bursa)",472372
"26/04/2020 01:12:08",27.8953,40.7726,7.02,0.19,"ML",2.1,"Marmara Denizi - [22.12 km] Marmaraereğlisi (Tekirdağ)",472367
"25/04/2020 23:34:02",28.8833,40.3746,7,0.16,"ML",0.9,"Mudanya (Bursa)",472360
"25/04/2020 09:45:53",28.1883,40.8498,7.04,0.26,"ML",1.6,"Marmara Denizi - [23.29 km] Marmaraereğlisi (Tekirdağ)",472332
"24/04/2020 11:01:00",27.4736,40.3343,7.04,0.21,"ML",2.5,"Marmara Denizi - Erdek Körfezi - [05.49 km] Biga (Çanakkale)",472239
"24/04/2020 07:02:58",28.3846,40.2655,6.98,0.44,"ML",1.7,"Karacabey (Bursa)",472228
"24/04/2020 06:49:02",27.091,40.3483,15.58,0.36,"ML",2.9,"Biga (Çanakkale)",472227
"22/04/2020 02:54:28",28.2463,40.1625,7,0.22,"ML",1.6,"Karacabey (Bursa)",472119
"21/04/2020 10:37:42",29.0191,40.6005,10.67,0.28,"ML",1.6,"Çınarcık (Yalova)",472050
"21/04/2020 03:47:33",27.5893,40.8426,6.99,0.64,"ML",1.7,"Marmara Denizi - [11.37 km] Süleymanpaşa (Tekirdağ)",472000
"21/04/2020 00:48:38",28.0543,40.053,11.19,0.38,"ML",1.5,"Manyas (Balıkesir)",471980
"20/04/2020 23:16:44",28.977,40.577,8.19,0.49,"ML",1.6,"Çınarcık (Yalova)",471977
"20/04/2020 07:40:05",29.0333,40.611,11.86,0.32,"ML",1.3,"Çınarcık (Yalova)",471934
"20/04/2020 03:57:48",27.6636,40.7818,6.94,0.31,"ML",2.1,"Marmara Denizi - [14.33 km] Marmara (Balıkesir)",471927
"19/04/2020 05:20:06",28.3643,40.288,7,0.37,"ML",2.4,"Karacabey (Bursa)",471871
"17/04/2020 17:50:04",28.5756,40.0698,6.79,0.41,"ML",1.6,"Mustafakemalpaşa (Bursa)",471752
"17/04/2020 16:57:41",29.2988,40.1526,7,0.9,"ML",0.9,"Kestel (Bursa)",471749
"17/04/2020 12:06:09",28.6365,40.0375,7.46,0.75,"ML",1.7,"Mustafakemalpaşa (Bursa)",471737
"17/04/2020 04:25:52",27.4206,40.746,7.02,0.43,"ML",1.5,"Marmara Denizi - [07.35 km] Şarköy (Tekirdağ)",471713
"15/04/2020 21:47:53",27.0066,40.3241,7.01,0.57,"ML",1.8,"Lapseki (Çanakkale)",471607
"15/04/2020 16:50:46",27.6531,40.8298,6.99,0.61,"ML",1.8,"Marmara Denizi - [16.93 km] Süleymanpaşa (Tekirdağ)",471596
"15/04/2020 09:40:16",27.3578,40.1443,7.05,0.37,"ML",2.2,"Biga (Çanakkale)",471555
"15/04/2020 00:40:05",27.9923,40.0046,9.45,0.7,"ML",2.1,"Manyas (Balıkesir)",471524
"14/04/2020 09:14:36",26.171,40.1716,6.97,0.23,"ML",2.7,"Ege Denizi - [09.71 km] Eceabat (Çanakkale)",471496
"13/04/2020 14:42:00",27.7798,40.801,7,0.43,"ML",1.7,"Marmara Denizi - [19.42 km] Marmara (Balıkesir)",471465
"13/04/2020 12:03:27",27.3733,40.6426,6.84,0.25,"ML",1.3,"Marmara Denizi - [09.32 km] Şarköy (Tekirdağ)",471455
"13/04/2020 02:20:31",27.703,40.0116,7.02,0.54,"ML",1.2,"Gönen (Balıkesir)",471408
"12/04/2020 14:33:22",27.4831,40.4436,9.91,0.2,"ML",1.7,"Marmara Denizi - [07.01 km] Marmara (Balıkesir)",471368
"11/04/2020 16:12:03",26.1561,40.3271,7.08,0.23,"ML",1.5,"Ege Denizi - [14.07 km] Eceabat (Çanakkale)",471308
"11/04/2020 08:50:20",27.0865,40.3168,7,0.42,"ML",1.1,"Biga (Çanakkale)",471291
"11/04/2020 08:36:55",28.0251,40.647,7.02,0.38,"ML",1.2,"Marmara Denizi - [17.95 km] Erdek (Balıkesir)",471290
"11/04/2020 05:17:43",28.2548,40.1513,7,0.28,"ML",1.4,"Karacabey (Bursa)",471275
"10/04/2020 14:54:45",28.0631,40.8163,7,0.78,"ML",2.3,"Marmara Denizi - [18.83 km] Marmaraereğlisi (Tekirdağ)",471242
"10/04/2020 13:12:30",28.0495,40.8006,6.98,0.28,"ML",2.5,"Marmara Denizi - [19.91 km] Marmaraereğlisi (Tekirdağ)",471237
"10/04/2020 12:28:24",28.0133,40.776,6.83,0.26,"ML",1.7,"Marmara Denizi - [21.60 km] Marmaraereğlisi (Tekirdağ)",471232
"10/04/2020 11:54:32",29.9965,40.7145,7,0.17,"ML",1.3,"Başiskele (Kocaeli)",471228
"10/04/2020 11:53:58",29.9943,40.7101,7,0.23,"ML",1,"Başiskele (Kocaeli)",471227
"10/04/2020 08:01:10",26.3245,40.2818,7,0.11,"ML",2.1,"Eceabat (Çanakkale)",471218
"10/04/2020 00:23:44",27.4041,40.68,7,0.8,"ML",1.2,"Marmara Denizi - [08.52 km] Şarköy (Tekirdağ)",471191
"07/04/2020 00:23:42",29.1106,40.7685,7,0.16,"ML",1.8,"Marmara Denizi - [09.58 km] Adalar (İstanbul)",470973
"05/04/2020 14:03:16",29.2483,40.6945,7,0.14,"ML",1.1,"Marmara Denizi - [04.29 km] Merkez (Yalova)",470887
"05/04/2020 00:49:53",27.4348,40.4481,7.88,0.47,"ML",2.5,"Marmara Denizi - [08.65 km] Marmara (Balıkesir)",470845
"04/04/2020 17:15:42",28.733,40.4548,7.01,0.45,"ML",2.1,"Marmara Denizi - [08.72 km] Mudanya (Bursa)",470812
"04/04/2020 12:17:16",28.5113,40.1523,8.51,0.71,"ML",1.6,"Mustafakemalpaşa (Bursa)",470798
"01/04/2020 22:03:24",27.4381,40.7598,7,0.19,"ML",3.2,"Marmara Denizi - [07.49 km] Şarköy (Tekirdağ)",470632
"01/04/2020 15:26:55",28.2836,40.8451,7.02,0.31,"ML",1.8,"Marmara Denizi - [24.62 km] Silivri (İstanbul)",470615
"31/03/2020 17:24:55",27.6513,40.664,7.01,0.42,"ML",1.5,"Marmara Denizi - [01.35 km] Marmara (Balıkesir)",470551
"29/03/2020 17:49:10",28.7025,40.8125,7,0.12,"ML",2.1,"Marmara Denizi - [17.76 km] Beylikdüzü (İstanbul)",470365
"28/03/2020 16:42:23",29.1678,40.2573,1.48,0.16,"ML",1,"Gürsu (Bursa)",470319
"28/03/2020 16:15:36",29.2523,40.4663,9.79,0.4,"ML",1.3,"Orhangazi (Bursa)",470318
"28/03/2020 11:21:59",29.2151,40.6908,7,0.57,"ML",1.4,"Marmara Denizi - [05.07 km] Merkez (Yalova)",470300
"25/03/2020 22:15:07",27.3686,40.73,7,0.2,"ML",1.7,"Marmara Denizi - [03.51 km] Şarköy (Tekirdağ)",470105
"25/03/2020 13:15:34",27.4126,40.5503,8.99,0.58,"ML",2.9,"Marmara Denizi - [06.25 km] Marmara (Balıkesir)",470083
"25/03/2020 12:12:04",27.4028,40.5471,7.04,0.45,"ML",2.2,"Marmara Denizi - [07.07 km] Marmara (Balıkesir)",470076
"25/03/2020 10:23:37",29.2958,40.498,7,0.31,"ML",2.6,"Orhangazi (Bursa)",470071
"23/03/2020 16:44:01",29.336,40.179,7,0.25,"ML",1.2,"Kestel (Bursa)",469953
"23/03/2020 12:53:20",29.1618,40.2618,7.58,0.29,"ML",1.7,"Gürsu (Bursa)",469939
"22/03/2020 17:55:57",28.0255,40.4876,7,0.17,"ML",1.6,"Marmara Denizi - [02.11 km] Erdek (Balıkesir)",469875
"22/03/2020 13:22:57",27.7313,40.7511,7,0.27,"ML",1.2,"Marmara Denizi - [12.56 km] Marmara (Balıkesir)",469865
"22/03/2020 07:13:49",29.2675,40.6795,7.02,0.44,"ML",1.5,"Marmara Denizi - [02.53 km] Merkez (Yalova)",469854
"21/03/2020 00:30:08",28.0021,40.843,7.01,0.57,"ML",1.1,"Marmara Denizi - [14.15 km] Marmaraereğlisi (Tekirdağ)",469770
"20/03/2020 10:31:45",28.1481,40.8858,6.98,0.45,"ML",1.7,"Marmara Denizi - [18.31 km] Marmaraereğlisi (Tekirdağ)",469690
"20/03/2020 10:05:44",29.0163,40.6046,11.18,0.35,"ML",1.6,"Çınarcık (Yalova)",469687
"20/03/2020 01:21:53",28.2403,40.1075,7,0.21,"ML",1.1,"Karacabey (Bursa)",469619
"18/03/2020 12:32:42",28.9273,40.3693,7.09,0.13,"ML",1.2,"Marmara Denizi - Gemlik Körfezi - [01.86 km] Mudanya (Bursa)",469477
"16/03/2020 01:31:09",29.1191,40.283,7.1,0.52,"ML",1.8,"Osmangazi (Bursa)",469314
"15/03/2020 07:04:58",27.5518,40.6986,7.42,0.45,"ML",1.3,"Marmara Denizi - [09.28 km] Marmara (Balıkesir)",469250
"13/03/2020 17:34:46",29.47,40.881,4.7,0.8,"ML",1.2,"Gebze (Kocaeli)",469154
"12/03/2020 04:14:20",27.3396,40.1453,7,0.48,"ML",2.2,"Biga (Çanakkale)",469037
"12/03/2020 03:54:15",28.2593,40.153,6.99,0.33,"ML",1.5,"Karacabey (Bursa)",469029
"12/03/2020 03:40:40",28.1825,40.8093,7.01,0.71,"ML",1.5,"Marmara Denizi - [25.70 km] Marmaraereğlisi (Tekirdağ)",469030
"11/03/2020 21:38:33",27.0855,40.4358,6.98,0.47,"ML",1.2,"Biga (Çanakkale)",469006
"11/03/2020 19:09:06",27.715,40.7816,7.02,0.5,"ML",2,"Marmara Denizi - [15.10 km] Marmara (Balıkesir)",468999
"11/03/2020 16:39:32",27.3865,40.7481,7,0.46,"ML",1.3,"Marmara Denizi - [04.47 km] Şarköy (Tekirdağ)",468977
"11/03/2020 16:32:23",27.5578,40.7246,6.94,0.5,"ML",2.3,"Marmara Denizi - [11.61 km] Marmara (Balıkesir)",468976
"11/03/2020 11:18:59",28.2021,40.8816,7.29,0.15,"ML",1.1,"Marmara Denizi - [21.26 km] Silivri (İstanbul)",468941
"09/03/2020 22:21:51",27.6948,40.7631,7,0.8,"ML",1.8,"Marmara Denizi - [12.64 km] Marmara (Balıkesir)",468825
"09/03/2020 16:12:09",28.5966,40.0696,6.42,0.27,"ML",1.2,"Mustafakemalpaşa (Bursa)",468807
"08/03/2020 14:04:54",29.2473,40.704,7.6,0.46,"ML",2,"Marmara Denizi - [05.35 km] Merkez (Yalova)",468738
"08/03/2020 07:21:04",29.223,40.693,11.09,0.29,"Mw",3.9,"Marmara Denizi - [04.86 km] Merkez (Yalova)",468694
"07/03/2020 23:47:03",27.6821,40.8275,7.01,0.52,"ML",1.4,"Marmara Denizi - [19.29 km] Süleymanpaşa (Tekirdağ)",468678
"07/03/2020 03:39:07",27.9873,40.1266,7,0.6,"ML",1.5,"Manyas (Balıkesir)",468614
"06/03/2020 22:39:42",27.7686,40.7541,7,0.22,"ML",2,"Marmara Denizi - [14.64 km] Marmara (Balıkesir)",468586
"06/03/2020 01:18:46",27.3338,40.185,7.02,0.48,"ML",1.4,"Biga (Çanakkale)",468514
"05/03/2020 03:51:26",27.4605,40.7871,7,0.24,"ML",1.7,"Marmara Denizi - [06.80 km] Süleymanpaşa (Tekirdağ)",468413
"05/03/2020 03:51:15",27.4521,40.769,7,0.65,"ML",1.9,"Marmara Denizi - [07.77 km] Süleymanpaşa (Tekirdağ)",468412
"05/03/2020 00:39:40",27.6965,40.7745,7.01,0.52,"ML",1.7,"Marmara Denizi - [13.90 km] Marmara (Balıkesir)",468378
"04/03/2020 18:29:44",28.9458,40.5718,12.42,0.42,"ML",2.3,"Armutlu (Yalova)",468341
"04/03/2020 11:28:26",28.8558,40.762,7.01,0.57,"ML",2.3,"Marmara Denizi - [16.33 km] Adalar (İstanbul)",468310
"03/03/2020 21:08:10",27.7111,40.808,7,0.55,"ML",2.5,"Marmara Denizi - [17.81 km] Marmara (Balıkesir)",468221
"03/03/2020 00:13:33",27.7783,40.8093,7,0.75,"ML",1.4,"Marmara Denizi - [20.14 km] Marmara (Balıkesir)",468106
"02/03/2020 17:19:54",29.1408,40.7013,7,0.15,"ML",1.2,"Marmara Denizi - [05.65 km] Çınarcık (Yalova)",468060
"01/03/2020 10:47:18",28.3206,40.876,7,0.45,"ML",2.2,"Marmara Denizi - [20.57 km] Silivri (İstanbul)",467935
"01/03/2020 04:30:46",29.1795,40.7061,14.33,0.57,"ML",1.5,"Marmara Denizi - [05.94 km] Çınarcık (Yalova)",467907
"29/02/2020 08:34:59",29.091,40.571,11.2,0.15,"ML",1.1,"Gemlik (Bursa)",467783
"28/02/2020 12:49:00",27.979,40.8121,6.94,0.39,"ML",1.4,"Marmara Denizi - [17.18 km] Marmaraereğlisi (Tekirdağ)",467674
"28/02/2020 12:08:53",27.5828,40.7906,7,0.52,"ML",1.6,"Marmara Denizi - [13.57 km] Süleymanpaşa (Tekirdağ)",467675
"28/02/2020 11:59:49",28.0086,40.3836,6.97,0.6,"ML",2.1,"Marmara Denizi - Bandırma Körfezi - [02.67 km] Bandırma (Balıkesir)",467673
"28/02/2020 09:22:24",28.0258,40.804,6.98,0.7,"ML",1.4,"Marmara Denizi - [18.87 km] Marmaraereğlisi (Tekirdağ)",467663
"28/02/2020 08:23:45",28.0438,40.8538,7,0.53,"ML",2.7,"Marmara Denizi - [14.40 km] Marmaraereğlisi (Tekirdağ)",467655
"28/02/2020 05:50:42",29.9973,40.7435,14.46,0.21,"ML",2.3,"Kartepe (Kocaeli)",467652
"27/02/2020 15:59:18",28.9165,40.3908,7.1,0.31,"ML",2.2,"Marmara Denizi - Gemlik Körfezi - [03.22 km] Mudanya (Bursa)",467612
"27/02/2020 12:00:07",28.8846,40.412,6.07,0.57,"ML",2.4,"Marmara Denizi - Gemlik Körfezi - [03.69 km] Mudanya (Bursa)",467593
"26/02/2020 12:51:36",28.7401,40.1705,5.82,0.65,"ML",1.8,"Nilüfer (Bursa)",467463
"26/02/2020 11:56:52",27.7388,40.1406,7.26,0.2,"ML",1.4,"Gönen (Balıkesir)",467452
"26/02/2020 04:26:36",27.9256,40.4451,6.98,0.55,"ML",1.6,"Erdek (Balıkesir)",467413
"25/02/2020 07:41:03",26.9561,40.0683,7,0.37,"ML",1.4,"Çan (Çanakkale)",467226
"25/02/2020 01:55:59",28.88,40.2153,7.03,0.61,"ML",1.5,"Nilüfer (Bursa)",467175
"24/02/2020 21:06:56",28.2161,40.8645,6.98,0.32,"ML",2.7,"Marmara Denizi - [22.94 km] Silivri (İstanbul)",467090
"24/02/2020 08:31:02",27.6551,40.8045,6.75,0.26,"ML",1.5,"Marmara Denizi - [16.85 km] Marmara (Balıkesir)",466937
"24/02/2020 02:16:23",27.4346,40.7688,6.99,0.35,"ML",2.4,"Marmara Denizi - [06.70 km] Şarköy (Tekirdağ)",466811
"23/02/2020 00:17:34",27.4043,40.5453,7,0.59,"ML",1.5,"Marmara Denizi - [06.94 km] Marmara (Balıkesir)",466472
"22/02/2020 16:28:53",29.2995,40.4825,7.51,0.45,"ML",1.1,"Orhangazi (Bursa)",466418
"22/02/2020 10:07:50",27.6665,40.6063,3.62,0.63,"ML",1.6,"Marmara Denizi, Marmara Adası, Marmara (Balıkesir)",466387
"22/02/2020 04:25:56",27.4338,40.7716,7.01,0.33,"ML",3.2,"Marmara Denizi - [06.50 km] Şarköy (Tekirdağ)",466344
"21/02/2020 17:17:18",28.4638,40.1656,7.21,0.77,"ML",2.4,"Mustafakemalpaşa (Bursa)",466271
"21/02/2020 16:43:36",28.2623,40.92,6.21,0.77,"ML",1.9,"Marmara Denizi - [16.37 km] Silivri (İstanbul)",466263
"20/02/2020 22:30:17",26.14,40.4071,5.83,0.55,"ML",2.1,"Ege Denizi - [18.92 km] Eceabat (Çanakkale)",466167
"20/02/2020 22:28:45",28.8298,40.0425,7.09,0.26,"ML",1.8,"Orhaneli (Bursa)",466163
"19/02/2020 22:11:16",27.2815,40.2913,7,0.17,"ML",1,"Biga (Çanakkale)",465951
"15/02/2020 13:08:50",27.1001,40.5203,6.99,0.36,"ML",2.1,"Marmara Denizi - [09.63 km] Biga (Çanakkale)",465177
"14/02/2020 17:09:58",29.7503,40.9026,9.33,0.13,"ML",1.1,"Körfez (Kocaeli)",465042
"14/02/2020 06:26:38",28.0275,40.823,7,0.54,"ML",1.7,"Marmara Denizi - [16.92 km] Marmaraereğlisi (Tekirdağ)",464978
"14/02/2020 05:50:55",27.9958,40.794,7,0.42,"ML",2.7,"Marmara Denizi - [19.36 km] Marmaraereğlisi (Tekirdağ)",464947
"14/02/2020 02:47:12",28.0088,40.8003,6.99,0.66,"ML",1.9,"Marmara Denizi - [18.89 km] Marmaraereğlisi (Tekirdağ)",464949
"12/02/2020 17:35:06",29.1995,40.4581,7.18,0.33,"ML",1.6,"Gemlik (Bursa)",464718
"12/02/2020 01:07:26",28.6226,40.8241,7,0.13,"ML",1.7,"Marmara Denizi - [15.91 km] Beylikdüzü (İstanbul)",464592
"11/02/2020 13:00:17",28.518,40.1026,8.46,0.37,"ML",1.5,"Mustafakemalpaşa (Bursa)",464512
"10/02/2020 12:23:32",26.2573,40.4195,6.98,0.33,"ML",1.9,"Ege Denizi - Saros Körfezi - [12.66 km] Eceabat (Çanakkale)",464367
"10/02/2020 01:43:51",28.2723,40.8255,11.05,0.51,"ML",2.6,"Marmara Denizi - [26.80 km] Silivri (İstanbul)",464289
"09/02/2020 01:37:24",26.0698,40.407,7,0.37,"ML",1.2,"Ege Denizi - [22.68 km] Gökçeada (Çanakkale)",464105
"08/02/2020 18:22:21",28.1935,40.8613,7.5,0.79,"ML",1.6,"Marmara Denizi - [22.99 km] Marmaraereğlisi (Tekirdağ)",464057
"08/02/2020 08:17:11",28.951,40.79,7,0.27,"ML",1.9,"Marmara Denizi - [09.09 km] Adalar (İstanbul)",464003
"05/02/2020 16:24:23",27.7603,40.7663,7.11,0.8,"ML",1.9,"Marmara Denizi - [15.30 km] Marmara (Balıkesir)",463485
"04/02/2020 11:39:24",28.8628,40.6365,7,0.25,"ML",1.1,"Marmara Denizi - [06.87 km] Çınarcık (Yalova)",463125
"04/02/2020 07:22:53",28.9491,40.1045,4.98,0.29,"ML",1.7,"Nilüfer (Bursa)",463071
"03/02/2020 19:52:26",28.2686,40.8233,7,0.58,"ML",2,"Marmara Denizi - [27.06 km] Silivri (İstanbul)",462897
"02/02/2020 21:24:43",27.1168,40.339,7,0.4,"ML",1,"Biga (Çanakkale)",462702
"02/02/2020 03:57:43",28.1978,40.8353,7.03,0.38,"Mw",3.5,"Marmara Denizi - [24.87 km] Marmaraereğlisi (Tekirdağ)",462410
"02/02/2020 03:56:49",28.2153,40.87,7,0.42,"ML",2.1,"Marmara Denizi - [22.35 km] Silivri (İstanbul)",462411
"01/02/2020 22:55:05",28.5996,40.0801,6.73,0.26,"ML",1.5,"Mustafakemalpaşa (Bursa)",462342